request_id,label
c3e28c70,0
0efd25fe,0
5cb7b92d,0
04779249,0
e0ac1767,0
5c62afa7,0
64bbb76c,0
602df698,0
9d440128,0
8683b0a3,0
0558bf78,0
35b0d55b,0
2767bd78,0
13c331ea,0
83cc93dc,0
0d84c9ca,0
92a368cb,0
281f4775,0
bc72dc7e,0
03c32d9a,0
088e6e3b,0
96fa6f59,0
8d601aa7,0
7152ecd7,0
b73e98c5,0
173322e2,0
1c515a5c,0
7ff0360e,0
12de6980,0
dd201e77,0
90b9bbb3,0
119b49bd,0
a04e4a9f,0
380d7019,0
5fe0f5d9,0
f767dd3a,0
d3654629,0
2cc91627,0
1cb31556,0
94c064cc,0
a66ad5e7,0
59b32ef7,0
7d29dcf6,0
3d6bf2a8,0
d8ec0cc0,0
3f30e6f7,0
ba836351,0
31aad165,0
718a8c05,0
13c70961,0
c9941f77,0
ca8f25fa,0
34f3a642,0
b85987d3,0
efc30137,0
bf05c6c1,0
14bbeed8,0
e9e1a98c,0
5d26e5af,0
122addaa,0
e790d7c1,0
4f8e3c2d,0
9fc47ff6,0
46577a44,0
2471b249,0
f3523e53,0
33e67f72,0
b715a407,0
a001ade0,0
ad76e2a6,0
6569bec2,0
e049350d,0
39bda330,0
4c9da90b,0
503bd40d,0
9a36ec77,0
a898e975,0
5ec334e4,0
4753eafe,0
b9b09295,0
e1863455,0
47b8d4d2,0
424fa4a9,0
c3dadfaf,0
13c5e81c,0
b7ef0d1d,0
004b9dc1,0
cace5973,0
c94ff240,0
ae6e1a5f,0
9111756b,0
f9a4dbb0,0
82c81c4d,0
603d9258,0
df64b971,0
f2dfccf3,0
318a7c72,0
467edf6f,0
ec25e4de,0
54597886,0
64f0ac75,0
9de4aeab,0
9fca8802,0
72440dbf,0
dada842e,0
21e13a86,0
3e072b5c,0
5437fd2f,0
f5705b9d,0
8ad4cdef,0
f192a55b,0
1a1146dc,0
75f11f4c,0
58133be8,0
e5584a1e,0
d0c42a49,0
3a81b1c3,0
94806989,0
7f214fc3,0
7a02ee7a,0
efb4785b,0
12b15b17,0
374a1781,0
1289e346,0
3a25dcbd,0
a4a8562a,0
4ee90cf0,0
f1012e65,0
021a2aca,0
b55b827c,0
4301c800,0
51d540e8,0
c7b6c452,0
7e2158f6,0
bab64993,0
8deab391,0
53185196,0
67d761a9,0
dcf4a2ba,0
7fd4636e,0
4aadc76e,0
8bb14880,0
13ac238b,0
680eefb3,0
89958d6f,0
869ba9a5,0
5791619d,0
dda242ac,0
e78fb301,0
6cd9077b,0
6ddc9e63,0
debbf372,0
99725956,0
6616fd3c,0
d7b2f94b,0
905e6ccf,0
c304bdd1,0
47752224,0
eead1222,0
252cb68f,0
30e29be2,0
40c5853d,0
aeb70687,0
7ba25b5b,0
d9279d89,0
753098e6,0
99379412,0
c15730b8,0
1788ea6f,0
c79ef927,0
9e4e52c5,0
f8ffa7e4,0
afd85fc0,0
ee9a044d,0
4158b136,0
622ce495,0
af06a9e9,0
2832b5b7,0
34adc14b,0
ddd0b42c,0
ea084403,0
9cc3f29a,0
d158f30a,0
f8056f92,0
34816c5b,0
9d3dcfb6,0
9f2f8329,0
31bb1a8e,0
f94f6af6,0
77287cc2,0
7964b2fb,0
d8b8311b,0
46a3dab4,0
6b322cb5,0
4f6e9f28,0
8352cd61,0
ac38f110,0
4eca352b,0
d70ed892,0
f36d2630,0
33a300d0,0
8df8202c,0
7d7759cd,0
a91f65be,0
9e16c955,0
9f039f04,0
33de3433,0
1498a598,0
56de4186,0
1eafee7f,0
75f4d133,0
e5f73315,0
aab1827f,0
4a875bef,0
bacd66a7,0
db173949,0
a439d5d0,0
8ddd2b24,0
bd13aac8,0
10a6540d,0
094801ac,0
e68fc93d,0
883eff25,0
cfda6f18,0
66d7379e,0
2602883e,0
93a8a376,0
c1872258,0
2bf1f09f,0
83c531ab,0
f6bd9813,0
ab5e3e30,0
300bac6a,0
e2476c92,0
c1760b65,0
76db6a37,0
c0f4af9c,0
c17c10b7,0
44c27503,0
6a3695f7,0
aadfcc70,0
6844604c,0
34c08477,0
a37122d6,0
63dde4b1,0
0373bb96,0
06106dc3,0
df882da8,0
9828d392,0
b08a8dc5,0
243f9cec,0
45d698d5,0
28eb2c4b,0
e572c1f7,0
a151b917,0
30907666,0
b5ea2e9f,0
a1601540,0
b9c2d6bf,0
58bc811b,0
bea37d25,0
7a4b53ff,0
c93987df,0
e3ebf07f,0
628cd03c,0
65805950,0
40f3369f,0
087d717c,0
857ce5b9,0
e8a1e060,0
4fdc5d28,0
a18f4924,0
198cb1cd,0
4cc398af,0
903a003f,0
4bc65e0d,0
c6b4217a,0
8a65160e,0
31e34342,0
1652ff46,0
c92c08cb,0
8c45c8b0,0
7e38ec47,0
6a5b7740,0
0cf37b7e,0
ecbf9771,0
da9f4cb9,0
33c2b90f,0
1a770908,0
2d2931e7,0
0ff542c2,0
5244aa36,0
6c32fc76,0
95010121,0
148117b5,0
a2e32baf,0
dc19609d,0
6eab1cef,0
619e9251,0
e95b34f0,0
4b128f0b,0
deb2270a,0
80e4fcbc,0
6a76cf98,0
d13076b4,0
c94deb74,0
6dd7099c,0
6e0a22a6,0
83ab44af,0
3c1ddcb0,0
995082fc,0
d2f79b0f,0
199d2bb0,0
8b9b8fc2,0
f6853d5a,0
2807f1b1,0
cf9a3062,0
f80f4afc,0
30f810f1,0
548079a7,0
b48c4455,0
1f616648,0
2c2055fc,0
5cacf44d,0
cf89dafd,0
872798e1,0
0ed4b921,0
62846d9d,0
98db14ff,0
7519aa27,0
87774300,0
ccaa4b2e,0
c81d5de6,0
a946465b,0
10bdae0f,0
813d7ae1,0
d69414dd,0
fc5f891c,0
f97cdbd5,0
0c6d8a71,0
326b4ac6,0
98bf1d0c,0
15d6965b,0
095f8c3b,0
dafef58f,0
710f11fd,0
7ed666df,0
1dc6c693,0
047a2552,0
94760215,0
b66e2fee,0
1a1a0234,0
d60b02a4,0
ca322494,0
24d65079,0
b6d7990d,0
0841203d,0
e66f6760,0
5c5f3e2c,0
313c90b3,0
75de1f48,0
68362ebf,0
abcf67eb,0
1d3824ad,0
076dceb5,0
c9d4fa9a,0
dbe8cf1d,0
f645cd76,0
e4924126,0
48855fe4,0
42fc9f8d,0
3e31a51c,0
f7e3da8c,0
eb37740a,0
4af5caaa,0
7ebc0c33,0
7be430dd,0
20a572e0,0
670a1e94,0
16f1310a,0
d06333ed,0
7f503ec9,0
830cdbdf,0
cb63f924,0
b749d2fa,0
b059a463,0
fdabf3c0,0
53f2523d,0
c625a0f4,0
d99085f7,0
5ef66395,0
59f16d5f,0
f03ee82b,0
80622aab,0
0e53ea25,0
4128686a,0
c111de56,0
01fc650b,0
168beb59,0
c0884abc,0
2366f85b,0
58d8875e,0
e67e2683,0
346b8320,0
3ad8b6d6,0
ff236cea,0
15a2bfc5,0
b7ee1e48,0
4c491ec9,0
424384b4,0
b68365d9,0
3f746a94,0
e874103f,0
3ef69fd6,0
92a9e2cf,0
b36bdaeb,0
3e3da3da,0
9f700f4e,0
ed926ac4,0
d585ede3,0
6fb334ff,0
566a7aa3,0
ff853f05,0
c54c68a2,0
60ac2f9e,0
44b939cb,0
8bb99f99,0
d662ce8f,0
3fd79300,0
b445a98a,0
08dd31db,0
8efc12fe,0
79f20f34,0
659a1ab1,0
e505cc53,0
0dcb2213,0
6112d114,0
e1f24e9f,0
ad070cea,0
45adca77,0
f3d744e5,0
082f2f27,0
1e331a2c,0
8084a9b3,0
8a998e13,0
5850788a,0
d4b80c07,0
87b7242d,0
50a94ba6,0
6166caea,0
ceb3adc3,0
fafebc9b,0
880cb46f,0
086261f4,0
3b1d1cfa,0
a3e3808a,0
4cd03898,0
2e3a4859,0
0ef22b65,0
1dd9e840,0
9efd21f1,0
905812ec,0
0d648259,0
3b78b851,0
94d804d0,0
1e90af8e,0
8534f79c,0
e84de704,0
d1fc123d,0
2bef5118,0
ee0bcc1f,0
3ab461c1,0
b678c36f,0
5051a403,0
ac127716,0
ca07b8fb,0
03cfe1f3,0
43575461,0
5aac4980,0
056feadf,0
eaef3534,0
62281c0a,0
693b8bdb,0
1ad2839c,0
6aff61d5,0
7648b22f,0
bef6ac5f,0
400a648a,0
36e0889f,0
45e062e0,0
31a75943,0
5f7559e2,0
63637b9c,0
b50a56fa,0
2c472738,0
e3b2ef57,0
8c32b715,0
b2c9fbd3,0
757f8074,0
88960b0f,0
fc162d1c,0
692bd2a6,0
8568c22f,0
fa759b0b,0
676943e1,0
e67da9a3,0
5436b08c,0
6114ac02,0
c20cb020,0
a3bc92a9,0
b172988a,0
8047eabf,0
041c49cf,0
1f458f0b,0
94e55abc,0
d0324ab6,0
65dd4faa,0
3e191800,0
68649cc2,0
bb3ff07f,0
706c49d1,0
bde2f86c,0
3c756260,0
9b87436f,0
c7a2dbe4,0
4a3f80e5,0
afa329b3,0
336a00c9,0
db341900,0
313d06e2,0
ea58a5f7,0
e8b36eeb,0
669d5efe,0
926bcb08,0
fb2bd9a7,0
acb4b8c0,0
e30eb5ff,0
449c325d,0
245e4ae9,0
3b67e9af,0
40519d9e,0
bd887888,0
d66aa739,0
62d0d8bb,0
8a28cd0e,0
6f74063f,0
9b0e37c1,0
cc4f3fa7,0
e070f7f2,0
80a49cb9,0
218a5cfe,0
0c06c8f8,0
aac92ad3,0
7bf963d5,0
db0f4c13,0
fe42016f,0
fe3e298d,0
18250521,0
6cde70da,0
4944ddfa,0
b906b6e7,0
32e4222f,0
1c19f921,0
99514aa6,0
ec57fd67,0
678bb0b9,0
00031e02,0
8557864b,0
7025bec2,0
39db0284,0
4001b522,0
c578081c,0
592b213f,0
67d72521,0
bdffab35,0
4eae69a1,0
c382f333,0
ccc46915,0
cf995d23,0
94e5d5c9,0
218be3f9,0
426ae540,0
c462afe1,0
d013e69f,0
8eca4eb5,0
ad602709,0
d6a1729c,0
eb6cbcb9,0
922eacd1,0
dea7428c,0
295fe6b5,0
5ed033d9,0
a776e97b,0
21926a6c,0
e7fbc32f,0
ab35a1a8,0
5108b30d,0
0a79b1c0,0
45ad0e1c,0
945c6517,0
e9a38ee5,0
49910e90,0
66b08905,0
e9233899,0
5272c9df,0
2466a28f,0
e1cbe82f,0
0b8c1356,0
18d0a3e9,0
4ebccb86,0
6e78779e,0
a20d433f,0
8d81c3a0,0
f19cb6a7,0
b7e711e3,0
c5bf28c0,0
1529e486,0
eeb7f9ae,0
3c39737d,0
f9f67eaf,0
1a0ab80e,0
5da9b5df,0
a7c70a1e,0
d0663b57,0
3886a53f,0
bc21fcd6,0
5c7dbbea,0
4f15a220,0
7e2f9a7a,0
3be9790b,0
e130f8ce,0
f79212d2,0
2be255c2,0
4100ec3a,0
d4308966,0
8ff7df38,0
517cb6b1,0
0445c01e,0
de2d2380,0
2e347f4f,0
d6ebcae0,0
e65fd2b2,0
4acce552,0
116f0708,0
4fbe120f,0
c9f4b8a6,0
b8038ec7,0
2e472dcb,0
f4fd0e00,0
551b7054,0
8b68e0d2,0
b220ce13,0
24181fee,0
6407acbf,0
915c7b94,0
8dc8f93d,0
5357ca48,0
0a81aa88,0
360f983b,0
4d7c96ec,0
9515b40d,0
d6e7dc8c,0
cae254f7,0
6f63e786,0
7cbd5f29,0
6a4460d0,0
e476bb82,0
872aab69,0
11e4ae3a,0
9e8437c2,0
d2121e31,0
6c3d0c53,0
66de41f2,0
bd623d52,0
e2e97ae9,0
c6c5cbb2,0
02a0a327,0
d7c87e4a,0
fa8050e6,0
ba697e16,0
6ab812e0,0
e82d827c,0
54730131,0
b018d48f,0
494dcc43,0
874da846,0
61c08ed7,0
9f6ecf1b,0
1cc55fdd,0
f28080f8,0
2db51600,0
0650d528,0
8d420e9e,0
bf1627e7,0
0ba9234a,0
2d618556,0
bd6a7c9d,0
6b3db5da,0
3b4b3ba1,0
ecc3c276,0
9f5011d5,0
e912461e,0
77a61a07,0
521dd8f9,0
6a450021,0
0d8c489e,0
55cca45f,0
2da10a36,0
8c07c061,0
c9fdb191,0
7c75deed,0
544da610,0
d03be854,0
5d795b9d,0
cc2d0932,0
f93b9ae3,0
d871ebc2,0
49574340,0
e14a06cf,0
e019ee74,0
877dda7d,0
98233ce2,0
513d275e,0
00d05aaf,0
a8dbb1ad,0
c05de53f,0
4bd3e727,0
f0380090,0
07acf9c5,0
c4941d95,0
f649dca6,0
a8a6080a,0
5db6565a,0
8461790f,0
9c96345a,0
50232a3d,0
c30ed248,0
e73f241f,0
44c12d95,0
3c493d2e,0
99c09202,0
2de2eb54,0
37aeb598,0
a4096b3e,0
500be3bc,0
e57f6212,0
f36947d4,0
b50da308,0
d660df4d,0
45289091,0
453bc3e3,0
618f6bb7,0
60b21f3d,0
dc10422e,0
512e9855,0
c5f59129,0
f15dfad9,0
7ee58eac,0
a4a150af,0
b3e7ae52,0
c33f8fc4,0
9c68acb5,0
68cfbe75,0
ea5e4dfe,0
2e2bf332,0
6833d12f,0
6fe044ba,0
d5816e14,0
85053f44,0
1ad7918c,0
ff3cc4f2,0
eced8580,0
934daa11,0
2e11492f,0
c1a68a23,0
337743a1,0
98505193,0
5cb05126,0
354c7777,0
8a00beb5,0
15c9e320,0
a5c2fa12,0
19e97896,0
92e6916b,0
f3974957,0
2cb748fb,0
d0bb6d07,0
67976efb,0
b4f6de3f,0
892796a9,0
56edac6f,0
727cc81f,0
8967efd1,0
9c5e3c9e,0
27355c3f,0
82fd634b,0
7fd2ed10,0
21ccd511,0
6e8cef89,0
714ce7e4,0
9b7e847c,0
28faf698,0
dba57519,0
ae97f0b0,0
fc36b65b,0
e5dfc77d,0
0dbd138a,0
9d71bce8,0
968d813f,0
58ecc35d,0
c5f1e5e6,0
c3e893d8,0
c6072364,0
c1e3e738,0
cc79cec6,0
efa77e11,0
7f1542df,0
471b64bd,0
717d8af4,0
3a9a755e,0
f2c5daa0,0
b96a6cd7,0
552356da,0
2535b433,0
1c1fa8c5,0
ea21e5d0,0
d11a80a9,0
b55881bb,0
37e30b59,0
549419cc,0
4904c0cf,0
08a99354,0
e217545d,0
66e780d2,0
e99e7894,0
ed02de8d,0
b4e64ada,0
12148de9,0
20d419d3,0
802181fa,0
a18852b3,0
d1133c2a,0
9c6205b6,0
74d43823,0
899c4003,0
2e43101a,0
6537ac46,0
e70dfcd7,0
6bc8fa28,0
4a722c92,0
b48a4c46,0
ea21e5d0,0
722b9e9b,0
b8975884,0
614e2666,0
549419cc,0
4904c0cf,0
08a99354,0
e217545d,0
4f1a9b68,0
e99e7894,0
ed02de8d,0
b4e64ada,0
12148de9,0
20d419d3,0
802181fa,0
a18852b3,0
d1133c2a,0
9c6205b6,0
dba32088,0
74d43823,0
899c4003,0
2e43101a,0
6537ac46,0
e70dfcd7,0
6bc8fa28,0
4a722c92,0
b48a4c46,0
ea21e5d0,0
a4a22b1a,0
8311df46,0
37e30b59,0
549419cc,0
4904c0cf,0
08a99354,0
e217545d,0
e99e7894,0
ed02de8d,0
b4e64ada,0
12148de9,0
20d419d3,0
802181fa,0
a18852b3,0
d1133c2a,0
9c6205b6,0
74d43823,0
899c4003,0
2e43101a,0
6537ac46,0
e70dfcd7,0
6bc8fa28,0
4a722c92,0
b48a4c46,0
ea21e5d0,0
7369d28e,0
c2564879,0
37e30b59,0
549419cc,0
4904c0cf,0
08a99354,0
3269b0c5,0
e217545d,0
0dd1918b,0
e99e7894,0
ed02de8d,0
b4e64ada,0
12148de9,0
20d419d3,0
802181fa,0
a18852b3,0
d1133c2a,0
9c6205b6,0
74d43823,0
899c4003,0
2e43101a,0
6537ac46,0
e70dfcd7,0
6bc8fa28,0
4a722c92,0
b48a4c46,0
ea21e5d0,0
679e5d89,0
7c32cdaf,0
614e2666,0
549419cc,0
4904c0cf,0
08a99354,0
35f24446,0
e217545d,0
e99e7894,0
ed02de8d,0
b4e64ada,0
12148de9,0
20d419d3,0
802181fa,0
a18852b3,0
d1133c2a,0
9c6205b6,0
74d43823,0
899c4003,0
2e43101a,0
6537ac46,0
e70dfcd7,0
6bc8fa28,0
4a722c92,0
b48a4c46,0
ea21e5d0,0
9441126d,0
feb4ed25,0
614e2666,0
549419cc,0
4904c0cf,0
08a99354,0
1c7b3f60,0
e217545d,0
9b9c5f09,0
e99e7894,0
ed02de8d,0
b4e64ada,0
12148de9,0
20d419d3,0
802181fa,0
a18852b3,0
d1133c2a,0
9c6205b6,0
60312914,0
74d43823,0
899c4003,0
2e43101a,0
6537ac46,0
e70dfcd7,0
6bc8fa28,0
4a722c92,0
b48a4c46,0
ea21e5d0,0
c79c46bf,0
683a7abb,0
37e30b59,0
549419cc,0
4904c0cf,0
08a99354,0
ab8ff12c,0
e217545d,0
c0ab5406,0
e99e7894,0
ed02de8d,0
b4e64ada,0
12148de9,0
20d419d3,0
802181fa,0
a18852b3,0
d1133c2a,0
9c6205b6,0
74d43823,0
899c4003,0
2e43101a,0
6537ac46,0
e70dfcd7,0
6bc8fa28,0
4a722c92,0
b48a4c46,0
ea21e5d0,0
cb0abff9,0
251638e8,0
614e2666,0
549419cc,0
4904c0cf,0
08a99354,0
c888c042,0
e217545d,0
4e8723e3,0
e99e7894,0
ed02de8d,0
b4e64ada,0
12148de9,0
20d419d3,0
802181fa,0
a18852b3,0
d1133c2a,0
9c6205b6,0
55fde368,0
74d43823,0
899c4003,0
2e43101a,0
6537ac46,0
e70dfcd7,0
6bc8fa28,0
4a722c92,0
b48a4c46,0
ea21e5d0,0
2bad1641,0
e21a4a18,0
614e2666,0
549419cc,0
4904c0cf,0
08a99354,0
880b22e0,0
e217545d,0
59653078,0
e99e7894,0
ed02de8d,0
b4e64ada,0
12148de9,0
20d419d3,0
802181fa,0
a18852b3,0
d1133c2a,0
9c6205b6,0
f57a11f5,0
74d43823,0
899c4003,0
2e43101a,0
6537ac46,0
e70dfcd7,0
6bc8fa28,0
4a722c92,0
b48a4c46,0
ea21e5d0,0
c7a7fa36,0
0ea9cc33,0
614e2666,0
549419cc,0
4904c0cf,0
08a99354,0
83eaa6f0,0
e217545d,0
1485526a,0
e99e7894,0
ed02de8d,0
b4e64ada,0
12148de9,0
20d419d3,0
802181fa,0
a18852b3,0
d1133c2a,0
9c6205b6,0
74d43823,0
899c4003,0
2e43101a,0
6537ac46,0
e70dfcd7,0
6bc8fa28,0
4a722c92,0
b48a4c46,0
ea21e5d0,0
a2b9bd9a,0
614e2666,0
549419cc,0
4904c0cf,0
08a99354,0
e217545d,0
1c4679dc,0
e99e7894,0
ed02de8d,0
b4e64ada,0
12148de9,0
20d419d3,0
802181fa,0
a18852b3,0
d1133c2a,0
9c6205b6,0
74d43823,0
899c4003,0
2e43101a,0
6537ac46,0
e70dfcd7,0
6bc8fa28,0
4a722c92,0
b48a4c46,0
ea21e5d0,0
056e9a39,0
95bf4e7f,0
614e2666,0
549419cc,0
4904c0cf,0
08a99354,0
dcc3ee8f,0
e217545d,0
aaa34861,0
e99e7894,0
ed02de8d,0
b4e64ada,0
12148de9,0
20d419d3,0
802181fa,0
a18852b3,0
d1133c2a,0
9c6205b6,0
db012360,0
74d43823,0
899c4003,0
2e43101a,0
6537ac46,0
e70dfcd7,0
6bc8fa28,0
4a722c92,0
b48a4c46,0
ea21e5d0,0
63cfd065,0
1cdcbdd3,0
614e2666,0
549419cc,0
4904c0cf,0
08a99354,0
9fc19f46,0
e217545d,0
5eb09d04,0
e99e7894,0
ed02de8d,0
b4e64ada,0
12148de9,0
20d419d3,0
802181fa,0
a18852b3,0
d1133c2a,0
9c6205b6,0
9ed55421,0
74d43823,0
899c4003,0
2e43101a,0
6537ac46,0
e70dfcd7,0
6bc8fa28,0
4a722c92,0
b48a4c46,0
ea21e5d0,0
043f1556,0
9f22fb59,0
37e30b59,0
549419cc,0
4904c0cf,0
08a99354,0
3f7f9e61,0
e217545d,0
23c01631,0
e99e7894,0
ed02de8d,0
b4e64ada,0
12148de9,0
20d419d3,0
802181fa,0
a18852b3,0
d1133c2a,0
9c6205b6,0
92536292,0
74d43823,0
899c4003,0
2e43101a,0
6537ac46,0
e70dfcd7,0
6bc8fa28,0
4a722c92,0
b48a4c46,0
ea21e5d0,0
3cf2ea97,0
ad22d295,0
37e30b59,0
549419cc,0
4904c0cf,0
08a99354,0
a74cb23c,0
e217545d,0
ebaca12c,0
e99e7894,0
ed02de8d,0
b4e64ada,0
12148de9,0
20d419d3,0
802181fa,0
a18852b3,0
d1133c2a,0
9c6205b6,0
74d43823,0
899c4003,0
2e43101a,0
6537ac46,0
e70dfcd7,0
6bc8fa28,0
4a722c92,0
b48a4c46,0
ea21e5d0,0
44e9ebbc,0
5c38e87f,0
614e2666,0
549419cc,0
4904c0cf,0
08a99354,0
de1c513e,0
e217545d,0
e99e7894,0
ed02de8d,0
b4e64ada,0
12148de9,0
20d419d3,0
802181fa,0
a18852b3,0
d1133c2a,0
9c6205b6,0
75af300a,0
74d43823,0
899c4003,0
2e43101a,0
6537ac46,0
e70dfcd7,0
6bc8fa28,0
4a722c92,0
b48a4c46,0
ea21e5d0,0
6abfec1f,0
b3b0ab2a,0
614e2666,0
549419cc,0
4904c0cf,0
08a99354,0
e217545d,0
e99e7894,0
ed02de8d,0
b4e64ada,0
12148de9,0
20d419d3,0
802181fa,0
a18852b3,0
d1133c2a,0
9c6205b6,0
1cd80243,0
74d43823,0
899c4003,0
2e43101a,0
6537ac46,0
e70dfcd7,0
6bc8fa28,0
4a722c92,0
b48a4c46,0
ea21e5d0,0
c66d8df0,0
2ae06010,0
37e30b59,0
549419cc,0
4904c0cf,0
08a99354,0
e217545d,0
e99e7894,0
ed02de8d,0
b4e64ada,0
12148de9,0
20d419d3,0
802181fa,0
a18852b3,0
d1133c2a,0
9c6205b6,0
74d43823,0
899c4003,0
2e43101a,0
6537ac46,0
e70dfcd7,0
6bc8fa28,0
4a722c92,0
b48a4c46,0
ea21e5d0,0
791c7ba2,0
33e08e9d,0
614e2666,0
549419cc,0
4904c0cf,0
08a99354,0
e217545d,0
db85be0c,0
e99e7894,0
ed02de8d,0
b4e64ada,0
12148de9,0
20d419d3,0
802181fa,0
a18852b3,0
d1133c2a,0
9c6205b6,0
4f09240c,0
74d43823,0
899c4003,0
2e43101a,0
6537ac46,0
e70dfcd7,0
6bc8fa28,0
4a722c92,0
b48a4c46,0
ea21e5d0,0
96cf8c0b,0
c9e096d4,0
37e30b59,0
549419cc,0
4904c0cf,0
08a99354,0
7f654939,0
e217545d,0
1b8eb6cc,0
e99e7894,0
ed02de8d,0
b4e64ada,0
12148de9,0
20d419d3,0
802181fa,0
a18852b3,0
d1133c2a,0
9c6205b6,0
4d18030e,0
74d43823,0
899c4003,0
2e43101a,0
6537ac46,0
e70dfcd7,0
6bc8fa28,0
4a722c92,0
b48a4c46,0
ea21e5d0,0
c76840b3,0
c60b2910,0
614e2666,0
549419cc,0
4904c0cf,0
08a99354,0
e217545d,0
df8782ff,0
e99e7894,0
ed02de8d,0
b4e64ada,0
12148de9,0
20d419d3,0
802181fa,0
a18852b3,0
d1133c2a,0
9c6205b6,0
06249667,0
74d43823,0
899c4003,0
2e43101a,0
6537ac46,0
e70dfcd7,0
6bc8fa28,0
4a722c92,0
b48a4c46,0
ea21e5d0,0
3dd740d9,0
03c38f51,0
614e2666,0
549419cc,0
4904c0cf,0
08a99354,0
e217545d,0
e99e7894,0
ed02de8d,0
b4e64ada,0
12148de9,0
20d419d3,0
802181fa,0
a18852b3,0
d1133c2a,0
9c6205b6,0
2db04b28,0
74d43823,0
899c4003,0
2e43101a,0
6537ac46,0
e70dfcd7,0
6bc8fa28,0
4a722c92,0
b48a4c46,0
ea21e5d0,0
a351b536,0
18104328,0
614e2666,0
549419cc,0
4904c0cf,0
08a99354,0
e217545d,0
e99e7894,0
ed02de8d,0
b4e64ada,0
12148de9,0
20d419d3,0
802181fa,0
a18852b3,0
d1133c2a,0
9c6205b6,0
8fa4efa8,0
74d43823,0
899c4003,0
2e43101a,0
6537ac46,0
e70dfcd7,0
6bc8fa28,0
4a722c92,0
b48a4c46,0
ea21e5d0,0
584de57d,0
37e30b59,0
549419cc,0
4904c0cf,0
08a99354,0
e217545d,0
b2ce6ae7,0
e99e7894,0
ed02de8d,0
b4e64ada,0
12148de9,0
20d419d3,0
802181fa,0
a18852b3,0
d1133c2a,0
9c6205b6,0
74d43823,0
899c4003,0
2e43101a,0
6537ac46,0
e70dfcd7,0
6bc8fa28,0
4a722c92,0
b48a4c46,0
ea21e5d0,0
5a2fc726,0
907181a5,0
37e30b59,0
549419cc,0
4904c0cf,0
08a99354,0
b945d279,0
e217545d,0
53af1a4b,0
e99e7894,0
ed02de8d,0
b4e64ada,0
12148de9,0
20d419d3,0
802181fa,0
a18852b3,0
d1133c2a,0
9c6205b6,0
69e17eb8,0
74d43823,0
899c4003,0
2e43101a,0
6537ac46,0
e70dfcd7,0
6bc8fa28,0
4a722c92,0
b48a4c46,0
ea21e5d0,0
2d63c5f2,0
a8b32461,0
37e30b59,0
549419cc,0
4904c0cf,0
08a99354,0
e217545d,0
d3d91ef5,0
e99e7894,0
ed02de8d,0
b4e64ada,0
12148de9,0
20d419d3,0
802181fa,0
a18852b3,0
d1133c2a,0
9c6205b6,0
74d43823,0
899c4003,0
2e43101a,0
6537ac46,0
e70dfcd7,0
6bc8fa28,0
4a722c92,0
b48a4c46,0
ea21e5d0,0
5621820c,0
0cc0fe9f,0
37e30b59,0
549419cc,0
4904c0cf,0
08a99354,0
57b122ad,0
e217545d,0
e99e7894,0
ed02de8d,0
b4e64ada,0
12148de9,0
20d419d3,0
802181fa,0
a18852b3,0
d1133c2a,0
9c6205b6,0
cd1b783b,0
74d43823,0
899c4003,0
2e43101a,0
6537ac46,0
e70dfcd7,0
6bc8fa28,0
4a722c92,0
b48a4c46,0
ea21e5d0,0
423220e0,0
f72a1dfb,0
614e2666,0
549419cc,0
4904c0cf,0
08a99354,0
e217545d,0
e99e7894,0
ed02de8d,0
b4e64ada,0
12148de9,0
20d419d3,0
802181fa,0
a18852b3,0
d1133c2a,0
9c6205b6,0
079708e2,0
74d43823,0
899c4003,0
2e43101a,0
6537ac46,0
e70dfcd7,0
6bc8fa28,0
4a722c92,0
b48a4c46,0
ea21e5d0,0
f1b61a86,0
f43d2aa9,0
37e30b59,0
549419cc,0
4904c0cf,0
08a99354,0
ed109835,0
e217545d,0
e99e7894,0
ed02de8d,0
b4e64ada,0
12148de9,0
20d419d3,0
802181fa,0
a18852b3,0
d1133c2a,0
9c6205b6,0
74d43823,0
899c4003,0
2e43101a,0
6537ac46,0
e70dfcd7,0
6bc8fa28,0
4a722c92,0
b48a4c46,0
ea21e5d0,0
742941f1,0
619ca265,0
614e2666,0
549419cc,0
4904c0cf,0
08a99354,0
e4d46d73,0
e217545d,0
0e9b20e0,0
e99e7894,0
ed02de8d,0
b4e64ada,0
12148de9,0
20d419d3,0
802181fa,0
a18852b3,0
d1133c2a,0
9c6205b6,0
bcfc5b87,0
74d43823,0
899c4003,0
2e43101a,0
6537ac46,0
e70dfcd7,0
6bc8fa28,0
4a722c92,0
b48a4c46,0
ea21e5d0,0
80a71ec7,0
dc0a45ac,0
614e2666,0
549419cc,0
4904c0cf,0
08a99354,0
0088e86e,0
e217545d,0
641b0cbc,0
e99e7894,0
ed02de8d,0
b4e64ada,0
12148de9,0
20d419d3,0
802181fa,0
a18852b3,0
d1133c2a,0
9c6205b6,0
74d43823,0
899c4003,0
2e43101a,0
6537ac46,0
e70dfcd7,0
6bc8fa28,0
4a722c92,0
b48a4c46,0
ea21e5d0,0
bd9f93ab,0
31ceae42,0
37e30b59,0
549419cc,0
4904c0cf,0
08a99354,0
e217545d,0
e99e7894,0
ed02de8d,0
b4e64ada,0
12148de9,0
20d419d3,0
802181fa,0
a18852b3,0
d1133c2a,0
9c6205b6,0
74d43823,0
899c4003,0
2e43101a,0
6537ac46,0
e70dfcd7,0
6bc8fa28,0
4a722c92,0
b48a4c46,0
ea21e5d0,0
74f879f5,0
fc8393b3,0
37e30b59,0
549419cc,0
4904c0cf,0
08a99354,0
e217545d,0
465e965c,0
e99e7894,0
ed02de8d,0
b4e64ada,0
12148de9,0
20d419d3,0
802181fa,0
a18852b3,0
d1133c2a,0
9c6205b6,0
439bc258,0
74d43823,0
899c4003,0
2e43101a,0
6537ac46,0
e70dfcd7,0
6bc8fa28,0
4a722c92,0
b48a4c46,0
ea21e5d0,0
1bfb242e,0
1c8602a4,0
614e2666,0
549419cc,0
4904c0cf,0
08a99354,0
df3bbebb,0
e217545d,0
02f53c60,0
e99e7894,0
ed02de8d,0
b4e64ada,0
12148de9,0
20d419d3,0
802181fa,0
a18852b3,0
d1133c2a,0
9c6205b6,0
4685664e,0
74d43823,0
899c4003,0
2e43101a,0
6537ac46,0
e70dfcd7,0
6bc8fa28,0
4a722c92,0
b48a4c46,0
ea21e5d0,0
080b71f7,0
aa1dc204,0
37e30b59,0
549419cc,0
4904c0cf,0
08a99354,0
e217545d,0
041869f7,0
e99e7894,0
ed02de8d,0
b4e64ada,0
12148de9,0
20d419d3,0
802181fa,0
a18852b3,0
d1133c2a,0
9c6205b6,0
74d43823,0
899c4003,0
2e43101a,0
6537ac46,0
e70dfcd7,0
6bc8fa28,0
4a722c92,0
b48a4c46,0
ea21e5d0,0
9a29a283,0
081dfc8a,0
614e2666,0
549419cc,0
4904c0cf,0
08a99354,0
e217545d,0
e99e7894,0
ed02de8d,0
b4e64ada,0
12148de9,0
20d419d3,0
802181fa,0
a18852b3,0
d1133c2a,0
9c6205b6,0
74d43823,0
899c4003,0
2e43101a,0
6537ac46,0
e70dfcd7,0
6bc8fa28,0
4a722c92,0
b48a4c46,0
ea21e5d0,0
4fc93a17,0
ad27c939,0
614e2666,0
549419cc,0
4904c0cf,0
08a99354,0
afc5c52b,0
e217545d,0
860ec29b,0
e99e7894,0
ed02de8d,0
b4e64ada,0
12148de9,0
20d419d3,0
802181fa,0
a18852b3,0
d1133c2a,0
9c6205b6,0
74d43823,0
899c4003,0
2e43101a,0
6537ac46,0
e70dfcd7,0
6bc8fa28,0
4a722c92,0
b48a4c46,0
ea21e5d0,0
6d3dbe74,0
48f57bd3,0
614e2666,0
549419cc,0
4904c0cf,0
08a99354,0
5e0eb938,0
e217545d,0
e99e7894,0
ed02de8d,0
b4e64ada,0
12148de9,0
20d419d3,0
802181fa,0
a18852b3,0
d1133c2a,0
9c6205b6,0
74d43823,0
899c4003,0
2e43101a,0
6537ac46,0
e70dfcd7,0
6bc8fa28,0
4a722c92,0
b48a4c46,0
ea21e5d0,0
95e655a1,0
b4527d92,0
37e30b59,0
549419cc,0
4904c0cf,0
08a99354,0
e217545d,0
c00ea2c9,0
e99e7894,0
ed02de8d,0
b4e64ada,0
12148de9,0
20d419d3,0
802181fa,0
a18852b3,0
d1133c2a,0
9c6205b6,0
74d43823,0
899c4003,0
2e43101a,0
6537ac46,0
e70dfcd7,0
6bc8fa28,0
4a722c92,0
b48a4c46,0
ea21e5d0,0
0c9c7052,0
00641d2d,0
37e30b59,0
549419cc,0
4904c0cf,0
08a99354,0
e217545d,0
e99e7894,0
ed02de8d,0
b4e64ada,0
12148de9,0
20d419d3,0
802181fa,0
a18852b3,0
d1133c2a,0
9c6205b6,0
1637afb9,0
74d43823,0
899c4003,0
2e43101a,0
6537ac46,0
e70dfcd7,0
6bc8fa28,0
4a722c92,0
b48a4c46,0
ea21e5d0,0
2303d4b8,0
a6ef8b9e,0
614e2666,0
549419cc,0
4904c0cf,0
08a99354,0
fee0bf93,0
e217545d,0
e99e7894,0
ed02de8d,0
b4e64ada,0
12148de9,0
20d419d3,0
802181fa,0
a18852b3,0
d1133c2a,0
9c6205b6,0
b7edb1b4,0
74d43823,0
899c4003,0
2e43101a,0
6537ac46,0
e70dfcd7,0
6bc8fa28,0
4a722c92,0
b48a4c46,0
ea21e5d0,0
b554cebf,0
2a67fd33,0
37e30b59,0
549419cc,0
4904c0cf,0
08a99354,0
e217545d,0
e99e7894,0
ed02de8d,0
b4e64ada,0
12148de9,0
20d419d3,0
802181fa,0
a18852b3,0
d1133c2a,0
9c6205b6,0
3d4781d0,0
74d43823,0
899c4003,0
2e43101a,0
6537ac46,0
e70dfcd7,0
6bc8fa28,0
4a722c92,0
b48a4c46,0
ea21e5d0,0
04abaf2f,0
cd7875dd,0
614e2666,0
549419cc,0
4904c0cf,0
08a99354,0
1591468f,0
e217545d,0
e99e7894,0
ed02de8d,0
b4e64ada,0
12148de9,0
20d419d3,0
802181fa,0
a18852b3,0
d1133c2a,0
9c6205b6,0
74d43823,0
899c4003,0
2e43101a,0
6537ac46,0
e70dfcd7,0
6bc8fa28,0
4a722c92,0
b48a4c46,0
ea21e5d0,0
459c79db,0
84b03146,0
37e30b59,0
549419cc,0
4904c0cf,0
08a99354,0
e217545d,0
fe776150,0
e99e7894,0
ed02de8d,0
b4e64ada,0
12148de9,0
20d419d3,0
802181fa,0
a18852b3,0
d1133c2a,0
9c6205b6,0
e884ae12,0
74d43823,0
899c4003,0
2e43101a,0
6537ac46,0
e70dfcd7,0
6bc8fa28,0
4a722c92,0
b48a4c46,0
ea21e5d0,0
a525a2f6,0
9695ad46,0
614e2666,0
549419cc,0
4904c0cf,0
08a99354,0
deef2e6d,0
e217545d,0
e99e7894,0
ed02de8d,0
b4e64ada,0
12148de9,0
20d419d3,0
802181fa,0
a18852b3,0
d1133c2a,0
9c6205b6,0
a9a82bfe,0
74d43823,0
899c4003,0
2e43101a,0
6537ac46,0
e70dfcd7,0
6bc8fa28,0
4a722c92,0
b48a4c46,0
ea21e5d0,0
85d551e7,0
54f0dfa8,0
37e30b59,0
549419cc,0
4904c0cf,0
08a99354,0
e217545d,0
36f75a3b,0
e99e7894,0
ed02de8d,0
b4e64ada,0
12148de9,0
20d419d3,0
802181fa,0
a18852b3,0
d1133c2a,0
9c6205b6,0
93051f95,0
74d43823,0
899c4003,0
2e43101a,0
6537ac46,0
e70dfcd7,0
6bc8fa28,0
4a722c92,0
b48a4c46,0
ea21e5d0,0
501b893e,0
8113f2e9,0
614e2666,0
549419cc,0
4904c0cf,0
08a99354,0
79eac1a8,0
e217545d,0
7b30d045,0
e99e7894,0
ed02de8d,0
b4e64ada,0
12148de9,0
20d419d3,0
802181fa,0
a18852b3,0
d1133c2a,0
9c6205b6,0
74d43823,0
899c4003,0
2e43101a,0
6537ac46,0
e70dfcd7,0
6bc8fa28,0
4a722c92,0
b48a4c46,0
ea21e5d0,0
8588e3d3,0
79693f4a,0
37e30b59,0
549419cc,0
4904c0cf,0
08a99354,0
bb2e6f00,0
e217545d,0
7ea83517,0
e99e7894,0
ed02de8d,0
b4e64ada,0
12148de9,0
20d419d3,0
802181fa,0
a18852b3,0
d1133c2a,0
9c6205b6,0
5247eb09,0
74d43823,0
899c4003,0
2e43101a,0
6537ac46,0
e70dfcd7,0
6bc8fa28,0
4a722c92,0
b48a4c46,0
ea21e5d0,0
c7b0a1ae,0
e61652a6,0
37e30b59,0
549419cc,0
4904c0cf,0
08a99354,0
e217545d,0
ed93050d,0
e99e7894,0
ed02de8d,0
b4e64ada,0
12148de9,0
20d419d3,0
802181fa,0
a18852b3,0
d1133c2a,0
9c6205b6,0
f02de3d2,0
74d43823,0
899c4003,0
2e43101a,0
6537ac46,0
e70dfcd7,0
6bc8fa28,0
4a722c92,0
b48a4c46,0
ea21e5d0,0
c3a727c8,0
2de88b94,0
614e2666,0
549419cc,0
4904c0cf,0
08a99354,0
e217545d,0
807f305d,0
e99e7894,0
ed02de8d,0
b4e64ada,0
12148de9,0
20d419d3,0
802181fa,0
a18852b3,0
d1133c2a,0
9c6205b6,0
74d43823,0
899c4003,0
2e43101a,0
6537ac46,0
e70dfcd7,0
6bc8fa28,0
4a722c92,0
b48a4c46,0
ea21e5d0,0
d4e4e48d,0
79191cd9,0
614e2666,0
549419cc,0
4904c0cf,0
08a99354,0
e217545d,0
e99e7894,0
ed02de8d,0
b4e64ada,0
12148de9,0
20d419d3,0
802181fa,0
a18852b3,0
d1133c2a,0
9c6205b6,0
9a669ffe,0
74d43823,0
899c4003,0
2e43101a,0
6537ac46,0
e70dfcd7,0
6bc8fa28,0
4a722c92,0
b48a4c46,0
ea21e5d0,0
d7135ef2,0
fed62ec6,0
614e2666,0
549419cc,0
4904c0cf,0
08a99354,0
529fd6fb,0
e217545d,0
e99e7894,0
ed02de8d,0
b4e64ada,0
12148de9,0
20d419d3,0
802181fa,0
a18852b3,0
d1133c2a,0
9c6205b6,0
c0b24b39,0
74d43823,0
899c4003,0
2e43101a,0
6537ac46,0
e70dfcd7,0
6bc8fa28,0
4a722c92,0
b48a4c46,0
ea21e5d0,0
11a66075,0
243ba332,0
37e30b59,0
549419cc,0
4904c0cf,0
08a99354,0
0efd9e84,0
e217545d,0
5469dfac,0
e99e7894,0
ed02de8d,0
b4e64ada,0
12148de9,0
20d419d3,0
802181fa,0
a18852b3,0
d1133c2a,0
9c6205b6,0
cd04c929,0
74d43823,0
899c4003,0
2e43101a,0
6537ac46,0
e70dfcd7,0
6bc8fa28,0
4a722c92,0
b48a4c46,0
ea21e5d0,0
e93a08b5,0
0bc71ba6,0
614e2666,0
549419cc,0
4904c0cf,0
08a99354,0
e217545d,0
cec68cd4,0
e99e7894,0
ed02de8d,0
b4e64ada,0
12148de9,0
20d419d3,0
802181fa,0
a18852b3,0
d1133c2a,0
9c6205b6,0
74d43823,0
899c4003,0
2e43101a,0
6537ac46,0
e70dfcd7,0
6bc8fa28,0
4a722c92,0
b48a4c46,0
ea21e5d0,0
af43b25b,0
e812c9ea,0
37e30b59,0
549419cc,0
4904c0cf,0
08a99354,0
00c36311,0
e217545d,0
b431b93e,0
e99e7894,0
ed02de8d,0
b4e64ada,0
12148de9,0
20d419d3,0
802181fa,0
a18852b3,0
d1133c2a,0
9c6205b6,0
e74c8f0c,0
74d43823,0
899c4003,0
2e43101a,0
6537ac46,0
e70dfcd7,0
6bc8fa28,0
4a722c92,0
b48a4c46,0
ea21e5d0,0
6f15baeb,0
cef4dfdc,0
37e30b59,0
549419cc,0
4904c0cf,0
08a99354,0
fdaecee9,0
e217545d,0
e99e7894,0
ed02de8d,0
b4e64ada,0
12148de9,0
20d419d3,0
802181fa,0
a18852b3,0
d1133c2a,0
9c6205b6,0
4c50058a,0
74d43823,0
899c4003,0
2e43101a,0
6537ac46,0
e70dfcd7,0
6bc8fa28,0
4a722c92,0
b48a4c46,0
ea21e5d0,0
ea154639,0
654f0086,0
37e30b59,0
549419cc,0
4904c0cf,0
08a99354,0
e217545d,0
e99e7894,0
ed02de8d,0
b4e64ada,0
12148de9,0
20d419d3,0
802181fa,0
a18852b3,0
d1133c2a,0
9c6205b6,0
5773d52c,0
74d43823,0
899c4003,0
2e43101a,0
6537ac46,0
e70dfcd7,0
6bc8fa28,0
4a722c92,0
b48a4c46,0
ea21e5d0,0
8ba04472,0
ac424c51,0
614e2666,0
549419cc,0
4904c0cf,0
08a99354,0
288d0add,0
e217545d,0
fe0f9ca6,0
e99e7894,0
ed02de8d,0
b4e64ada,0
12148de9,0
20d419d3,0
802181fa,0
a18852b3,0
d1133c2a,0
9c6205b6,0
223f859b,0
74d43823,0
899c4003,0
2e43101a,0
6537ac46,0
e70dfcd7,0
6bc8fa28,0
4a722c92,0
b48a4c46,0
ea21e5d0,0
2dad8077,0
2cd484d9,0
614e2666,0
549419cc,0
4904c0cf,0
08a99354,0
fce42278,0
e217545d,0
db423258,0
e99e7894,0
ed02de8d,0
b4e64ada,0
12148de9,0
20d419d3,0
802181fa,0
a18852b3,0
d1133c2a,0
9c6205b6,0
9d5824fd,0
74d43823,0
899c4003,0
2e43101a,0
6537ac46,0
e70dfcd7,0
6bc8fa28,0
4a722c92,0
b48a4c46,0
ea21e5d0,0
56244780,0
40a90554,0
37e30b59,0
549419cc,0
4904c0cf,0
08a99354,0
7bc04d91,0
e217545d,0
e99e7894,0
ed02de8d,0
b4e64ada,0
12148de9,0
20d419d3,0
802181fa,0
a18852b3,0
d1133c2a,0
9c6205b6,0
74d43823,0
899c4003,0
2e43101a,0
6537ac46,0
e70dfcd7,0
6bc8fa28,0
4a722c92,0
b48a4c46,0
ea21e5d0,0
867afaa1,0
445025de,0
614e2666,0
549419cc,0
4904c0cf,0
08a99354,0
e217545d,0
e99e7894,0
ed02de8d,0
b4e64ada,0
12148de9,0
20d419d3,0
802181fa,0
a18852b3,0
d1133c2a,0
9c6205b6,0
74d43823,0
899c4003,0
2e43101a,0
6537ac46,0
e70dfcd7,0
6bc8fa28,0
4a722c92,0
b48a4c46,0
ea21e5d0,0
c2d26bf9,0
6d6b34be,0
614e2666,0
549419cc,0
4904c0cf,0
08a99354,0
e683d031,0
e217545d,0
167b55bc,0
e99e7894,0
ed02de8d,0
b4e64ada,0
12148de9,0
20d419d3,0
802181fa,0
a18852b3,0
d1133c2a,0
9c6205b6,0
74d43823,0
899c4003,0
2e43101a,0
6537ac46,0
e70dfcd7,0
6bc8fa28,0
4a722c92,0
b48a4c46,0
ea21e5d0,0
6d030eef,0
9213e844,0
37e30b59,0
549419cc,0
4904c0cf,0
08a99354,0
13c973a7,0
e217545d,0
e99e7894,0
ed02de8d,0
b4e64ada,0
12148de9,0
20d419d3,0
802181fa,0
a18852b3,0
d1133c2a,0
9c6205b6,0
74d43823,0
899c4003,0
2e43101a,0
6537ac46,0
e70dfcd7,0
6bc8fa28,0
4a722c92,0
b48a4c46,0
ea21e5d0,0
505d0ff4,0
e185a02d,0
614e2666,0
549419cc,0
4904c0cf,0
08a99354,0
74b890eb,0
e217545d,0
e99e7894,0
ed02de8d,0
b4e64ada,0
12148de9,0
20d419d3,0
802181fa,0
a18852b3,0
d1133c2a,0
9c6205b6,0
c3f3ca45,0
74d43823,0
899c4003,0
2e43101a,0
6537ac46,0
e70dfcd7,0
6bc8fa28,0
4a722c92,0
b48a4c46,0
ea21e5d0,0
afb365b2,0
37e30b59,0
549419cc,0
4904c0cf,0
08a99354,0
e217545d,0
e99e7894,0
ed02de8d,0
b4e64ada,0
12148de9,0
20d419d3,0
802181fa,0
a18852b3,0
d1133c2a,0
9c6205b6,0
74d43823,0
899c4003,0
2e43101a,0
6537ac46,0
e70dfcd7,0
6bc8fa28,0
4a722c92,0
b48a4c46,0
ea21e5d0,0
13511f2c,0
77097061,0
37e30b59,0
549419cc,0
4904c0cf,0
08a99354,0
e217545d,0
e99e7894,0
ed02de8d,0
b4e64ada,0
12148de9,0
20d419d3,0
802181fa,0
a18852b3,0
d1133c2a,0
9c6205b6,0
2a3c3c28,0
74d43823,0
899c4003,0
2e43101a,0
6537ac46,0
e70dfcd7,0
6bc8fa28,0
4a722c92,0
b48a4c46,0
ea21e5d0,0
530a6bec,0
e02dbd62,0
37e30b59,0
549419cc,0
4904c0cf,0
08a99354,0
0eab01c8,0
e217545d,0
e99e7894,0
ed02de8d,0
b4e64ada,0
12148de9,0
20d419d3,0
802181fa,0
a18852b3,0
d1133c2a,0
9c6205b6,0
47429722,0
74d43823,0
899c4003,0
2e43101a,0
6537ac46,0
e70dfcd7,0
6bc8fa28,0
4a722c92,0
b48a4c46,0
ea21e5d0,0
5a2c85a8,0
b732a50e,0
614e2666,0
549419cc,0
4904c0cf,0
08a99354,0
e217545d,0
a71ff4b7,0
e99e7894,0
ed02de8d,0
b4e64ada,0
12148de9,0
20d419d3,0
802181fa,0
a18852b3,0
d1133c2a,0
9c6205b6,0
17d96e62,0
74d43823,0
899c4003,0
2e43101a,0
6537ac46,0
e70dfcd7,0
6bc8fa28,0
4a722c92,0
b48a4c46,0
ea21e5d0,0
3c788e58,0
09799d9f,0
614e2666,0
549419cc,0
4904c0cf,0
08a99354,0
b842780b,0
e217545d,0
e99e7894,0
ed02de8d,0
b4e64ada,0
12148de9,0
20d419d3,0
802181fa,0
a18852b3,0
d1133c2a,0
9c6205b6,0
c753b7db,0
74d43823,0
899c4003,0
2e43101a,0
6537ac46,0
e70dfcd7,0
6bc8fa28,0
4a722c92,0
b48a4c46,0
ea21e5d0,0
6e6bbabb,0
19eb8338,0
37e30b59,0
549419cc,0
4904c0cf,0
08a99354,0
e217545d,0
ef2e8a75,0
e99e7894,0
ed02de8d,0
b4e64ada,0
12148de9,0
20d419d3,0
802181fa,0
a18852b3,0
d1133c2a,0
9c6205b6,0
74d43823,0
899c4003,0
2e43101a,0
6537ac46,0
e70dfcd7,0
6bc8fa28,0
4a722c92,0
b48a4c46,0
ea21e5d0,0
fa52c3f4,0
1657f3d9,0
614e2666,0
549419cc,0
4904c0cf,0
08a99354,0
e217545d,0
7dcde620,0
e99e7894,0
ed02de8d,0
b4e64ada,0
12148de9,0
20d419d3,0
802181fa,0
a18852b3,0
d1133c2a,0
9c6205b6,0
74d43823,0
899c4003,0
2e43101a,0
6537ac46,0
e70dfcd7,0
6bc8fa28,0
4a722c92,0
b48a4c46,0
ea21e5d0,0
3497075d,0
854c1435,0
37e30b59,0
549419cc,0
4904c0cf,0
08a99354,0
e217545d,0
8ff75379,0
e99e7894,0
ed02de8d,0
b4e64ada,0
12148de9,0
20d419d3,0
802181fa,0
a18852b3,0
d1133c2a,0
9c6205b6,0
74d43823,0
899c4003,0
2e43101a,0
6537ac46,0
e70dfcd7,0
6bc8fa28,0
4a722c92,0
b48a4c46,0
ea21e5d0,0
6a1c193d,0
baaaecda,0
614e2666,0
549419cc,0
4904c0cf,0
08a99354,0
ab35350f,0
e217545d,0
e99e7894,0
ed02de8d,0
b4e64ada,0
12148de9,0
20d419d3,0
802181fa,0
a18852b3,0
d1133c2a,0
9c6205b6,0
74d43823,0
899c4003,0
2e43101a,0
6537ac46,0
e70dfcd7,0
6bc8fa28,0
4a722c92,0
b48a4c46,0
ea21e5d0,0
7b042e65,0
a9a54995,0
37e30b59,0
549419cc,0
4904c0cf,0
08a99354,0
e217545d,0
e95eb090,0
e99e7894,0
ed02de8d,0
b4e64ada,0
12148de9,0
20d419d3,0
802181fa,0
a18852b3,0
d1133c2a,0
9c6205b6,0
74d43823,0
899c4003,0
2e43101a,0
6537ac46,0
e70dfcd7,0
6bc8fa28,0
4a722c92,0
b48a4c46,0
ea21e5d0,0
ae6ca0e7,0
f3e35886,0
37e30b59,0
549419cc,0
4904c0cf,0
08a99354,0
5637c7fe,0
e217545d,0
e99e7894,0
ed02de8d,0
b4e64ada,0
12148de9,0
20d419d3,0
802181fa,0
a18852b3,0
d1133c2a,0
9c6205b6,0
74d43823,0
899c4003,0
2e43101a,0
6537ac46,0
e70dfcd7,0
6bc8fa28,0
4a722c92,0
b48a4c46,0
ea21e5d0,0
ff8041f5,0
8179e7f0,0
37e30b59,0
549419cc,0
4904c0cf,0
08a99354,0
e217545d,0
306c3d0d,0
e99e7894,0
ed02de8d,0
b4e64ada,0
12148de9,0
20d419d3,0
802181fa,0
a18852b3,0
d1133c2a,0
9c6205b6,0
ee6ab40f,0
74d43823,0
899c4003,0
2e43101a,0
6537ac46,0
e70dfcd7,0
6bc8fa28,0
4a722c92,0
b48a4c46,0
ea21e5d0,0
d8ea9327,0
e2b5f6af,0
614e2666,0
549419cc,0
4904c0cf,0
08a99354,0
e217545d,0
2e1f1048,0
e99e7894,0
ed02de8d,0
b4e64ada,0
12148de9,0
20d419d3,0
802181fa,0
a18852b3,0
d1133c2a,0
9c6205b6,0
2bbc6f6e,0
74d43823,0
899c4003,0
2e43101a,0
6537ac46,0
e70dfcd7,0
6bc8fa28,0
4a722c92,0
b48a4c46,0
ea21e5d0,0
e254c8ca,0
24c464e2,0
37e30b59,0
549419cc,0
4904c0cf,0
08a99354,0
e217545d,0
ce7d3f47,0
e99e7894,0
ed02de8d,0
b4e64ada,0
12148de9,0
20d419d3,0
802181fa,0
a18852b3,0
d1133c2a,0
9c6205b6,0
e04f9f3d,0
74d43823,0
899c4003,0
2e43101a,0
6537ac46,0
e70dfcd7,0
6bc8fa28,0
4a722c92,0
b48a4c46,0
ea21e5d0,0
590ac9ff,0
9f4f9082,0
614e2666,0
549419cc,0
4904c0cf,0
08a99354,0
58c5704c,0
e217545d,0
fbadc196,0
e99e7894,0
ed02de8d,0
b4e64ada,0
12148de9,0
20d419d3,0
802181fa,0
a18852b3,0
d1133c2a,0
9c6205b6,0
86f4afc9,0
74d43823,0
899c4003,0
2e43101a,0
6537ac46,0
e70dfcd7,0
6bc8fa28,0
4a722c92,0
b48a4c46,0
ea21e5d0,0
2c9961a0,0
46252611,0
614e2666,0
549419cc,0
4904c0cf,0
08a99354,0
2123fc7c,0
e217545d,0
9dfd264c,0
e99e7894,0
ed02de8d,0
b4e64ada,0
12148de9,0
20d419d3,0
802181fa,0
a18852b3,0
d1133c2a,0
9c6205b6,0
74d43823,0
899c4003,0
2e43101a,0
6537ac46,0
e70dfcd7,0
6bc8fa28,0
4a722c92,0
b48a4c46,0
ea21e5d0,0
06890c6c,0
a4ae2fa4,0
614e2666,0
549419cc,0
4904c0cf,0
08a99354,0
528e4a06,0
e217545d,0
810b2b67,0
e99e7894,0
ed02de8d,0
b4e64ada,0
12148de9,0
20d419d3,0
802181fa,0
a18852b3,0
d1133c2a,0
9c6205b6,0
72806f1b,0
74d43823,0
899c4003,0
2e43101a,0
6537ac46,0
e70dfcd7,0
6bc8fa28,0
4a722c92,0
b48a4c46,0
ea21e5d0,0
59f9021f,0
a72d992a,0
614e2666,0
549419cc,0
4904c0cf,0
08a99354,0
e217545d,0
45553f77,0
e99e7894,0
ed02de8d,0
b4e64ada,0
12148de9,0
20d419d3,0
802181fa,0
a18852b3,0
d1133c2a,0
9c6205b6,0
74d43823,0
899c4003,0
2e43101a,0
6537ac46,0
e70dfcd7,0
6bc8fa28,0
4a722c92,0
b48a4c46,0
ea21e5d0,0
ff9c3b8a,0
28110ac8,0
37e30b59,0
549419cc,0
4904c0cf,0
08a99354,0
e217545d,0
68de948f,0
e99e7894,0
ed02de8d,0
b4e64ada,0
12148de9,0
20d419d3,0
802181fa,0
a18852b3,0
d1133c2a,0
9c6205b6,0
5e9c17bb,0
74d43823,0
899c4003,0
2e43101a,0
6537ac46,0
e70dfcd7,0
6bc8fa28,0
4a722c92,0
b48a4c46,0
ea21e5d0,0
8749aa12,0
03e286ff,0
614e2666,0
549419cc,0
4904c0cf,0
08a99354,0
e217545d,0
e99e7894,0
ed02de8d,0
b4e64ada,0
12148de9,0
20d419d3,0
802181fa,0
a18852b3,0
d1133c2a,0
9c6205b6,0
74d43823,0
899c4003,0
2e43101a,0
6537ac46,0
e70dfcd7,0
6bc8fa28,0
4a722c92,0
b48a4c46,0
ea21e5d0,0
579fa7d0,0
17c43517,0
37e30b59,0
549419cc,0
4904c0cf,0
08a99354,0
e217545d,0
e99e7894,0
ed02de8d,0
b4e64ada,0
12148de9,0
20d419d3,0
802181fa,0
a18852b3,0
d1133c2a,0
9c6205b6,0
74d43823,0
899c4003,0
2e43101a,0
6537ac46,0
e70dfcd7,0
6bc8fa28,0
4a722c92,0
b48a4c46,0
ea21e5d0,0
b946cb55,0
b58666df,0
37e30b59,0
549419cc,0
4904c0cf,0
08a99354,0
bfa4dba0,0
e217545d,0
e99e7894,0
ed02de8d,0
b4e64ada,0
12148de9,0
20d419d3,0
802181fa,0
a18852b3,0
d1133c2a,0
9c6205b6,0
74d43823,0
899c4003,0
2e43101a,0
6537ac46,0
e70dfcd7,0
6bc8fa28,0
4a722c92,0
b48a4c46,0
ea21e5d0,0
dbf519c9,0
23488ff3,0
37e30b59,0
549419cc,0
4904c0cf,0
08a99354,0
e217545d,0
e99e7894,0
ed02de8d,0
b4e64ada,0
12148de9,0
20d419d3,0
802181fa,0
a18852b3,0
d1133c2a,0
9c6205b6,0
6291e6a3,0
74d43823,0
899c4003,0
2e43101a,0
6537ac46,0
e70dfcd7,0
6bc8fa28,0
4a722c92,0
b48a4c46,0
ea21e5d0,0
d2449ccd,0
0b78a2b4,0
37e30b59,0
549419cc,0
4904c0cf,0
08a99354,0
ad43cfaf,0
e217545d,0
250da899,0
e99e7894,0
ed02de8d,0
b4e64ada,0
12148de9,0
20d419d3,0
802181fa,0
a18852b3,0
d1133c2a,0
9c6205b6,0
b4f4c31c,0
74d43823,0
899c4003,0
2e43101a,0
6537ac46,0
e70dfcd7,0
6bc8fa28,0
4a722c92,0
b48a4c46,0
ea21e5d0,0
dfff72ec,0
06d959d7,0
37e30b59,0
549419cc,0
4904c0cf,0
08a99354,0
321f2981,0
e217545d,0
3141ea1b,0
e99e7894,0
ed02de8d,0
b4e64ada,0
12148de9,0
20d419d3,0
802181fa,0
a18852b3,0
d1133c2a,0
9c6205b6,0
74d43823,0
899c4003,0
2e43101a,0
6537ac46,0
e70dfcd7,0
6bc8fa28,0
4a722c92,0
b48a4c46,0
ea21e5d0,0
4167bd39,0
803b9903,0
37e30b59,0
549419cc,0
4904c0cf,0
08a99354,0
5831bcaa,0
e217545d,0
e99e7894,0
ed02de8d,0
b4e64ada,0
12148de9,0
20d419d3,0
802181fa,0
a18852b3,0
d1133c2a,0
9c6205b6,0
ea3d23ad,0
74d43823,0
899c4003,0
2e43101a,0
6537ac46,0
e70dfcd7,0
6bc8fa28,0
4a722c92,0
b48a4c46,0
ea21e5d0,0
fab1793a,0
fdf91659,0
614e2666,0
549419cc,0
4904c0cf,0
08a99354,0
8fca5112,0
e217545d,0
e99e7894,0
ed02de8d,0
b4e64ada,0
12148de9,0
20d419d3,0
802181fa,0
a18852b3,0
d1133c2a,0
9c6205b6,0
74d43823,0
899c4003,0
2e43101a,0
6537ac46,0
e70dfcd7,0
6bc8fa28,0
4a722c92,0
b48a4c46,0
ea21e5d0,0
0baf5555,0
1727cadb,0
37e30b59,0
549419cc,0
4904c0cf,0
08a99354,0
e217545d,0
e99e7894,0
ed02de8d,0
b4e64ada,0
12148de9,0
20d419d3,0
802181fa,0
a18852b3,0
d1133c2a,0
9c6205b6,0
1dc48406,0
74d43823,0
899c4003,0
2e43101a,0
6537ac46,0
e70dfcd7,0
6bc8fa28,0
4a722c92,0
b48a4c46,0
ea21e5d0,0
9edb928d,0
b1b92c98,0
614e2666,0
549419cc,0
4904c0cf,0
08a99354,0
d89fb8d8,0
e217545d,0
e99e7894,0
ed02de8d,0
b4e64ada,0
12148de9,0
20d419d3,0
802181fa,0
a18852b3,0
d1133c2a,0
9c6205b6,0
74d43823,0
899c4003,0
2e43101a,0
6537ac46,0
e70dfcd7,0
6bc8fa28,0
4a722c92,0
b48a4c46,0
ea21e5d0,0
2e07d2ef,0
f44e270e,0
614e2666,0
549419cc,0
4904c0cf,0
08a99354,0
e457939b,0
e217545d,0
e1a440b9,0
e99e7894,0
ed02de8d,0
b4e64ada,0
12148de9,0
20d419d3,0
802181fa,0
a18852b3,0
d1133c2a,0
9c6205b6,0
74d43823,0
899c4003,0
2e43101a,0
6537ac46,0
e70dfcd7,0
6bc8fa28,0
4a722c92,0
b48a4c46,0
ea21e5d0,0
eda6bf92,0
087ead97,0
37e30b59,0
549419cc,0
4904c0cf,0
08a99354,0
11fcff20,0
e217545d,0
d7deb7a3,0
e99e7894,0
ed02de8d,0
b4e64ada,0
12148de9,0
20d419d3,0
802181fa,0
a18852b3,0
d1133c2a,0
9c6205b6,0
a18ca7aa,0
74d43823,0
899c4003,0
2e43101a,0
6537ac46,0
e70dfcd7,0
6bc8fa28,0
4a722c92,0
b48a4c46,0
ea21e5d0,0
3874fb85,0
f2a23892,0
37e30b59,0
549419cc,0
4904c0cf,0
08a99354,0
21308bbf,0
e217545d,0
01d08f28,0
e99e7894,0
ed02de8d,0
b4e64ada,0
12148de9,0
20d419d3,0
802181fa,0
a18852b3,0
d1133c2a,0
9c6205b6,0
56c6b0e8,0
74d43823,0
899c4003,0
2e43101a,0
6537ac46,0
e70dfcd7,0
6bc8fa28,0
4a722c92,0
b48a4c46,0
ea21e5d0,0
51acdae5,0
d350ea10,0
614e2666,0
549419cc,0
4904c0cf,0
08a99354,0
efd921c3,0
e217545d,0
e99e7894,0
ed02de8d,0
b4e64ada,0
12148de9,0
20d419d3,0
802181fa,0
a18852b3,0
d1133c2a,0
9c6205b6,0
0f41c731,0
74d43823,0
899c4003,0
2e43101a,0
6537ac46,0
e70dfcd7,0
6bc8fa28,0
4a722c92,0
b48a4c46,0
ea21e5d0,0
132a3273,0
ca07c864,0
37e30b59,0
549419cc,0
4904c0cf,0
08a99354,0
086c8d45,0
e217545d,0
7963f62e,0
e99e7894,0
ed02de8d,0
b4e64ada,0
12148de9,0
20d419d3,0
802181fa,0
a18852b3,0
d1133c2a,0
9c6205b6,0
6168bffd,0
74d43823,0
899c4003,0
2e43101a,0
6537ac46,0
e70dfcd7,0
6bc8fa28,0
4a722c92,0
b48a4c46,0
ea21e5d0,0
38acdeb9,0
79dd374b,0
37e30b59,0
549419cc,0
4904c0cf,0
08a99354,0
81777eeb,0
e217545d,0
f2517cd6,0
e99e7894,0
ed02de8d,0
b4e64ada,0
12148de9,0
20d419d3,0
802181fa,0
a18852b3,0
d1133c2a,0
9c6205b6,0
c3cb5a6a,0
74d43823,0
899c4003,0
2e43101a,0
6537ac46,0
e70dfcd7,0
6bc8fa28,0
4a722c92,0
b48a4c46,0
ea21e5d0,0
192fe702,0
614e2666,0
549419cc,0
4904c0cf,0
08a99354,0
e217545d,0
aa8b6a6d,0
e99e7894,0
ed02de8d,0
b4e64ada,0
12148de9,0
20d419d3,0
802181fa,0
a18852b3,0
d1133c2a,0
9c6205b6,0
74d43823,0
899c4003,0
2e43101a,0
6537ac46,0
e70dfcd7,0
6bc8fa28,0
4a722c92,0
b48a4c46,0
ea21e5d0,0
500426ea,0
338ce0c8,0
37e30b59,0
549419cc,0
4904c0cf,0
08a99354,0
6bc7fd3f,0
e217545d,0
1c831e87,0
e99e7894,0
ed02de8d,0
b4e64ada,0
12148de9,0
20d419d3,0
802181fa,0
a18852b3,0
d1133c2a,0
9c6205b6,0
0996f48f,0
74d43823,0
899c4003,0
2e43101a,0
6537ac46,0
e70dfcd7,0
6bc8fa28,0
4a722c92,0
b48a4c46,0
ea21e5d0,0
5b504547,0
312b8476,0
614e2666,0
549419cc,0
4904c0cf,0
08a99354,0
cd709aee,0
e217545d,0
e99e7894,0
ed02de8d,0
b4e64ada,0
12148de9,0
20d419d3,0
802181fa,0
a18852b3,0
d1133c2a,0
9c6205b6,0
74d43823,0
899c4003,0
2e43101a,0
6537ac46,0
e70dfcd7,0
6bc8fa28,0
4a722c92,0
b48a4c46,0
ea21e5d0,0
958ccab1,0
a0478878,0
614e2666,0
549419cc,0
4904c0cf,0
08a99354,0
be37ef08,0
e217545d,0
09724db9,0
e99e7894,0
ed02de8d,0
b4e64ada,0
12148de9,0
20d419d3,0
802181fa,0
a18852b3,0
d1133c2a,0
9c6205b6,0
74d43823,0
899c4003,0
2e43101a,0
6537ac46,0
e70dfcd7,0
6bc8fa28,0
4a722c92,0
b48a4c46,0
ea21e5d0,0
01ee699d,0
6f83cf28,0
614e2666,0
549419cc,0
4904c0cf,0
08a99354,0
a0cdf06d,0
e217545d,0
e99e7894,0
ed02de8d,0
b4e64ada,0
12148de9,0
20d419d3,0
802181fa,0
a18852b3,0
d1133c2a,0
9c6205b6,0
94cc9489,0
74d43823,0
899c4003,0
2e43101a,0
6537ac46,0
e70dfcd7,0
6bc8fa28,0
4a722c92,0
b48a4c46,0
ea21e5d0,0
34be7c7b,0
cad9d3da,0
37e30b59,0
549419cc,0
4904c0cf,0
08a99354,0
0a1c62af,0
e217545d,0
f5129c61,0
e99e7894,0
ed02de8d,0
b4e64ada,0
12148de9,0
20d419d3,0
802181fa,0
a18852b3,0
d1133c2a,0
9c6205b6,0
74d43823,0
899c4003,0
2e43101a,0
6537ac46,0
e70dfcd7,0
6bc8fa28,0
4a722c92,0
b48a4c46,0
ea21e5d0,0
bd0923f6,0
c9cb438d,0
614e2666,0
549419cc,0
4904c0cf,0
08a99354,0
e217545d,0
31e23d0e,0
e99e7894,0
ed02de8d,0
b4e64ada,0
12148de9,0
20d419d3,0
802181fa,0
a18852b3,0
d1133c2a,0
9c6205b6,0
78f754a0,0
74d43823,0
899c4003,0
2e43101a,0
6537ac46,0
e70dfcd7,0
6bc8fa28,0
4a722c92,0
b48a4c46,0
ea21e5d0,0
e33f564d,0
cc11e748,0
614e2666,0
549419cc,0
4904c0cf,0
08a99354,0
b41317f0,0
e217545d,0
e99e7894,0
ed02de8d,0
b4e64ada,0
12148de9,0
20d419d3,0
802181fa,0
a18852b3,0
d1133c2a,0
9c6205b6,0
2f4806ec,0
74d43823,0
899c4003,0
2e43101a,0
6537ac46,0
e70dfcd7,0
6bc8fa28,0
4a722c92,0
b48a4c46,0
ea21e5d0,0
a88e703e,0
f8f88fe3,0
37e30b59,0
549419cc,0
4904c0cf,0
08a99354,0
e217545d,0
0ccde80d,0
e99e7894,0
ed02de8d,0
b4e64ada,0
12148de9,0
20d419d3,0
802181fa,0
a18852b3,0
d1133c2a,0
9c6205b6,0
74d43823,0
899c4003,0
2e43101a,0
6537ac46,0
e70dfcd7,0
6bc8fa28,0
4a722c92,0
b48a4c46,0
ea21e5d0,0
d8ea9327,0
f5d476a0,0
614e2666,0
549419cc,0
4904c0cf,0
08a99354,0
e217545d,0
e99e7894,0
ed02de8d,0
b4e64ada,0
12148de9,0
20d419d3,0
802181fa,0
a18852b3,0
d1133c2a,0
9c6205b6,0
ec67170d,0
74d43823,0
899c4003,0
2e43101a,0
6537ac46,0
e70dfcd7,0
6bc8fa28,0
4a722c92,0
b48a4c46,0
ea21e5d0,0
d7dedf62,0
4a88564b,0
614e2666,0
549419cc,0
4904c0cf,0
08a99354,0
1377336e,0
e217545d,0
96701030,0
e99e7894,0
ed02de8d,0
b4e64ada,0
12148de9,0
20d419d3,0
802181fa,0
a18852b3,0
d1133c2a,0
9c6205b6,0
6e240056,0
74d43823,0
899c4003,0
2e43101a,0
6537ac46,0
e70dfcd7,0
6bc8fa28,0
4a722c92,0
b48a4c46,0
ea21e5d0,0
bf06bf60,0
f1af806c,0
614e2666,0
549419cc,0
4904c0cf,0
08a99354,0
919d7d55,0
e217545d,0
e99e7894,0
ed02de8d,0
b4e64ada,0
12148de9,0
20d419d3,0
802181fa,0
a18852b3,0
d1133c2a,0
9c6205b6,0
090fb80c,0
74d43823,0
899c4003,0
2e43101a,0
6537ac46,0
e70dfcd7,0
6bc8fa28,0
4a722c92,0
b48a4c46,0
ea21e5d0,0
32ed74a5,0
73309f65,0
614e2666,0
549419cc,0
4904c0cf,0
08a99354,0
81d02b31,0
e217545d,0
e99e7894,0
ed02de8d,0
b4e64ada,0
12148de9,0
20d419d3,0
802181fa,0
a18852b3,0
d1133c2a,0
9c6205b6,0
74d43823,0
899c4003,0
2e43101a,0
6537ac46,0
e70dfcd7,0
6bc8fa28,0
4a722c92,0
b48a4c46,0
ea21e5d0,0
f39f7f52,0
62f90fba,0
614e2666,0
549419cc,0
4904c0cf,0
08a99354,0
96ab4499,0
e217545d,0
f2f25eb5,0
e99e7894,0
ed02de8d,0
b4e64ada,0
12148de9,0
20d419d3,0
802181fa,0
a18852b3,0
d1133c2a,0
9c6205b6,0
74d43823,0
899c4003,0
2e43101a,0
6537ac46,0
e70dfcd7,0
6bc8fa28,0
4a722c92,0
b48a4c46,0
ea21e5d0,0
db4244ff,0
3660e412,0
614e2666,0
549419cc,0
4904c0cf,0
08a99354,0
e217545d,0
e99e7894,0
ed02de8d,0
b4e64ada,0
12148de9,0
20d419d3,0
802181fa,0
a18852b3,0
d1133c2a,0
9c6205b6,0
74d43823,0
899c4003,0
2e43101a,0
6537ac46,0
e70dfcd7,0
6bc8fa28,0
4a722c92,0
b48a4c46,0
ea21e5d0,0
77ed76d7,0
d7631fd5,0
614e2666,0
549419cc,0
4904c0cf,0
08a99354,0
e217545d,0
ebc26eb7,0
e99e7894,0
ed02de8d,0
b4e64ada,0
12148de9,0
20d419d3,0
802181fa,0
a18852b3,0
d1133c2a,0
9c6205b6,0
530b8265,0
74d43823,0
899c4003,0
2e43101a,0
6537ac46,0
e70dfcd7,0
6bc8fa28,0
4a722c92,0
b48a4c46,0
ea21e5d0,0
626ba591,0
c505fc7b,0
37e30b59,0
549419cc,0
4904c0cf,0
08a99354,0
d9098753,0
e217545d,0
e99e7894,0
ed02de8d,0
b4e64ada,0
12148de9,0
20d419d3,0
802181fa,0
a18852b3,0
d1133c2a,0
9c6205b6,0
49c77e90,0
74d43823,0
899c4003,0
2e43101a,0
6537ac46,0
e70dfcd7,0
6bc8fa28,0
4a722c92,0
b48a4c46,0
ea21e5d0,0
949a4f68,0
dc9d2e27,0
37e30b59,0
549419cc,0
4904c0cf,0
08a99354,0
e217545d,0
e99e7894,0
ed02de8d,0
b4e64ada,0
12148de9,0
20d419d3,0
802181fa,0
a18852b3,0
d1133c2a,0
9c6205b6,0
74d43823,0
899c4003,0
2e43101a,0
6537ac46,0
e70dfcd7,0
6bc8fa28,0
4a722c92,0
b48a4c46,0
ea21e5d0,0
760a2281,0
c78de72c,0
614e2666,0
549419cc,0
4904c0cf,0
08a99354,0
1b61049e,0
e217545d,0
db3674fd,0
e99e7894,0
ed02de8d,0
b4e64ada,0
12148de9,0
20d419d3,0
802181fa,0
a18852b3,0
d1133c2a,0
9c6205b6,0
58bb140e,0
74d43823,0
899c4003,0
2e43101a,0
6537ac46,0
e70dfcd7,0
6bc8fa28,0
4a722c92,0
b48a4c46,0
ea21e5d0,0
d7991962,0
820abd7c,0
37e30b59,0
549419cc,0
4904c0cf,0
08a99354,0
e217545d,0
e99e7894,0
ed02de8d,0
b4e64ada,0
12148de9,0
20d419d3,0
802181fa,0
a18852b3,0
d1133c2a,0
9c6205b6,0
74d43823,0
899c4003,0
2e43101a,0
6537ac46,0
e70dfcd7,0
6bc8fa28,0
4a722c92,0
b48a4c46,0
ea21e5d0,0
388c8ae8,0
ba8c34c6,0
614e2666,0
549419cc,0
4904c0cf,0
08a99354,0
91b30963,0
e217545d,0
94a270cc,0
e99e7894,0
ed02de8d,0
b4e64ada,0
12148de9,0
20d419d3,0
802181fa,0
a18852b3,0
d1133c2a,0
9c6205b6,0
549e20ef,0
74d43823,0
899c4003,0
2e43101a,0
6537ac46,0
e70dfcd7,0
6bc8fa28,0
4a722c92,0
b48a4c46,0
ea21e5d0,0
d302c0ff,0
d401e473,0
37e30b59,0
549419cc,0
4904c0cf,0
08a99354,0
e217545d,0
a20adce5,0
e99e7894,0
ed02de8d,0
b4e64ada,0
12148de9,0
20d419d3,0
802181fa,0
a18852b3,0
d1133c2a,0
9c6205b6,0
a734b3db,0
74d43823,0
899c4003,0
2e43101a,0
6537ac46,0
e70dfcd7,0
6bc8fa28,0
4a722c92,0
b48a4c46,0
ea21e5d0,0
868ce57a,0
f44810d6,0
37e30b59,0
549419cc,0
4904c0cf,0
08a99354,0
e217545d,0
1bc9eb10,0
e99e7894,0
ed02de8d,0
b4e64ada,0
12148de9,0
20d419d3,0
802181fa,0
a18852b3,0
d1133c2a,0
9c6205b6,0
0134b221,0
74d43823,0
899c4003,0
2e43101a,0
6537ac46,0
e70dfcd7,0
6bc8fa28,0
4a722c92,0
b48a4c46,0
ea21e5d0,0
0dc3d9c4,0
382be6a8,0
37e30b59,0
549419cc,0
4904c0cf,0
08a99354,0
0c5d4193,0
e217545d,0
e99e7894,0
ed02de8d,0
b4e64ada,0
12148de9,0
20d419d3,0
802181fa,0
a18852b3,0
d1133c2a,0
9c6205b6,0
74d43823,0
899c4003,0
2e43101a,0
6537ac46,0
e70dfcd7,0
6bc8fa28,0
4a722c92,0
b48a4c46,0
ea21e5d0,0
9362c55b,0
6be8585b,0
37e30b59,0
549419cc,0
4904c0cf,0
08a99354,0
e217545d,0
e99e7894,0
ed02de8d,0
b4e64ada,0
12148de9,0
20d419d3,0
802181fa,0
a18852b3,0
d1133c2a,0
9c6205b6,0
4ae44014,0
74d43823,0
899c4003,0
2e43101a,0
6537ac46,0
e70dfcd7,0
6bc8fa28,0
4a722c92,0
b48a4c46,0
ea21e5d0,0
3dd466ba,0
1ca522ff,0
614e2666,0
549419cc,0
4904c0cf,0
08a99354,0
6fffc341,0
e217545d,0
e99e7894,0
ed02de8d,0
b4e64ada,0
12148de9,0
20d419d3,0
802181fa,0
a18852b3,0
d1133c2a,0
9c6205b6,0
74d43823,0
899c4003,0
2e43101a,0
6537ac46,0
e70dfcd7,0
6bc8fa28,0
4a722c92,0
b48a4c46,0
ea21e5d0,0
618de47f,0
614e2666,0
549419cc,0
4904c0cf,0
08a99354,0
e217545d,0
e99e7894,0
ed02de8d,0
b4e64ada,0
12148de9,0
20d419d3,0
802181fa,0
a18852b3,0
d1133c2a,0
9c6205b6,0
74d43823,0
899c4003,0
2e43101a,0
6537ac46,0
e70dfcd7,0
6bc8fa28,0
4a722c92,0
b48a4c46,0
ea21e5d0,0
ec06115c,0
2c4bf27e,0
614e2666,0
549419cc,0
4904c0cf,0
08a99354,0
e217545d,0
e99e7894,0
ed02de8d,0
b4e64ada,0
12148de9,0
20d419d3,0
802181fa,0
a18852b3,0
d1133c2a,0
9c6205b6,0
8146b468,0
74d43823,0
899c4003,0
2e43101a,0
6537ac46,0
e70dfcd7,0
6bc8fa28,0
4a722c92,0
b48a4c46,0
ea21e5d0,0
365bfef5,0
0f7b049d,0
614e2666,0
549419cc,0
4904c0cf,0
08a99354,0
e217545d,0
e99e7894,0
ed02de8d,0
b4e64ada,0
12148de9,0
20d419d3,0
802181fa,0
a18852b3,0
d1133c2a,0
9c6205b6,0
74d43823,0
899c4003,0
2e43101a,0
6537ac46,0
e70dfcd7,0
6bc8fa28,0
4a722c92,0
b48a4c46,0
ea21e5d0,0
fbebb817,0
98f70fed,0
37e30b59,0
549419cc,0
4904c0cf,0
08a99354,0
379b079f,0
e217545d,0
ad740406,0
e99e7894,0
ed02de8d,0
b4e64ada,0
12148de9,0
20d419d3,0
802181fa,0
a18852b3,0
d1133c2a,0
9c6205b6,0
2acbb7c5,0
74d43823,0
899c4003,0
2e43101a,0
6537ac46,0
e70dfcd7,0
6bc8fa28,0
4a722c92,0
b48a4c46,0
ea21e5d0,0
7459b38e,0
37e30b59,0
549419cc,0
4904c0cf,0
08a99354,0
ef0a7d6a,0
e217545d,0
538bc912,0
e99e7894,0
ed02de8d,0
b4e64ada,0
12148de9,0
20d419d3,0
802181fa,0
a18852b3,0
d1133c2a,0
9c6205b6,0
4a1ab3fa,0
74d43823,0
899c4003,0
2e43101a,0
6537ac46,0
e70dfcd7,0
6bc8fa28,0
4a722c92,0
b48a4c46,0
ea21e5d0,0
018a2187,0
4d1b3e4a,0
614e2666,0
549419cc,0
4904c0cf,0
08a99354,0
e217545d,0
e99e7894,0
ed02de8d,0
b4e64ada,0
12148de9,0
20d419d3,0
802181fa,0
a18852b3,0
d1133c2a,0
9c6205b6,0
74d43823,0
899c4003,0
2e43101a,0
6537ac46,0
e70dfcd7,0
6bc8fa28,0
4a722c92,0
b48a4c46,0
ea21e5d0,0
538efe1f,0
097db5d3,0
614e2666,0
549419cc,0
4904c0cf,0
08a99354,0
c400a04a,0
e217545d,0
e99e7894,0
ed02de8d,0
b4e64ada,0
12148de9,0
20d419d3,0
802181fa,0
a18852b3,0
d1133c2a,0
9c6205b6,0
b7c5cb19,0
74d43823,0
899c4003,0
2e43101a,0
6537ac46,0
e70dfcd7,0
6bc8fa28,0
4a722c92,0
b48a4c46,0
ea21e5d0,0
e4d004f4,0
69d6961a,0
37e30b59,0
549419cc,0
4904c0cf,0
08a99354,0
83939729,0
e217545d,0
e99e7894,0
ed02de8d,0
b4e64ada,0
12148de9,0
20d419d3,0
802181fa,0
a18852b3,0
d1133c2a,0
9c6205b6,0
53def0b9,0
74d43823,0
899c4003,0
2e43101a,0
6537ac46,0
e70dfcd7,0
6bc8fa28,0
4a722c92,0
b48a4c46,0
ea21e5d0,0
9a192c2a,0
1eaa5bdd,0
37e30b59,0
549419cc,0
4904c0cf,0
08a99354,0
666164e7,0
e217545d,0
5e30d410,0
e99e7894,0
ed02de8d,0
b4e64ada,0
12148de9,0
20d419d3,0
802181fa,0
a18852b3,0
d1133c2a,0
9c6205b6,0
74d43823,0
899c4003,0
2e43101a,0
6537ac46,0
e70dfcd7,0
6bc8fa28,0
4a722c92,0
b48a4c46,0
ea21e5d0,0
d7736c36,0
baf8029f,0
37e30b59,0
549419cc,0
4904c0cf,0
08a99354,0
e217545d,0
75a7766c,0
e99e7894,0
ed02de8d,0
b4e64ada,0
12148de9,0
20d419d3,0
802181fa,0
a18852b3,0
d1133c2a,0
9c6205b6,0
b7990512,0
74d43823,0
899c4003,0
2e43101a,0
6537ac46,0
e70dfcd7,0
6bc8fa28,0
4a722c92,0
b48a4c46,0
ea21e5d0,0
07ce1f72,0
ab636b09,0
614e2666,0
549419cc,0
4904c0cf,0
08a99354,0
e217545d,0
dca8cd44,0
e99e7894,0
ed02de8d,0
b4e64ada,0
12148de9,0
20d419d3,0
802181fa,0
a18852b3,0
d1133c2a,0
9c6205b6,0
74d43823,0
899c4003,0
2e43101a,0
6537ac46,0
e70dfcd7,0
6bc8fa28,0
4a722c92,0
b48a4c46,0
ea21e5d0,0
a92acce1,0
4acf2987,0
614e2666,0
549419cc,0
4904c0cf,0
08a99354,0
65660b5c,0
e217545d,0
e297b1dd,0
e99e7894,0
ed02de8d,0
b4e64ada,0
12148de9,0
20d419d3,0
802181fa,0
a18852b3,0
d1133c2a,0
9c6205b6,0
4150b098,0
74d43823,0
899c4003,0
2e43101a,0
6537ac46,0
e70dfcd7,0
6bc8fa28,0
4a722c92,0
b48a4c46,0
ea21e5d0,0
31e99a26,0
6f07483c,0
614e2666,0
549419cc,0
4904c0cf,0
08a99354,0
e217545d,0
e99e7894,0
ed02de8d,0
b4e64ada,0
12148de9,0
20d419d3,0
802181fa,0
a18852b3,0
d1133c2a,0
9c6205b6,0
417a60b4,0
74d43823,0
899c4003,0
2e43101a,0
6537ac46,0
e70dfcd7,0
6bc8fa28,0
4a722c92,0
b48a4c46,0
ea21e5d0,0
3b94f946,0
ff0ebf10,0
614e2666,0
549419cc,0
4904c0cf,0
08a99354,0
ce6f12ed,0
e217545d,0
ae77f41b,0
e99e7894,0
ed02de8d,0
b4e64ada,0
12148de9,0
20d419d3,0
802181fa,0
a18852b3,0
d1133c2a,0
9c6205b6,0
784c5558,0
74d43823,0
899c4003,0
2e43101a,0
6537ac46,0
e70dfcd7,0
6bc8fa28,0
4a722c92,0
b48a4c46,0
ea21e5d0,0
8086753a,0
7da8711c,0
37e30b59,0
549419cc,0
4904c0cf,0
08a99354,0
ac02df38,0
e217545d,0
5a606cb0,0
e99e7894,0
ed02de8d,0
b4e64ada,0
12148de9,0
20d419d3,0
802181fa,0
a18852b3,0
d1133c2a,0
9c6205b6,0
61d47d77,0
74d43823,0
899c4003,0
2e43101a,0
6537ac46,0
e70dfcd7,0
6bc8fa28,0
4a722c92,0
b48a4c46,0
ea21e5d0,0
c427d910,0
1ddb9ab5,0
614e2666,0
549419cc,0
4904c0cf,0
08a99354,0
93c8fb91,0
e217545d,0
3d8327b1,0
e99e7894,0
ed02de8d,0
b4e64ada,0
12148de9,0
20d419d3,0
802181fa,0
a18852b3,0
d1133c2a,0
9c6205b6,0
bf285227,0
74d43823,0
899c4003,0
2e43101a,0
6537ac46,0
e70dfcd7,0
6bc8fa28,0
4a722c92,0
b48a4c46,0
ea21e5d0,0
7eaa4350,0
4a62d9d6,0
614e2666,0
549419cc,0
4904c0cf,0
08a99354,0
e217545d,0
e99e7894,0
ed02de8d,0
b4e64ada,0
12148de9,0
20d419d3,0
802181fa,0
a18852b3,0
d1133c2a,0
9c6205b6,0
f9b1a310,0
74d43823,0
899c4003,0
2e43101a,0
6537ac46,0
e70dfcd7,0
6bc8fa28,0
4a722c92,0
b48a4c46,0
ea21e5d0,0
76924118,0
09c969e3,0
37e30b59,0
549419cc,0
4904c0cf,0
08a99354,0
e217545d,0
277f4f53,0
e99e7894,0
ed02de8d,0
b4e64ada,0
12148de9,0
20d419d3,0
802181fa,0
a18852b3,0
d1133c2a,0
9c6205b6,0
7a44b7c8,0
74d43823,0
899c4003,0
2e43101a,0
6537ac46,0
e70dfcd7,0
6bc8fa28,0
4a722c92,0
b48a4c46,0
ea21e5d0,0
24cf6c04,0
82a4e1d9,0
614e2666,0
549419cc,0
4904c0cf,0
08a99354,0
e217545d,0
e99e7894,0
ed02de8d,0
b4e64ada,0
12148de9,0
20d419d3,0
802181fa,0
a18852b3,0
d1133c2a,0
9c6205b6,0
74d43823,0
899c4003,0
2e43101a,0
6537ac46,0
e70dfcd7,0
6bc8fa28,0
4a722c92,0
b48a4c46,0
ea21e5d0,0
418fb42d,0
c6314cfe,0
37e30b59,0
549419cc,0
4904c0cf,0
08a99354,0
75403254,0
e217545d,0
0f7f743b,0
e99e7894,0
ed02de8d,0
b4e64ada,0
12148de9,0
20d419d3,0
802181fa,0
a18852b3,0
d1133c2a,0
9c6205b6,0
74d43823,0
899c4003,0
2e43101a,0
6537ac46,0
e70dfcd7,0
6bc8fa28,0
4a722c92,0
b48a4c46,0
ea21e5d0,0
899e259b,0
7526a694,0
614e2666,0
549419cc,0
4904c0cf,0
08a99354,0
e217545d,0
bc8a9ada,0
e99e7894,0
ed02de8d,0
b4e64ada,0
12148de9,0
20d419d3,0
802181fa,0
a18852b3,0
d1133c2a,0
9c6205b6,0
74d43823,0
899c4003,0
2e43101a,0
6537ac46,0
e70dfcd7,0
6bc8fa28,0
4a722c92,0
b48a4c46,0
ea21e5d0,0
7121cfb2,0
74556f82,0
614e2666,0
549419cc,0
4904c0cf,0
08a99354,0
406cdc21,0
e217545d,0
e99e7894,0
ed02de8d,0
b4e64ada,0
12148de9,0
20d419d3,0
802181fa,0
a18852b3,0
d1133c2a,0
9c6205b6,0
74d43823,0
899c4003,0
2e43101a,0
6537ac46,0
e70dfcd7,0
6bc8fa28,0
4a722c92,0
b48a4c46,0
ea21e5d0,0
110e8c2f,0
2d4d355d,0
37e30b59,0
549419cc,0
4904c0cf,0
08a99354,0
e217545d,0
d62169f7,0
e99e7894,0
ed02de8d,0
b4e64ada,0
12148de9,0
20d419d3,0
802181fa,0
a18852b3,0
d1133c2a,0
9c6205b6,0
74d43823,0
899c4003,0
2e43101a,0
6537ac46,0
e70dfcd7,0
6bc8fa28,0
4a722c92,0
b48a4c46,0
ea21e5d0,0
2dae1956,0
11639257,0
37e30b59,0
549419cc,0
4904c0cf,0
08a99354,0
e217545d,0
e99e7894,0
ed02de8d,0
b4e64ada,0
12148de9,0
20d419d3,0
802181fa,0
a18852b3,0
d1133c2a,0
9c6205b6,0
88c480c2,0
74d43823,0
899c4003,0
2e43101a,0
6537ac46,0
e70dfcd7,0
6bc8fa28,0
4a722c92,0
b48a4c46,0
ea21e5d0,0
6b0eed92,0
eb35483c,0
614e2666,0
549419cc,0
4904c0cf,0
08a99354,0
e217545d,0
e99e7894,0
ed02de8d,0
b4e64ada,0
12148de9,0
20d419d3,0
802181fa,0
a18852b3,0
d1133c2a,0
9c6205b6,0
a73742c7,0
74d43823,0
899c4003,0
2e43101a,0
6537ac46,0
e70dfcd7,0
6bc8fa28,0
4a722c92,0
b48a4c46,0
ea21e5d0,0
af293bfb,0
4669b6b6,0
37e30b59,0
549419cc,0
4904c0cf,0
08a99354,0
f75fde6d,0
e217545d,0
4e82a07b,0
e99e7894,0
ed02de8d,0
b4e64ada,0
12148de9,0
20d419d3,0
802181fa,0
a18852b3,0
d1133c2a,0
9c6205b6,0
ce40d93a,0
74d43823,0
899c4003,0
2e43101a,0
6537ac46,0
e70dfcd7,0
6bc8fa28,0
4a722c92,0
b48a4c46,0
ea21e5d0,0
ea25d8f7,0
66345daa,0
614e2666,0
549419cc,0
4904c0cf,0
08a99354,0
e217545d,0
4fe87e2a,0
e99e7894,0
ed02de8d,0
b4e64ada,0
12148de9,0
20d419d3,0
802181fa,0
a18852b3,0
d1133c2a,0
9c6205b6,0
72521bcf,0
74d43823,0
899c4003,0
2e43101a,0
6537ac46,0
e70dfcd7,0
6bc8fa28,0
4a722c92,0
b48a4c46,0
ea21e5d0,0
9077f3fd,0
1f3de2a1,0
614e2666,0
549419cc,0
4904c0cf,0
08a99354,0
dc801bc4,0
e217545d,0
e99e7894,0
ed02de8d,0
b4e64ada,0
12148de9,0
20d419d3,0
802181fa,0
a18852b3,0
d1133c2a,0
9c6205b6,0
ede2ca04,0
74d43823,0
899c4003,0
2e43101a,0
6537ac46,0
e70dfcd7,0
6bc8fa28,0
4a722c92,0
b48a4c46,0
ea21e5d0,0
c680958f,0
6bdd33e9,0
37e30b59,0
549419cc,0
4904c0cf,0
08a99354,0
b9cd4fb3,0
e217545d,0
2a592555,0
e99e7894,0
ed02de8d,0
b4e64ada,0
12148de9,0
20d419d3,0
802181fa,0
a18852b3,0
d1133c2a,0
9c6205b6,0
c77fcdb0,0
74d43823,0
899c4003,0
2e43101a,0
6537ac46,0
e70dfcd7,0
6bc8fa28,0
4a722c92,0
b48a4c46,0
ea21e5d0,0
6f2c5439,0
1483bcf3,0
614e2666,0
549419cc,0
4904c0cf,0
08a99354,0
e217545d,0
e3789934,0
e99e7894,0
ed02de8d,0
b4e64ada,0
12148de9,0
20d419d3,0
802181fa,0
a18852b3,0
d1133c2a,0
9c6205b6,0
74d43823,0
899c4003,0
2e43101a,0
6537ac46,0
e70dfcd7,0
6bc8fa28,0
4a722c92,0
b48a4c46,0
ea21e5d0,0
3462567d,0
891e794d,0
614e2666,0
549419cc,0
4904c0cf,0
08a99354,0
e217545d,0
e99e7894,0
ed02de8d,0
b4e64ada,0
12148de9,0
20d419d3,0
802181fa,0
a18852b3,0
d1133c2a,0
9c6205b6,0
03062082,0
74d43823,0
899c4003,0
2e43101a,0
6537ac46,0
e70dfcd7,0
6bc8fa28,0
4a722c92,0
b48a4c46,0
ea21e5d0,0
b737d726,0
5828702d,0
37e30b59,0
549419cc,0
4904c0cf,0
08a99354,0
e217545d,0
69e8c884,0
e99e7894,0
ed02de8d,0
b4e64ada,0
12148de9,0
20d419d3,0
802181fa,0
a18852b3,0
d1133c2a,0
9c6205b6,0
74d43823,0
899c4003,0
2e43101a,0
6537ac46,0
e70dfcd7,0
6bc8fa28,0
4a722c92,0
b48a4c46,0
ea21e5d0,0
646051ed,0
902723a7,0
614e2666,0
549419cc,0
4904c0cf,0
08a99354,0
a3acc0dc,0
e217545d,0
4405051b,0
e99e7894,0
ed02de8d,0
b4e64ada,0
12148de9,0
20d419d3,0
802181fa,0
a18852b3,0
d1133c2a,0
9c6205b6,0
10aeddb2,0
74d43823,0
899c4003,0
2e43101a,0
6537ac46,0
e70dfcd7,0
6bc8fa28,0
4a722c92,0
b48a4c46,0
ea21e5d0,0
0c273517,0
d297085f,0
614e2666,0
549419cc,0
4904c0cf,0
08a99354,0
64f3d05e,0
e217545d,0
fab2ec81,0
e99e7894,0
ed02de8d,0
b4e64ada,0
12148de9,0
20d419d3,0
802181fa,0
a18852b3,0
d1133c2a,0
9c6205b6,0
74d43823,0
899c4003,0
2e43101a,0
6537ac46,0
e70dfcd7,0
6bc8fa28,0
4a722c92,0
b48a4c46,0
ea21e5d0,0
34b0bbb3,0
c9a803a8,0
614e2666,0
549419cc,0
4904c0cf,0
08a99354,0
e217545d,0
e99e7894,0
ed02de8d,0
b4e64ada,0
12148de9,0
20d419d3,0
802181fa,0
a18852b3,0
d1133c2a,0
9c6205b6,0
aecb9728,0
74d43823,0
899c4003,0
2e43101a,0
6537ac46,0
e70dfcd7,0
6bc8fa28,0
4a722c92,0
b48a4c46,0
ea21e5d0,0
c5265b10,0
332b6bb7,0
37e30b59,0
549419cc,0
4904c0cf,0
08a99354,0
1ebec98e,0
e217545d,0
e99e7894,0
ed02de8d,0
b4e64ada,0
12148de9,0
20d419d3,0
802181fa,0
a18852b3,0
d1133c2a,0
9c6205b6,0
604846cf,0
74d43823,0
899c4003,0
2e43101a,0
6537ac46,0
e70dfcd7,0
6bc8fa28,0
4a722c92,0
b48a4c46,0
ea21e5d0,0
339a2cfb,0
d818c31b,0
614e2666,0
549419cc,0
4904c0cf,0
08a99354,0
e217545d,0
e99e7894,0
ed02de8d,0
b4e64ada,0
12148de9,0
20d419d3,0
802181fa,0
a18852b3,0
d1133c2a,0
9c6205b6,0
ca567f5c,0
74d43823,0
899c4003,0
2e43101a,0
6537ac46,0
e70dfcd7,0
6bc8fa28,0
4a722c92,0
b48a4c46,0
ea21e5d0,0
4ebccff0,0
37e30b59,0
549419cc,0
4904c0cf,0
08a99354,0
e217545d,0
b4c61d2e,0
e99e7894,0
ed02de8d,0
b4e64ada,0
12148de9,0
20d419d3,0
802181fa,0
a18852b3,0
d1133c2a,0
9c6205b6,0
74d43823,0
899c4003,0
2e43101a,0
6537ac46,0
e70dfcd7,0
6bc8fa28,0
4a722c92,0
b48a4c46,0
ea21e5d0,0
4e94782c,0
fae4dc0f,0
37e30b59,0
549419cc,0
4904c0cf,0
08a99354,0
e217545d,0
4d6d30d2,0
e99e7894,0
ed02de8d,0
b4e64ada,0
12148de9,0
20d419d3,0
802181fa,0
a18852b3,0
d1133c2a,0
9c6205b6,0
ff383dff,0
74d43823,0
899c4003,0
2e43101a,0
6537ac46,0
e70dfcd7,0
6bc8fa28,0
4a722c92,0
b48a4c46,0
ea21e5d0,0
c2911637,0
614e2666,0
549419cc,0
4904c0cf,0
08a99354,0
6a1919a1,0
e217545d,0
e99e7894,0
ed02de8d,0
b4e64ada,0
12148de9,0
20d419d3,0
802181fa,0
a18852b3,0
d1133c2a,0
9c6205b6,0
74d43823,0
899c4003,0
2e43101a,0
6537ac46,0
e70dfcd7,0
6bc8fa28,0
4a722c92,0
b48a4c46,0
ea21e5d0,0
853ff34e,0
40764a07,0
37e30b59,0
549419cc,0
4904c0cf,0
08a99354,0
d86d4674,0
e217545d,0
e99e7894,0
ed02de8d,0
b4e64ada,0
12148de9,0
20d419d3,0
802181fa,0
a18852b3,0
d1133c2a,0
9c6205b6,0
74d43823,0
899c4003,0
2e43101a,0
6537ac46,0
e70dfcd7,0
6bc8fa28,0
4a722c92,0
b48a4c46,0
ea21e5d0,0
c7a5a0c5,0
f2b1f084,0
614e2666,0
549419cc,0
4904c0cf,0
08a99354,0
9eca436d,0
e217545d,0
1a346bb2,0
e99e7894,0
ed02de8d,0
b4e64ada,0
12148de9,0
20d419d3,0
802181fa,0
a18852b3,0
d1133c2a,0
9c6205b6,0
74d43823,0
899c4003,0
2e43101a,0
6537ac46,0
e70dfcd7,0
6bc8fa28,0
4a722c92,0
b48a4c46,0
ea21e5d0,0
3462567d,0
c40e2a19,0
37e30b59,0
549419cc,0
4904c0cf,0
08a99354,0
e217545d,0
e6d0b45c,0
e99e7894,0
ed02de8d,0
b4e64ada,0
12148de9,0
20d419d3,0
802181fa,0
a18852b3,0
d1133c2a,0
9c6205b6,0
172f6dd5,0
74d43823,0
899c4003,0
2e43101a,0
6537ac46,0
e70dfcd7,0
6bc8fa28,0
4a722c92,0
b48a4c46,0
ea21e5d0,0
6c43aa42,0
b16b292d,0
37e30b59,0
549419cc,0
4904c0cf,0
08a99354,0
e1ee7674,0
e217545d,0
cbe47cf0,0
e99e7894,0
ed02de8d,0
b4e64ada,0
12148de9,0
20d419d3,0
802181fa,0
a18852b3,0
d1133c2a,0
9c6205b6,0
f08d0b5e,0
74d43823,0
899c4003,0
2e43101a,0
6537ac46,0
e70dfcd7,0
6bc8fa28,0
4a722c92,0
b48a4c46,0
ea21e5d0,0
df39ee90,0
e69a4023,0
614e2666,0
549419cc,0
4904c0cf,0
08a99354,0
e217545d,0
53aee6bc,0
e99e7894,0
ed02de8d,0
b4e64ada,0
12148de9,0
20d419d3,0
802181fa,0
a18852b3,0
d1133c2a,0
9c6205b6,0
74d43823,0
899c4003,0
2e43101a,0
6537ac46,0
e70dfcd7,0
6bc8fa28,0
4a722c92,0
b48a4c46,0
ea21e5d0,0
59bd6e14,0
9bc7d4a5,0
37e30b59,0
549419cc,0
4904c0cf,0
08a99354,0
e217545d,0
e99e7894,0
ed02de8d,0
b4e64ada,0
12148de9,0
20d419d3,0
802181fa,0
a18852b3,0
d1133c2a,0
9c6205b6,0
3344dc6d,0
74d43823,0
899c4003,0
2e43101a,0
6537ac46,0
e70dfcd7,0
6bc8fa28,0
4a722c92,0
b48a4c46,0
ea21e5d0,0
5a5dbd9f,0
e0b3c4ff,0
37e30b59,0
549419cc,0
4904c0cf,0
08a99354,0
cd12e982,0
e217545d,0
e99e7894,0
ed02de8d,0
b4e64ada,0
12148de9,0
20d419d3,0
802181fa,0
a18852b3,0
d1133c2a,0
9c6205b6,0
6b6dd7f6,0
74d43823,0
899c4003,0
2e43101a,0
6537ac46,0
e70dfcd7,0
6bc8fa28,0
4a722c92,0
b48a4c46,0
ea21e5d0,0
fa4d1c1d,0
13f9f312,0
37e30b59,0
549419cc,0
4904c0cf,0
08a99354,0
73408f7e,0
e217545d,0
dd73aa85,0
e99e7894,0
ed02de8d,0
b4e64ada,0
12148de9,0
20d419d3,0
802181fa,0
a18852b3,0
d1133c2a,0
9c6205b6,0
a40483fc,0
74d43823,0
899c4003,0
2e43101a,0
6537ac46,0
e70dfcd7,0
6bc8fa28,0
4a722c92,0
b48a4c46,0
ea21e5d0,0
6422ca68,0
412d5df9,0
614e2666,0
549419cc,0
4904c0cf,0
08a99354,0
e217545d,0
e99e7894,0
ed02de8d,0
b4e64ada,0
12148de9,0
20d419d3,0
802181fa,0
a18852b3,0
d1133c2a,0
9c6205b6,0
39c9f86d,0
74d43823,0
899c4003,0
2e43101a,0
6537ac46,0
e70dfcd7,0
6bc8fa28,0
4a722c92,0
b48a4c46,0
ea21e5d0,0
2e4ee87d,0
48886df3,0
37e30b59,0
549419cc,0
4904c0cf,0
08a99354,0
e217545d,0
134f3d14,0
e99e7894,0
ed02de8d,0
b4e64ada,0
12148de9,0
20d419d3,0
802181fa,0
a18852b3,0
d1133c2a,0
9c6205b6,0
ddafd133,0
74d43823,0
899c4003,0
2e43101a,0
6537ac46,0
e70dfcd7,0
6bc8fa28,0
4a722c92,0
b48a4c46,0
ea21e5d0,0
96e3932d,0
f859f221,0
37e30b59,0
549419cc,0
4904c0cf,0
08a99354,0
884748df,0
e217545d,0
3945851d,0
e99e7894,0
ed02de8d,0
b4e64ada,0
12148de9,0
20d419d3,0
802181fa,0
a18852b3,0
d1133c2a,0
9c6205b6,0
74d43823,0
899c4003,0
2e43101a,0
6537ac46,0
e70dfcd7,0
6bc8fa28,0
4a722c92,0
b48a4c46,0
ea21e5d0,0
811be0d2,0
1876eaac,0
614e2666,0
549419cc,0
4904c0cf,0
08a99354,0
47fc27cf,0
e217545d,0
f58aa09a,0
e99e7894,0
ed02de8d,0
b4e64ada,0
12148de9,0
20d419d3,0
802181fa,0
a18852b3,0
d1133c2a,0
9c6205b6,0
74d43823,0
899c4003,0
2e43101a,0
6537ac46,0
e70dfcd7,0
6bc8fa28,0
4a722c92,0
b48a4c46,0
ea21e5d0,0
96d1e46d,0
dd3ac5c0,0
37e30b59,0
549419cc,0
4904c0cf,0
08a99354,0
b5914781,0
e217545d,0
7abb2af1,0
e99e7894,0
ed02de8d,0
b4e64ada,0
12148de9,0
20d419d3,0
802181fa,0
a18852b3,0
d1133c2a,0
9c6205b6,0
d9067068,0
74d43823,0
899c4003,0
2e43101a,0
6537ac46,0
e70dfcd7,0
6bc8fa28,0
4a722c92,0
b48a4c46,0
ea21e5d0,0
9389f54c,0
8757ba26,0
614e2666,0
549419cc,0
4904c0cf,0
08a99354,0
804327c8,0
e217545d,0
b87b1483,0
e99e7894,0
ed02de8d,0
b4e64ada,0
12148de9,0
20d419d3,0
802181fa,0
a18852b3,0
d1133c2a,0
9c6205b6,0
74d43823,0
899c4003,0
2e43101a,0
6537ac46,0
e70dfcd7,0
6bc8fa28,0
4a722c92,0
b48a4c46,0
ea21e5d0,0
045ee188,0
b3069353,0
614e2666,0
549419cc,0
4904c0cf,0
08a99354,0
e217545d,0
069983a1,0
e99e7894,0
ed02de8d,0
b4e64ada,0
12148de9,0
20d419d3,0
802181fa,0
a18852b3,0
d1133c2a,0
9c6205b6,0
74d43823,0
899c4003,0
2e43101a,0
6537ac46,0
e70dfcd7,0
6bc8fa28,0
4a722c92,0
b48a4c46,0
ea21e5d0,0
f8368aa6,0
1681418f,0
614e2666,0
549419cc,0
4904c0cf,0
08a99354,0
e217545d,0
5f4f80fc,0
e99e7894,0
ed02de8d,0
b4e64ada,0
12148de9,0
20d419d3,0
802181fa,0
a18852b3,0
d1133c2a,0
9c6205b6,0
082c3ec6,0
74d43823,0
899c4003,0
2e43101a,0
6537ac46,0
e70dfcd7,0
6bc8fa28,0
4a722c92,0
b48a4c46,0
ea21e5d0,0
f6116a2d,0
a4afe6ed,0
37e30b59,0
549419cc,0
4904c0cf,0
08a99354,0
ecdcdcde,0
e217545d,0
e99e7894,0
ed02de8d,0
b4e64ada,0
12148de9,0
20d419d3,0
802181fa,0
a18852b3,0
d1133c2a,0
9c6205b6,0
d333d651,0
74d43823,0
899c4003,0
2e43101a,0
6537ac46,0
e70dfcd7,0
6bc8fa28,0
4a722c92,0
b48a4c46,0
ea21e5d0,0
b171d319,0
152ddb0f,0
37e30b59,0
549419cc,0
4904c0cf,0
08a99354,0
e217545d,0
e99e7894,0
ed02de8d,0
b4e64ada,0
12148de9,0
20d419d3,0
802181fa,0
a18852b3,0
d1133c2a,0
9c6205b6,0
74d43823,0
899c4003,0
2e43101a,0
6537ac46,0
e70dfcd7,0
6bc8fa28,0
4a722c92,0
b48a4c46,0
ea21e5d0,0
3a1893fc,0
e92980c5,0
614e2666,0
549419cc,0
4904c0cf,0
08a99354,0
e217545d,0
df1251f9,0
e99e7894,0
ed02de8d,0
b4e64ada,0
12148de9,0
20d419d3,0
802181fa,0
a18852b3,0
d1133c2a,0
9c6205b6,0
da65d108,0
74d43823,0
899c4003,0
2e43101a,0
6537ac46,0
e70dfcd7,0
6bc8fa28,0
4a722c92,0
b48a4c46,0
ea21e5d0,0
12772cb3,0
6b16b4aa,0
614e2666,0
549419cc,0
4904c0cf,0
08a99354,0
e217545d,0
9e09fef6,0
e99e7894,0
ed02de8d,0
b4e64ada,0
12148de9,0
20d419d3,0
802181fa,0
a18852b3,0
d1133c2a,0
9c6205b6,0
eb31fb22,0
74d43823,0
899c4003,0
2e43101a,0
6537ac46,0
e70dfcd7,0
6bc8fa28,0
4a722c92,0
b48a4c46,0
ea21e5d0,0
1063d2f5,0
2ef14f7f,0
37e30b59,0
549419cc,0
4904c0cf,0
08a99354,0
e217545d,0
e99e7894,0
ed02de8d,0
b4e64ada,0
12148de9,0
20d419d3,0
802181fa,0
a18852b3,0
d1133c2a,0
9c6205b6,0
47a07b76,0
74d43823,0
899c4003,0
2e43101a,0
6537ac46,0
e70dfcd7,0
6bc8fa28,0
4a722c92,0
b48a4c46,0
ea21e5d0,0
1b0231fd,0
42c64e06,0
614e2666,0
549419cc,0
4904c0cf,0
08a99354,0
04436449,0
e217545d,0
8f475c0c,0
e99e7894,0
ed02de8d,0
b4e64ada,0
12148de9,0
20d419d3,0
802181fa,0
a18852b3,0
d1133c2a,0
9c6205b6,0
74d43823,0
899c4003,0
2e43101a,0
6537ac46,0
e70dfcd7,0
6bc8fa28,0
4a722c92,0
b48a4c46,0
ea21e5d0,0
9e85cf31,0
93c0ac05,0
614e2666,0
549419cc,0
4904c0cf,0
08a99354,0
e217545d,0
e99e7894,0
ed02de8d,0
b4e64ada,0
12148de9,0
20d419d3,0
802181fa,0
a18852b3,0
d1133c2a,0
9c6205b6,0
74d43823,0
899c4003,0
2e43101a,0
6537ac46,0
e70dfcd7,0
6bc8fa28,0
4a722c92,0
b48a4c46,0
ea21e5d0,0
b5adf0eb,0
08ef9782,0
37e30b59,0
549419cc,0
4904c0cf,0
08a99354,0
e7e94c1c,0
e217545d,0
22fba415,0
e99e7894,0
ed02de8d,0
b4e64ada,0
12148de9,0
20d419d3,0
802181fa,0
a18852b3,0
d1133c2a,0
9c6205b6,0
27f7aa7b,0
74d43823,0
899c4003,0
2e43101a,0
6537ac46,0
e70dfcd7,0
6bc8fa28,0
4a722c92,0
b48a4c46,0
ea21e5d0,0
66d4e944,0
1676f6f8,0
614e2666,0
549419cc,0
4904c0cf,0
08a99354,0
454dc209,0
e217545d,0
2be6c116,0
e99e7894,0
ed02de8d,0
b4e64ada,0
12148de9,0
20d419d3,0
802181fa,0
a18852b3,0
d1133c2a,0
9c6205b6,0
82ae2aef,0
74d43823,0
899c4003,0
2e43101a,0
6537ac46,0
e70dfcd7,0
6bc8fa28,0
4a722c92,0
b48a4c46,0
ea21e5d0,0
6c3b2a48,0
669c162d,0
614e2666,0
549419cc,0
4904c0cf,0
08a99354,0
1fca2a4c,0
e217545d,0
f1c6c9b0,0
e99e7894,0
ed02de8d,0
b4e64ada,0
12148de9,0
20d419d3,0
802181fa,0
a18852b3,0
d1133c2a,0
9c6205b6,0
74d43823,0
899c4003,0
2e43101a,0
6537ac46,0
e70dfcd7,0
6bc8fa28,0
4a722c92,0
b48a4c46,0
ea21e5d0,0
7f6bd6fe,0
8407006f,0
614e2666,0
549419cc,0
4904c0cf,0
08a99354,0
e217545d,0
00308ec1,0
e99e7894,0
ed02de8d,0
b4e64ada,0
12148de9,0
20d419d3,0
802181fa,0
a18852b3,0
d1133c2a,0
9c6205b6,0
eed9e927,0
74d43823,0
899c4003,0
2e43101a,0
6537ac46,0
e70dfcd7,0
6bc8fa28,0
4a722c92,0
b48a4c46,0
ea21e5d0,0
86477039,0
e4880bc5,0
614e2666,0
549419cc,0
4904c0cf,0
08a99354,0
e217545d,0
36b96af0,0
e99e7894,0
ed02de8d,0
b4e64ada,0
12148de9,0
20d419d3,0
802181fa,0
a18852b3,0
d1133c2a,0
9c6205b6,0
0602d936,0
74d43823,0
899c4003,0
2e43101a,0
6537ac46,0
e70dfcd7,0
6bc8fa28,0
4a722c92,0
b48a4c46,0
ea21e5d0,0
f8de049d,0
b893481f,0
37e30b59,0
549419cc,0
4904c0cf,0
08a99354,0
7bbd167c,0
e217545d,0
b54fd78a,0
e99e7894,0
ed02de8d,0
b4e64ada,0
12148de9,0
20d419d3,0
802181fa,0
a18852b3,0
d1133c2a,0
9c6205b6,0
8a8691d7,0
74d43823,0
899c4003,0
2e43101a,0
6537ac46,0
e70dfcd7,0
6bc8fa28,0
4a722c92,0
b48a4c46,0
ea21e5d0,0
a98b2dfb,0
e216ab53,0
37e30b59,0
549419cc,0
4904c0cf,0
08a99354,0
c087c75f,0
e217545d,0
e99e7894,0
ed02de8d,0
b4e64ada,0
12148de9,0
20d419d3,0
802181fa,0
a18852b3,0
d1133c2a,0
9c6205b6,0
4603909d,0
74d43823,0
899c4003,0
2e43101a,0
6537ac46,0
e70dfcd7,0
6bc8fa28,0
4a722c92,0
b48a4c46,0
ea21e5d0,0
43223a5e,0
4e0d95c5,0
614e2666,0
549419cc,0
4904c0cf,0
08a99354,0
45befae9,0
e217545d,0
b1cccca7,0
e99e7894,0
ed02de8d,0
b4e64ada,0
12148de9,0
20d419d3,0
802181fa,0
a18852b3,0
d1133c2a,0
9c6205b6,0
5b6512d4,0
74d43823,0
899c4003,0
2e43101a,0
6537ac46,0
e70dfcd7,0
6bc8fa28,0
4a722c92,0
b48a4c46,0
ea21e5d0,0
f8d1fd5a,0
8411292c,0
614e2666,0
549419cc,0
4904c0cf,0
08a99354,0
e217545d,0
e99e7894,0
ed02de8d,0
b4e64ada,0
12148de9,0
20d419d3,0
802181fa,0
a18852b3,0
d1133c2a,0
9c6205b6,0
74d43823,0
899c4003,0
2e43101a,0
6537ac46,0
e70dfcd7,0
6bc8fa28,0
4a722c92,0
b48a4c46,0
ea21e5d0,0
8daf1c6e,0
a191676a,0
614e2666,0
549419cc,0
4904c0cf,0
08a99354,0
189dfaca,0
e217545d,0
66f4a090,0
e99e7894,0
ed02de8d,0
b4e64ada,0
12148de9,0
20d419d3,0
802181fa,0
a18852b3,0
d1133c2a,0
9c6205b6,0
2c522096,0
74d43823,0
899c4003,0
2e43101a,0
6537ac46,0
e70dfcd7,0
6bc8fa28,0
4a722c92,0
b48a4c46,0
ea21e5d0,0
15a31728,0
f7361b38,0
37e30b59,0
549419cc,0
4904c0cf,0
08a99354,0
e217545d,0
9a056d3c,0
e99e7894,0
ed02de8d,0
b4e64ada,0
12148de9,0
20d419d3,0
802181fa,0
a18852b3,0
d1133c2a,0
9c6205b6,0
873c8092,0
74d43823,0
899c4003,0
2e43101a,0
6537ac46,0
e70dfcd7,0
6bc8fa28,0
4a722c92,0
b48a4c46,0
ea21e5d0,0
d08eeb19,0
2c5a80fd,0
37e30b59,0
549419cc,0
4904c0cf,0
08a99354,0
e217545d,0
e99e7894,0
ed02de8d,0
b4e64ada,0
12148de9,0
20d419d3,0
802181fa,0
a18852b3,0
d1133c2a,0
9c6205b6,0
73f94fe0,0
74d43823,0
899c4003,0
2e43101a,0
6537ac46,0
e70dfcd7,0
6bc8fa28,0
4a722c92,0
b48a4c46,0
ea21e5d0,0
26b54904,0
679dbde7,0
614e2666,0
549419cc,0
4904c0cf,0
08a99354,0
6be32e75,0
e217545d,0
0231a7d4,0
e99e7894,0
ed02de8d,0
b4e64ada,0
12148de9,0
20d419d3,0
802181fa,0
a18852b3,0
d1133c2a,0
9c6205b6,0
e1381332,0
74d43823,0
899c4003,0
2e43101a,0
6537ac46,0
e70dfcd7,0
6bc8fa28,0
4a722c92,0
b48a4c46,0
ea21e5d0,0
045ee188,0
7d44aaff,0
37e30b59,0
549419cc,0
4904c0cf,0
08a99354,0
be3552fa,0
e217545d,0
5fce0138,0
e99e7894,0
ed02de8d,0
b4e64ada,0
12148de9,0
20d419d3,0
802181fa,0
a18852b3,0
d1133c2a,0
9c6205b6,0
faaad762,0
74d43823,0
899c4003,0
2e43101a,0
6537ac46,0
e70dfcd7,0
6bc8fa28,0
4a722c92,0
b48a4c46,0
ea21e5d0,0
7a0bf0bf,0
a6ea8ffd,0
37e30b59,0
549419cc,0
4904c0cf,0
08a99354,0
e217545d,0
e99e7894,0
ed02de8d,0
b4e64ada,0
12148de9,0
20d419d3,0
802181fa,0
a18852b3,0
d1133c2a,0
9c6205b6,0
3157af39,0
74d43823,0
899c4003,0
2e43101a,0
6537ac46,0
e70dfcd7,0
6bc8fa28,0
4a722c92,0
b48a4c46,0
ea21e5d0,0
a6b30e43,0
c502462f,0
37e30b59,0
549419cc,0
4904c0cf,0
08a99354,0
e217545d,0
f09ccd6a,0
e99e7894,0
ed02de8d,0
b4e64ada,0
12148de9,0
20d419d3,0
802181fa,0
a18852b3,0
d1133c2a,0
9c6205b6,0
a1130301,0
74d43823,0
899c4003,0
2e43101a,0
6537ac46,0
e70dfcd7,0
6bc8fa28,0
4a722c92,0
b48a4c46,0
ea21e5d0,0
84011424,0
5e9ab9a0,0
37e30b59,0
549419cc,0
4904c0cf,0
08a99354,0
71677ebf,0
e217545d,0
378e41a5,0
e99e7894,0
ed02de8d,0
b4e64ada,0
12148de9,0
20d419d3,0
802181fa,0
a18852b3,0
d1133c2a,0
9c6205b6,0
74d43823,0
899c4003,0
2e43101a,0
6537ac46,0
e70dfcd7,0
6bc8fa28,0
4a722c92,0
b48a4c46,0
ea21e5d0,0
7a0bf0bf,0
41fdb95f,0
614e2666,0
549419cc,0
4904c0cf,0
08a99354,0
e217545d,0
962be765,0
e99e7894,0
ed02de8d,0
b4e64ada,0
12148de9,0
20d419d3,0
802181fa,0
a18852b3,0
d1133c2a,0
9c6205b6,0
96683d58,0
74d43823,0
899c4003,0
2e43101a,0
6537ac46,0
e70dfcd7,0
6bc8fa28,0
4a722c92,0
b48a4c46,0
ea21e5d0,0
f90f9651,0
8cf22e6b,0
614e2666,0
549419cc,0
4904c0cf,0
08a99354,0
e217545d,0
e99e7894,0
ed02de8d,0
b4e64ada,0
12148de9,0
20d419d3,0
802181fa,0
a18852b3,0
d1133c2a,0
9c6205b6,0
74d43823,0
899c4003,0
2e43101a,0
6537ac46,0
e70dfcd7,0
6bc8fa28,0
4a722c92,0
b48a4c46,0
ea21e5d0,0
4bafa778,0
2524223d,0
37e30b59,0
549419cc,0
4904c0cf,0
08a99354,0
e217545d,0
e99e7894,0
ed02de8d,0
b4e64ada,0
12148de9,0
20d419d3,0
802181fa,0
a18852b3,0
d1133c2a,0
9c6205b6,0
489d72ad,0
74d43823,0
899c4003,0
2e43101a,0
6537ac46,0
e70dfcd7,0
6bc8fa28,0
4a722c92,0
b48a4c46,0
ea21e5d0,0
c499b055,0
2867e202,0
614e2666,0
549419cc,0
4904c0cf,0
08a99354,0
e217545d,0
d5b3a902,0
e99e7894,0
ed02de8d,0
b4e64ada,0
12148de9,0
20d419d3,0
802181fa,0
a18852b3,0
d1133c2a,0
9c6205b6,0
74d43823,0
899c4003,0
2e43101a,0
6537ac46,0
e70dfcd7,0
6bc8fa28,0
4a722c92,0
b48a4c46,0
ea21e5d0,0
71ad1ad0,0
2d5b707c,0
37e30b59,0
549419cc,0
4904c0cf,0
08a99354,0
304a797e,0
e217545d,0
e99e7894,0
ed02de8d,0
b4e64ada,0
12148de9,0
20d419d3,0
802181fa,0
a18852b3,0
d1133c2a,0
9c6205b6,0
34a3560b,0
74d43823,0
899c4003,0
2e43101a,0
6537ac46,0
e70dfcd7,0
6bc8fa28,0
4a722c92,0
b48a4c46,0
ea21e5d0,0
07cb368b,0
0c27b627,0
614e2666,0
549419cc,0
4904c0cf,0
08a99354,0
e217545d,0
ce706c59,0
e99e7894,0
ed02de8d,0
b4e64ada,0
12148de9,0
20d419d3,0
802181fa,0
a18852b3,0
d1133c2a,0
9c6205b6,0
5d6cf053,0
74d43823,0
899c4003,0
2e43101a,0
6537ac46,0
e70dfcd7,0
6bc8fa28,0
4a722c92,0
b48a4c46,0
ea21e5d0,0
a79140de,0
b11bff4a,0
37e30b59,0
549419cc,0
4904c0cf,0
08a99354,0
e217545d,0
37c66751,0
e99e7894,0
ed02de8d,0
b4e64ada,0
12148de9,0
20d419d3,0
802181fa,0
a18852b3,0
d1133c2a,0
9c6205b6,0
74d43823,0
899c4003,0
2e43101a,0
6537ac46,0
e70dfcd7,0
6bc8fa28,0
4a722c92,0
b48a4c46,0
ea21e5d0,0
34522be8,0
3eb8b9d9,0
614e2666,0
549419cc,0
4904c0cf,0
08a99354,0
e217545d,0
16bc3b6f,0
e99e7894,0
ed02de8d,0
b4e64ada,0
12148de9,0
20d419d3,0
802181fa,0
a18852b3,0
d1133c2a,0
9c6205b6,0
74d43823,0
899c4003,0
2e43101a,0
6537ac46,0
e70dfcd7,0
6bc8fa28,0
4a722c92,0
b48a4c46,0
ea21e5d0,0
55f44c3d,0
699dcc0f,0
37e30b59,0
549419cc,0
4904c0cf,0
08a99354,0
e217545d,0
e99e7894,0
ed02de8d,0
b4e64ada,0
12148de9,0
20d419d3,0
802181fa,0
a18852b3,0
d1133c2a,0
9c6205b6,0
74d43823,0
899c4003,0
2e43101a,0
6537ac46,0
e70dfcd7,0
6bc8fa28,0
4a722c92,0
b48a4c46,0
ea21e5d0,0
4e94782c,0
e8298af4,0
614e2666,0
549419cc,0
4904c0cf,0
08a99354,0
e217545d,0
239ba06d,0
e99e7894,0
ed02de8d,0
b4e64ada,0
12148de9,0
20d419d3,0
802181fa,0
a18852b3,0
d1133c2a,0
9c6205b6,0
a7b5ddf7,0
74d43823,0
899c4003,0
2e43101a,0
6537ac46,0
e70dfcd7,0
6bc8fa28,0
4a722c92,0
b48a4c46,0
ea21e5d0,0
e689314f,0
614e2666,0
549419cc,0
4904c0cf,0
08a99354,0
e217545d,0
57ab9934,0
e99e7894,0
ed02de8d,0
b4e64ada,0
12148de9,0
20d419d3,0
802181fa,0
a18852b3,0
d1133c2a,0
9c6205b6,0
74d43823,0
899c4003,0
2e43101a,0
6537ac46,0
e70dfcd7,0
6bc8fa28,0
4a722c92,0
b48a4c46,0
ea21e5d0,0
a5ecb59b,0
4ea2790a,0
37e30b59,0
549419cc,0
4904c0cf,0
08a99354,0
e217545d,0
e99e7894,0
ed02de8d,0
b4e64ada,0
12148de9,0
20d419d3,0
802181fa,0
a18852b3,0
d1133c2a,0
9c6205b6,0
74d43823,0
899c4003,0
2e43101a,0
6537ac46,0
e70dfcd7,0
6bc8fa28,0
4a722c92,0
b48a4c46,0
ea21e5d0,0
a71019e0,0
5cca90c1,0
37e30b59,0
549419cc,0
4904c0cf,0
08a99354,0
e217545d,0
e99e7894,0
ed02de8d,0
b4e64ada,0
12148de9,0
20d419d3,0
802181fa,0
a18852b3,0
d1133c2a,0
9c6205b6,0
74d43823,0
899c4003,0
2e43101a,0
6537ac46,0
e70dfcd7,0
6bc8fa28,0
4a722c92,0
b48a4c46,0
ea21e5d0,0
8c4b04d6,0
5ad44965,0
37e30b59,0
549419cc,0
4904c0cf,0
08a99354,0
50d33499,0
e217545d,0
e299fd6c,0
e99e7894,0
ed02de8d,0
b4e64ada,0
12148de9,0
20d419d3,0
802181fa,0
a18852b3,0
d1133c2a,0
9c6205b6,0
74d43823,0
899c4003,0
2e43101a,0
6537ac46,0
e70dfcd7,0
6bc8fa28,0
4a722c92,0
b48a4c46,0
ea21e5d0,0
66bd622c,0
f1205885,0
37e30b59,0
549419cc,0
4904c0cf,0
08a99354,0
e217545d,0
e99e7894,0
ed02de8d,0
b4e64ada,0
12148de9,0
20d419d3,0
802181fa,0
a18852b3,0
d1133c2a,0
9c6205b6,0
8e85a3e0,0
74d43823,0
899c4003,0
2e43101a,0
6537ac46,0
e70dfcd7,0
6bc8fa28,0
4a722c92,0
b48a4c46,0
ea21e5d0,0
32a10d50,0
23fbaeb4,0
614e2666,0
549419cc,0
4904c0cf,0
08a99354,0
02ef72ec,0
e217545d,0
ff84dbf6,0
e99e7894,0
ed02de8d,0
b4e64ada,0
12148de9,0
20d419d3,0
802181fa,0
a18852b3,0
d1133c2a,0
9c6205b6,0
4e0458a6,0
74d43823,0
899c4003,0
2e43101a,0
6537ac46,0
e70dfcd7,0
6bc8fa28,0
4a722c92,0
b48a4c46,0
ea21e5d0,0
db1227c4,0
1b042ff0,0
37e30b59,0
549419cc,0
4904c0cf,0
08a99354,0
8f8e80b0,0
e217545d,0
e99e7894,0
ed02de8d,0
b4e64ada,0
12148de9,0
20d419d3,0
802181fa,0
a18852b3,0
d1133c2a,0
9c6205b6,0
74d43823,0
899c4003,0
2e43101a,0
6537ac46,0
e70dfcd7,0
6bc8fa28,0
4a722c92,0
b48a4c46,0
ea21e5d0,0
e9b0045d,0
17d90e5c,0
37e30b59,0
549419cc,0
4904c0cf,0
08a99354,0
7a6e8608,0
e217545d,0
e99e7894,0
ed02de8d,0
b4e64ada,0
12148de9,0
20d419d3,0
802181fa,0
a18852b3,0
d1133c2a,0
9c6205b6,0
74d43823,0
899c4003,0
2e43101a,0
6537ac46,0
e70dfcd7,0
6bc8fa28,0
4a722c92,0
b48a4c46,0
ea21e5d0,0
5b6b491a,0
f7cc580c,0
614e2666,0
549419cc,0
4904c0cf,0
08a99354,0
9d2b7766,0
e217545d,0
f50286a5,0
e99e7894,0
ed02de8d,0
b4e64ada,0
12148de9,0
20d419d3,0
802181fa,0
a18852b3,0
d1133c2a,0
9c6205b6,0
b16ef11b,0
74d43823,0
899c4003,0
2e43101a,0
6537ac46,0
e70dfcd7,0
6bc8fa28,0
4a722c92,0
b48a4c46,0
ea21e5d0,0
571156d0,0
1e3d63f0,0
37e30b59,0
549419cc,0
4904c0cf,0
08a99354,0
e217545d,0
e99e7894,0
ed02de8d,0
b4e64ada,0
12148de9,0
20d419d3,0
802181fa,0
a18852b3,0
d1133c2a,0
9c6205b6,0
671e1222,0
74d43823,0
899c4003,0
2e43101a,0
6537ac46,0
e70dfcd7,0
6bc8fa28,0
4a722c92,0
b48a4c46,0
ea21e5d0,0
32a10d50,0
65762808,0
614e2666,0
549419cc,0
4904c0cf,0
08a99354,0
e36e851f,0
e217545d,0
3bbc804d,0
e99e7894,0
ed02de8d,0
b4e64ada,0
12148de9,0
20d419d3,0
802181fa,0
a18852b3,0
d1133c2a,0
9c6205b6,0
74d43823,0
899c4003,0
2e43101a,0
6537ac46,0
e70dfcd7,0
6bc8fa28,0
4a722c92,0
b48a4c46,0
ea21e5d0,0
b21cceed,0
ada1dd53,0
37e30b59,0
549419cc,0
4904c0cf,0
08a99354,0
f4dc36b2,0
e217545d,0
581c1bf2,0
e99e7894,0
ed02de8d,0
b4e64ada,0
12148de9,0
20d419d3,0
802181fa,0
a18852b3,0
d1133c2a,0
9c6205b6,0
8e77e0fb,0
74d43823,0
899c4003,0
2e43101a,0
6537ac46,0
e70dfcd7,0
6bc8fa28,0
4a722c92,0
b48a4c46,0
ea21e5d0,0
d40ae2b8,0
f16f0c6d,0
37e30b59,0
549419cc,0
4904c0cf,0
08a99354,0
c8f2cbcf,0
e217545d,0
e99e7894,0
ed02de8d,0
b4e64ada,0
12148de9,0
20d419d3,0
802181fa,0
a18852b3,0
d1133c2a,0
9c6205b6,0
74d43823,0
899c4003,0
2e43101a,0
6537ac46,0
e70dfcd7,0
6bc8fa28,0
4a722c92,0
b48a4c46,0
ea21e5d0,0
23bb786e,0
ce0b21f3,0
37e30b59,0
549419cc,0
4904c0cf,0
08a99354,0
e217545d,0
401bb212,0
e99e7894,0
ed02de8d,0
b4e64ada,0
12148de9,0
20d419d3,0
802181fa,0
a18852b3,0
d1133c2a,0
9c6205b6,0
a9e11745,0
74d43823,0
899c4003,0
2e43101a,0
6537ac46,0
e70dfcd7,0
6bc8fa28,0
4a722c92,0
b48a4c46,0
ea21e5d0,0
4058dc7f,0
5030883a,0
614e2666,0
549419cc,0
4904c0cf,0
08a99354,0
e217545d,0
e99e7894,0
ed02de8d,0
b4e64ada,0
12148de9,0
20d419d3,0
802181fa,0
a18852b3,0
d1133c2a,0
9c6205b6,0
74d43823,0
899c4003,0
2e43101a,0
6537ac46,0
e70dfcd7,0
6bc8fa28,0
4a722c92,0
b48a4c46,0
ea21e5d0,0
a122edab,0
b1333563,0
37e30b59,0
549419cc,0
4904c0cf,0
08a99354,0
0ecb8fe9,0
e217545d,0
72d786c2,0
e99e7894,0
ed02de8d,0
b4e64ada,0
12148de9,0
20d419d3,0
802181fa,0
a18852b3,0
d1133c2a,0
9c6205b6,0
74d43823,0
899c4003,0
2e43101a,0
6537ac46,0
e70dfcd7,0
6bc8fa28,0
4a722c92,0
b48a4c46,0
ea21e5d0,0
ff9c3b8a,0
807df08f,0
614e2666,0
549419cc,0
4904c0cf,0
08a99354,0
c5c45195,0
e217545d,0
e99e7894,0
ed02de8d,0
b4e64ada,0
12148de9,0
20d419d3,0
802181fa,0
a18852b3,0
d1133c2a,0
9c6205b6,0
74d43823,0
899c4003,0
2e43101a,0
6537ac46,0
e70dfcd7,0
6bc8fa28,0
4a722c92,0
b48a4c46,0
ea21e5d0,0
bae39225,0
d1e6c226,0
614e2666,0
549419cc,0
4904c0cf,0
08a99354,0
7d397ed1,0
e217545d,0
f45f6f0d,0
e99e7894,0
ed02de8d,0
b4e64ada,0
12148de9,0
20d419d3,0
802181fa,0
a18852b3,0
d1133c2a,0
9c6205b6,0
74d43823,0
899c4003,0
2e43101a,0
6537ac46,0
e70dfcd7,0
6bc8fa28,0
4a722c92,0
b48a4c46,0
ea21e5d0,0
8b3cfe84,0
62c66999,0
614e2666,0
549419cc,0
4904c0cf,0
08a99354,0
e217545d,0
a3f4b4f2,0
e99e7894,0
ed02de8d,0
b4e64ada,0
12148de9,0
20d419d3,0
802181fa,0
a18852b3,0
d1133c2a,0
9c6205b6,0
74d43823,0
899c4003,0
2e43101a,0
6537ac46,0
e70dfcd7,0
6bc8fa28,0
4a722c92,0
b48a4c46,0
ea21e5d0,0
b1bd9dea,0
289aa67a,0
37e30b59,0
549419cc,0
4904c0cf,0
08a99354,0
e217545d,0
e99e7894,0
ed02de8d,0
b4e64ada,0
12148de9,0
20d419d3,0
802181fa,0
a18852b3,0
d1133c2a,0
9c6205b6,0
74d43823,0
899c4003,0
2e43101a,0
6537ac46,0
e70dfcd7,0
6bc8fa28,0
4a722c92,0
b48a4c46,0
ea21e5d0,0
8adbbdac,0
48bfdfd6,0
37e30b59,0
549419cc,0
4904c0cf,0
08a99354,0
bc2121a5,0
e217545d,0
a99caa00,0
e99e7894,0
ed02de8d,0
b4e64ada,0
12148de9,0
20d419d3,0
802181fa,0
a18852b3,0
d1133c2a,0
9c6205b6,0
74d43823,0
899c4003,0
2e43101a,0
6537ac46,0
e70dfcd7,0
6bc8fa28,0
4a722c92,0
b48a4c46,0
ea21e5d0,0
99a33dd6,0
490353d3,0
614e2666,0
549419cc,0
4904c0cf,0
08a99354,0
7ecab13b,0
e217545d,0
c5dcaf1e,0
e99e7894,0
ed02de8d,0
b4e64ada,0
12148de9,0
20d419d3,0
802181fa,0
a18852b3,0
d1133c2a,0
9c6205b6,0
74d43823,0
899c4003,0
2e43101a,0
6537ac46,0
e70dfcd7,0
6bc8fa28,0
4a722c92,0
b48a4c46,0
ea21e5d0,0
41ba838d,0
6f256b42,0
614e2666,0
549419cc,0
4904c0cf,0
08a99354,0
48aa3418,0
e217545d,0
774d612b,0
e99e7894,0
ed02de8d,0
b4e64ada,0
12148de9,0
20d419d3,0
802181fa,0
a18852b3,0
d1133c2a,0
9c6205b6,0
7ee81d20,0
74d43823,0
899c4003,0
2e43101a,0
6537ac46,0
e70dfcd7,0
6bc8fa28,0
4a722c92,0
b48a4c46,0
ea21e5d0,0
b48488e1,0
03b7a35c,0
37e30b59,0
549419cc,0
4904c0cf,0
08a99354,0
4a27542b,0
e217545d,0
e99e7894,0
ed02de8d,0
b4e64ada,0
12148de9,0
20d419d3,0
802181fa,0
a18852b3,0
d1133c2a,0
9c6205b6,0
eff31db1,0
74d43823,0
899c4003,0
2e43101a,0
6537ac46,0
e70dfcd7,0
6bc8fa28,0
4a722c92,0
b48a4c46,0
ea21e5d0,0
b9c358a6,0
63d5e04a,0
37e30b59,0
549419cc,0
4904c0cf,0
08a99354,0
6cad9ff1,0
e217545d,0
e99e7894,0
ed02de8d,0
b4e64ada,0
12148de9,0
20d419d3,0
802181fa,0
a18852b3,0
d1133c2a,0
9c6205b6,0
74d43823,0
899c4003,0
2e43101a,0
6537ac46,0
e70dfcd7,0
6bc8fa28,0
4a722c92,0
b48a4c46,0
ea21e5d0,0
672c5b8b,0
59d0e151,0
37e30b59,0
549419cc,0
4904c0cf,0
08a99354,0
e217545d,0
e99e7894,0
ed02de8d,0
b4e64ada,0
12148de9,0
20d419d3,0
802181fa,0
a18852b3,0
d1133c2a,0
9c6205b6,0
c068c524,0
74d43823,0
899c4003,0
2e43101a,0
6537ac46,0
e70dfcd7,0
6bc8fa28,0
4a722c92,0
b48a4c46,0
ea21e5d0,0
7d2bac79,0
e70ffc3d,0
37e30b59,0
549419cc,0
4904c0cf,0
08a99354,0
ec003200,0
e217545d,0
c1395843,0
e99e7894,0
ed02de8d,0
b4e64ada,0
12148de9,0
20d419d3,0
802181fa,0
a18852b3,0
d1133c2a,0
9c6205b6,0
74d43823,0
899c4003,0
2e43101a,0
6537ac46,0
e70dfcd7,0
6bc8fa28,0
4a722c92,0
b48a4c46,0
ea21e5d0,0
9b1006ae,0
40c6b013,0
614e2666,0
549419cc,0
4904c0cf,0
08a99354,0
2c991312,0
e217545d,0
909d1e4e,0
e99e7894,0
ed02de8d,0
b4e64ada,0
12148de9,0
20d419d3,0
802181fa,0
a18852b3,0
d1133c2a,0
9c6205b6,0
22e7650b,0
74d43823,0
899c4003,0
2e43101a,0
6537ac46,0
e70dfcd7,0
6bc8fa28,0
4a722c92,0
b48a4c46,0
ea21e5d0,0
d40ae2b8,0
d0e095e8,0
37e30b59,0
549419cc,0
4904c0cf,0
08a99354,0
54037dab,0
e217545d,0
a9cd7934,0
e99e7894,0
ed02de8d,0
b4e64ada,0
12148de9,0
20d419d3,0
802181fa,0
a18852b3,0
d1133c2a,0
9c6205b6,0
74d43823,0
899c4003,0
2e43101a,0
6537ac46,0
e70dfcd7,0
6bc8fa28,0
4a722c92,0
b48a4c46,0
ea21e5d0,0
f3784570,0
2e65e6ad,0
37e30b59,0
549419cc,0
4904c0cf,0
08a99354,0
13a39c99,0
e217545d,0
054176b8,0
e99e7894,0
ed02de8d,0
b4e64ada,0
12148de9,0
20d419d3,0
802181fa,0
a18852b3,0
d1133c2a,0
9c6205b6,0
f5fd25f3,0
74d43823,0
899c4003,0
2e43101a,0
6537ac46,0
e70dfcd7,0
6bc8fa28,0
4a722c92,0
b48a4c46,0
ea21e5d0,0
92e58076,0
dd9147ae,0
37e30b59,0
549419cc,0
4904c0cf,0
08a99354,0
e217545d,0
d088791c,0
e99e7894,0
ed02de8d,0
b4e64ada,0
12148de9,0
20d419d3,0
802181fa,0
a18852b3,0
d1133c2a,0
9c6205b6,0
74d43823,0
899c4003,0
2e43101a,0
6537ac46,0
e70dfcd7,0
6bc8fa28,0
4a722c92,0
b48a4c46,0
ea21e5d0,0
84488335,0
614e2666,0
549419cc,0
4904c0cf,0
08a99354,0
e217545d,0
e99e7894,0
ed02de8d,0
b4e64ada,0
12148de9,0
20d419d3,0
802181fa,0
a18852b3,0
d1133c2a,0
9c6205b6,0
93df7b7d,0
74d43823,0
899c4003,0
2e43101a,0
6537ac46,0
e70dfcd7,0
6bc8fa28,0
4a722c92,0
b48a4c46,0
ea21e5d0,0
0f76cf34,0
62223eaf,0
37e30b59,0
549419cc,0
4904c0cf,0
08a99354,0
f25657c8,0
e217545d,0
950888d0,0
e99e7894,0
ed02de8d,0
b4e64ada,0
12148de9,0
20d419d3,0
802181fa,0
a18852b3,0
d1133c2a,0
9c6205b6,0
8a683211,0
74d43823,0
899c4003,0
2e43101a,0
6537ac46,0
e70dfcd7,0
6bc8fa28,0
4a722c92,0
b48a4c46,0
ea21e5d0,0
04abaf2f,0
d0e9f87e,0
614e2666,0
549419cc,0
4904c0cf,0
08a99354,0
7e7a0adc,0
e217545d,0
db0a3bc1,0
e99e7894,0
ed02de8d,0
b4e64ada,0
12148de9,0
20d419d3,0
802181fa,0
a18852b3,0
d1133c2a,0
9c6205b6,0
ef00a760,0
74d43823,0
899c4003,0
2e43101a,0
6537ac46,0
e70dfcd7,0
6bc8fa28,0
4a722c92,0
b48a4c46,0
ea21e5d0,0
725d5780,0
2cb45204,0
614e2666,0
549419cc,0
4904c0cf,0
08a99354,0
708d3ba1,0
e217545d,0
d4b978ba,0
e99e7894,0
ed02de8d,0
b4e64ada,0
12148de9,0
20d419d3,0
802181fa,0
a18852b3,0
d1133c2a,0
9c6205b6,0
13d7e28d,0
74d43823,0
899c4003,0
2e43101a,0
6537ac46,0
e70dfcd7,0
6bc8fa28,0
4a722c92,0
b48a4c46,0
ea21e5d0,0
bd4d2770,0
e4319c56,0
37e30b59,0
549419cc,0
4904c0cf,0
08a99354,0
e217545d,0
e99e7894,0
ed02de8d,0
b4e64ada,0
12148de9,0
20d419d3,0
802181fa,0
a18852b3,0
d1133c2a,0
9c6205b6,0
e19591db,0
74d43823,0
899c4003,0
2e43101a,0
6537ac46,0
e70dfcd7,0
6bc8fa28,0
4a722c92,0
b48a4c46,0
ea21e5d0,0
96f6c1e4,0
c435b795,0
37e30b59,0
549419cc,0
4904c0cf,0
08a99354,0
e217545d,0
e99e7894,0
ed02de8d,0
b4e64ada,0
12148de9,0
20d419d3,0
802181fa,0
a18852b3,0
d1133c2a,0
9c6205b6,0
7722228e,0
74d43823,0
899c4003,0
2e43101a,0
6537ac46,0
e70dfcd7,0
6bc8fa28,0
4a722c92,0
b48a4c46,0
ea21e5d0,0
9c2dc6d7,0
0883dd4f,0
37e30b59,0
549419cc,0
4904c0cf,0
08a99354,0
4ed136a2,0
e217545d,0
eb4ff535,0
e99e7894,0
ed02de8d,0
b4e64ada,0
12148de9,0
20d419d3,0
802181fa,0
a18852b3,0
d1133c2a,0
9c6205b6,0
e13f3801,0
74d43823,0
899c4003,0
2e43101a,0
6537ac46,0
e70dfcd7,0
6bc8fa28,0
4a722c92,0
b48a4c46,0
ea21e5d0,0
9a45c264,0
edaa651b,0
37e30b59,0
549419cc,0
4904c0cf,0
08a99354,0
914e324e,0
e217545d,0
e99e7894,0
ed02de8d,0
b4e64ada,0
12148de9,0
20d419d3,0
802181fa,0
a18852b3,0
d1133c2a,0
9c6205b6,0
74d43823,0
899c4003,0
2e43101a,0
6537ac46,0
e70dfcd7,0
6bc8fa28,0
4a722c92,0
b48a4c46,0
ea21e5d0,0
fa363847,0
112658ee,0
37e30b59,0
549419cc,0
4904c0cf,0
08a99354,0
92a19540,0
e217545d,0
e99e7894,0
ed02de8d,0
b4e64ada,0
12148de9,0
20d419d3,0
802181fa,0
a18852b3,0
d1133c2a,0
9c6205b6,0
74d43823,0
899c4003,0
2e43101a,0
6537ac46,0
e70dfcd7,0
6bc8fa28,0
4a722c92,0
b48a4c46,0
ea21e5d0,0
fb329910,0
c216dcfd,0
614e2666,0
549419cc,0
4904c0cf,0
08a99354,0
e217545d,0
4322b8f7,0
e99e7894,0
ed02de8d,0
b4e64ada,0
12148de9,0
20d419d3,0
802181fa,0
a18852b3,0
d1133c2a,0
9c6205b6,0
6f15be9a,0
74d43823,0
899c4003,0
2e43101a,0
6537ac46,0
e70dfcd7,0
6bc8fa28,0
4a722c92,0
b48a4c46,0
ea21e5d0,0
4001216b,0
47cb1cb9,0
37e30b59,0
549419cc,0
4904c0cf,0
08a99354,0
e217545d,0
5cfad9ac,0
e99e7894,0
ed02de8d,0
b4e64ada,0
12148de9,0
20d419d3,0
802181fa,0
a18852b3,0
d1133c2a,0
9c6205b6,0
bda4234c,0
74d43823,0
899c4003,0
2e43101a,0
6537ac46,0
e70dfcd7,0
6bc8fa28,0
4a722c92,0
b48a4c46,0
ea21e5d0,0
6abbf878,0
7b5c7cce,0
614e2666,0
549419cc,0
4904c0cf,0
08a99354,0
53a4741e,0
e217545d,0
9b127675,0
e99e7894,0
ed02de8d,0
b4e64ada,0
12148de9,0
20d419d3,0
802181fa,0
a18852b3,0
d1133c2a,0
9c6205b6,0
78e6659f,0
74d43823,0
899c4003,0
2e43101a,0
6537ac46,0
e70dfcd7,0
6bc8fa28,0
4a722c92,0
b48a4c46,0
ea21e5d0,0
9fc87d3a,0
266e1e76,0
614e2666,0
549419cc,0
4904c0cf,0
08a99354,0
e217545d,0
79c2f968,0
e99e7894,0
ed02de8d,0
b4e64ada,0
12148de9,0
20d419d3,0
802181fa,0
a18852b3,0
d1133c2a,0
9c6205b6,0
48a8fe69,0
74d43823,0
899c4003,0
2e43101a,0
6537ac46,0
e70dfcd7,0
6bc8fa28,0
4a722c92,0
b48a4c46,0
ea21e5d0,0
6f855c47,0
2cc379db,0
37e30b59,0
549419cc,0
4904c0cf,0
08a99354,0
8a7364f6,0
e217545d,0
e99e7894,0
ed02de8d,0
b4e64ada,0
12148de9,0
20d419d3,0
802181fa,0
a18852b3,0
d1133c2a,0
9c6205b6,0
dfc2753a,0
74d43823,0
899c4003,0
2e43101a,0
6537ac46,0
e70dfcd7,0
6bc8fa28,0
4a722c92,0
b48a4c46,0
ea21e5d0,0
d0188678,0
714b61aa,0
614e2666,0
549419cc,0
4904c0cf,0
08a99354,0
e217545d,0
3ce6f56d,0
e99e7894,0
ed02de8d,0
b4e64ada,0
12148de9,0
20d419d3,0
802181fa,0
a18852b3,0
d1133c2a,0
9c6205b6,0
13963eb4,0
74d43823,0
899c4003,0
2e43101a,0
6537ac46,0
e70dfcd7,0
6bc8fa28,0
4a722c92,0
b48a4c46,0
ea21e5d0,0
00c1207c,0
4a27704b,0
614e2666,0
549419cc,0
4904c0cf,0
08a99354,0
e217545d,0
e99e7894,0
ed02de8d,0
b4e64ada,0
12148de9,0
20d419d3,0
802181fa,0
a18852b3,0
d1133c2a,0
9c6205b6,0
74d43823,0
899c4003,0
2e43101a,0
6537ac46,0
e70dfcd7,0
6bc8fa28,0
4a722c92,0
b48a4c46,0
ea21e5d0,0
2e4ee87d,0
18c01fa9,0
37e30b59,0
549419cc,0
4904c0cf,0
08a99354,0
e217545d,0
904f890d,0
e99e7894,0
ed02de8d,0
b4e64ada,0
12148de9,0
20d419d3,0
802181fa,0
a18852b3,0
d1133c2a,0
9c6205b6,0
3ee12ed2,0
74d43823,0
899c4003,0
2e43101a,0
6537ac46,0
e70dfcd7,0
6bc8fa28,0
4a722c92,0
b48a4c46,0
ea21e5d0,0
54e5352c,0
83ec4d3b,0
37e30b59,0
549419cc,0
4904c0cf,0
08a99354,0
314c7c9b,0
e217545d,0
7b9581c8,0
e99e7894,0
ed02de8d,0
b4e64ada,0
12148de9,0
20d419d3,0
802181fa,0
a18852b3,0
d1133c2a,0
9c6205b6,0
74d43823,0
899c4003,0
2e43101a,0
6537ac46,0
e70dfcd7,0
6bc8fa28,0
4a722c92,0
b48a4c46,0
ea21e5d0,0
f9f71ea2,0
44dca27e,0
37e30b59,0
549419cc,0
4904c0cf,0
08a99354,0
ca5f6ecb,0
e217545d,0
e99e7894,0
ed02de8d,0
b4e64ada,0
12148de9,0
20d419d3,0
802181fa,0
a18852b3,0
d1133c2a,0
9c6205b6,0
31c6f9a9,0
74d43823,0
899c4003,0
2e43101a,0
6537ac46,0
e70dfcd7,0
6bc8fa28,0
4a722c92,0
b48a4c46,0
ea21e5d0,0
1ac168ef,0
bd43b0c3,0
37e30b59,0
549419cc,0
4904c0cf,0
08a99354,0
e217545d,0
e99e7894,0
ed02de8d,0
b4e64ada,0
12148de9,0
20d419d3,0
802181fa,0
a18852b3,0
d1133c2a,0
9c6205b6,0
74d43823,0
899c4003,0
2e43101a,0
6537ac46,0
e70dfcd7,0
6bc8fa28,0
4a722c92,0
b48a4c46,0
ea21e5d0,0
dcdc9cb9,0
37e30b59,0
549419cc,0
4904c0cf,0
08a99354,0
e217545d,0
e856d295,0
e99e7894,0
ed02de8d,0
b4e64ada,0
12148de9,0
20d419d3,0
802181fa,0
a18852b3,0
d1133c2a,0
9c6205b6,0
23a70414,0
74d43823,0
899c4003,0
2e43101a,0
6537ac46,0
e70dfcd7,0
6bc8fa28,0
4a722c92,0
b48a4c46,0
ea21e5d0,0
b9d36a43,0
b86ecc54,0
614e2666,0
549419cc,0
4904c0cf,0
08a99354,0
fd57ae44,0
e217545d,0
e99e7894,0
ed02de8d,0
b4e64ada,0
12148de9,0
20d419d3,0
802181fa,0
a18852b3,0
d1133c2a,0
9c6205b6,0
a1958c24,0
74d43823,0
899c4003,0
2e43101a,0
6537ac46,0
e70dfcd7,0
6bc8fa28,0
4a722c92,0
b48a4c46,0
ea21e5d0,0
d44abdaf,0
6524d102,0
37e30b59,0
549419cc,0
4904c0cf,0
08a99354,0
e217545d,0
e99e7894,0
ed02de8d,0
b4e64ada,0
12148de9,0
20d419d3,0
802181fa,0
a18852b3,0
d1133c2a,0
9c6205b6,0
74d43823,0
899c4003,0
2e43101a,0
6537ac46,0
e70dfcd7,0
6bc8fa28,0
4a722c92,0
b48a4c46,0
ea21e5d0,0
e7eec150,0
6a84d0dd,0
614e2666,0
549419cc,0
4904c0cf,0
08a99354,0
e217545d,0
0bbf17ac,0
e99e7894,0
ed02de8d,0
b4e64ada,0
12148de9,0
20d419d3,0
802181fa,0
a18852b3,0
d1133c2a,0
9c6205b6,0
7aae92db,0
74d43823,0
899c4003,0
2e43101a,0
6537ac46,0
e70dfcd7,0
6bc8fa28,0
4a722c92,0
b48a4c46,0
ea21e5d0,0
b86fed8b,0
91cc6ce0,0
614e2666,0
549419cc,0
4904c0cf,0
08a99354,0
e217545d,0
e99e7894,0
ed02de8d,0
b4e64ada,0
12148de9,0
20d419d3,0
802181fa,0
a18852b3,0
d1133c2a,0
9c6205b6,0
74d43823,0
899c4003,0
2e43101a,0
6537ac46,0
e70dfcd7,0
6bc8fa28,0
4a722c92,0
b48a4c46,0
ea21e5d0,0
30410af4,0
9fcc8ed5,0
37e30b59,0
549419cc,0
4904c0cf,0
08a99354,0
2cee0f12,0
e217545d,0
92596915,0
e99e7894,0
ed02de8d,0
b4e64ada,0
12148de9,0
20d419d3,0
802181fa,0
a18852b3,0
d1133c2a,0
9c6205b6,0
74d43823,0
899c4003,0
2e43101a,0
6537ac46,0
e70dfcd7,0
6bc8fa28,0
4a722c92,0
b48a4c46,0
ea21e5d0,0
f04b69d8,0
9c2bf0a8,0
37e30b59,0
549419cc,0
4904c0cf,0
08a99354,0
d956bdb0,0
e217545d,0
cc84baf1,0
e99e7894,0
ed02de8d,0
b4e64ada,0
12148de9,0
20d419d3,0
802181fa,0
a18852b3,0
d1133c2a,0
9c6205b6,0
26e4c2c4,0
74d43823,0
899c4003,0
2e43101a,0
6537ac46,0
e70dfcd7,0
6bc8fa28,0
4a722c92,0
b48a4c46,0
ea21e5d0,0
f7ab6ccd,0
3ea27160,0
614e2666,0
549419cc,0
4904c0cf,0
08a99354,0
c15b191d,0
e217545d,0
e99e7894,0
ed02de8d,0
b4e64ada,0
12148de9,0
20d419d3,0
802181fa,0
a18852b3,0
d1133c2a,0
9c6205b6,0
74d43823,0
899c4003,0
2e43101a,0
6537ac46,0
e70dfcd7,0
6bc8fa28,0
4a722c92,0
b48a4c46,0
ea21e5d0,0
d3d84ab4,0
af0be430,0
37e30b59,0
549419cc,0
4904c0cf,0
08a99354,0
e217545d,0
a4caa6cb,0
e99e7894,0
ed02de8d,0
b4e64ada,0
12148de9,0
20d419d3,0
802181fa,0
a18852b3,0
d1133c2a,0
9c6205b6,0
cc41f01d,0
74d43823,0
899c4003,0
2e43101a,0
6537ac46,0
e70dfcd7,0
6bc8fa28,0
4a722c92,0
b48a4c46,0
ea21e5d0,0
16bebd61,0
7380c8d9,0
614e2666,0
549419cc,0
4904c0cf,0
08a99354,0
e217545d,0
e99e7894,0
ed02de8d,0
b4e64ada,0
12148de9,0
20d419d3,0
802181fa,0
a18852b3,0
d1133c2a,0
9c6205b6,0
74d43823,0
899c4003,0
2e43101a,0
6537ac46,0
e70dfcd7,0
6bc8fa28,0
4a722c92,0
b48a4c46,0
ea21e5d0,0
626ba591,0
0cbcfaff,0
614e2666,0
549419cc,0
4904c0cf,0
08a99354,0
ca864c97,0
e217545d,0
e99e7894,0
ed02de8d,0
b4e64ada,0
12148de9,0
20d419d3,0
802181fa,0
a18852b3,0
d1133c2a,0
9c6205b6,0
cec2a90e,0
74d43823,0
899c4003,0
2e43101a,0
6537ac46,0
e70dfcd7,0
6bc8fa28,0
4a722c92,0
b48a4c46,0
ea21e5d0,0
d78c11b3,0
e21b5698,0
37e30b59,0
549419cc,0
4904c0cf,0
08a99354,0
e217545d,0
5e57cfc5,0
e99e7894,0
ed02de8d,0
b4e64ada,0
12148de9,0
20d419d3,0
802181fa,0
a18852b3,0
d1133c2a,0
9c6205b6,0
74d43823,0
899c4003,0
2e43101a,0
6537ac46,0
e70dfcd7,0
6bc8fa28,0
4a722c92,0
b48a4c46,0
ea21e5d0,0
3dbd03fe,0
2e5d7b61,0
37e30b59,0
549419cc,0
4904c0cf,0
08a99354,0
e217545d,0
e99e7894,0
ed02de8d,0
b4e64ada,0
12148de9,0
20d419d3,0
802181fa,0
a18852b3,0
d1133c2a,0
9c6205b6,0
3e1ad941,0
74d43823,0
899c4003,0
2e43101a,0
6537ac46,0
e70dfcd7,0
6bc8fa28,0
4a722c92,0
b48a4c46,0
ea21e5d0,0
0910b4fd,0
b9575ab0,0
37e30b59,0
549419cc,0
4904c0cf,0
08a99354,0
e217545d,0
e99e7894,0
ed02de8d,0
b4e64ada,0
12148de9,0
20d419d3,0
802181fa,0
a18852b3,0
d1133c2a,0
9c6205b6,0
67c1f1be,0
74d43823,0
899c4003,0
2e43101a,0
6537ac46,0
e70dfcd7,0
6bc8fa28,0
4a722c92,0
b48a4c46,0
ea21e5d0,0
76d05a63,0
d03f4426,0
37e30b59,0
549419cc,0
4904c0cf,0
08a99354,0
e217545d,0
ffd850d9,0
e99e7894,0
ed02de8d,0
b4e64ada,0
12148de9,0
20d419d3,0
802181fa,0
a18852b3,0
d1133c2a,0
9c6205b6,0
bf2ee7cf,0
74d43823,0
899c4003,0
2e43101a,0
6537ac46,0
e70dfcd7,0
6bc8fa28,0
4a722c92,0
b48a4c46,0
ea21e5d0,0
ab13e957,0
522a4336,0
37e30b59,0
549419cc,0
4904c0cf,0
08a99354,0
e217545d,0
4b7055ed,0
e99e7894,0
ed02de8d,0
b4e64ada,0
12148de9,0
20d419d3,0
802181fa,0
a18852b3,0
d1133c2a,0
9c6205b6,0
bce82659,0
74d43823,0
899c4003,0
2e43101a,0
6537ac46,0
e70dfcd7,0
6bc8fa28,0
4a722c92,0
b48a4c46,0
ea21e5d0,0
053a30d4,0
76a3cf76,0
37e30b59,0
549419cc,0
4904c0cf,0
08a99354,0
516252dc,0
e217545d,0
89234ddc,0
e99e7894,0
ed02de8d,0
b4e64ada,0
12148de9,0
20d419d3,0
802181fa,0
a18852b3,0
d1133c2a,0
9c6205b6,0
74d43823,0
899c4003,0
2e43101a,0
6537ac46,0
e70dfcd7,0
6bc8fa28,0
4a722c92,0
b48a4c46,0
ea21e5d0,0
ee9bd1a1,0
e647631d,0
37e30b59,0
549419cc,0
4904c0cf,0
08a99354,0
fe8ea026,0
e217545d,0
19b5aeab,0
e99e7894,0
ed02de8d,0
b4e64ada,0
12148de9,0
20d419d3,0
802181fa,0
a18852b3,0
d1133c2a,0
9c6205b6,0
1e0bf82e,0
74d43823,0
899c4003,0
2e43101a,0
6537ac46,0
e70dfcd7,0
6bc8fa28,0
4a722c92,0
b48a4c46,0
ea21e5d0,0
1c405a1a,0
9a8309a4,0
614e2666,0
549419cc,0
4904c0cf,0
08a99354,0
e217545d,0
e99e7894,0
ed02de8d,0
b4e64ada,0
12148de9,0
20d419d3,0
802181fa,0
a18852b3,0
d1133c2a,0
9c6205b6,0
f3666f62,0
74d43823,0
899c4003,0
2e43101a,0
6537ac46,0
e70dfcd7,0
6bc8fa28,0
4a722c92,0
b48a4c46,0
ea21e5d0,0
6879cc47,0
e94ba4b8,0
37e30b59,0
549419cc,0
4904c0cf,0
08a99354,0
78b9f1d8,0
e217545d,0
6b97fcc7,0
e99e7894,0
ed02de8d,0
b4e64ada,0
12148de9,0
20d419d3,0
802181fa,0
a18852b3,0
d1133c2a,0
9c6205b6,0
3f8f6df7,0
74d43823,0
899c4003,0
2e43101a,0
6537ac46,0
e70dfcd7,0
6bc8fa28,0
4a722c92,0
b48a4c46,0
ea21e5d0,0
0263b46b,0
1e09359d,0
37e30b59,0
549419cc,0
4904c0cf,0
08a99354,0
91866f49,0
e217545d,0
9ba47961,0
e99e7894,0
ed02de8d,0
b4e64ada,0
12148de9,0
20d419d3,0
802181fa,0
a18852b3,0
d1133c2a,0
9c6205b6,0
74d43823,0
899c4003,0
2e43101a,0
6537ac46,0
e70dfcd7,0
6bc8fa28,0
4a722c92,0
b48a4c46,0
ea21e5d0,0
6b839438,0
716ab3ac,0
614e2666,0
549419cc,0
4904c0cf,0
08a99354,0
e217545d,0
e99e7894,0
ed02de8d,0
b4e64ada,0
12148de9,0
20d419d3,0
802181fa,0
a18852b3,0
d1133c2a,0
9c6205b6,0
53580f5d,0
74d43823,0
899c4003,0
2e43101a,0
6537ac46,0
e70dfcd7,0
6bc8fa28,0
4a722c92,0
b48a4c46,0
ea21e5d0,0
5b6b491a,0
28d671cb,0
614e2666,0
549419cc,0
4904c0cf,0
08a99354,0
e217545d,0
e99e7894,0
ed02de8d,0
b4e64ada,0
12148de9,0
20d419d3,0
802181fa,0
a18852b3,0
d1133c2a,0
9c6205b6,0
74d43823,0
899c4003,0
2e43101a,0
6537ac46,0
e70dfcd7,0
6bc8fa28,0
4a722c92,0
b48a4c46,0
ea21e5d0,0
2fd4a5f5,0
5e761cc8,0
37e30b59,0
549419cc,0
4904c0cf,0
08a99354,0
26036346,0
e217545d,0
e99e7894,0
ed02de8d,0
b4e64ada,0
12148de9,0
20d419d3,0
802181fa,0
a18852b3,0
d1133c2a,0
9c6205b6,0
74d43823,0
899c4003,0
2e43101a,0
6537ac46,0
e70dfcd7,0
6bc8fa28,0
4a722c92,0
b48a4c46,0
ea21e5d0,0
4f7141d0,0
570545f8,0
37e30b59,0
549419cc,0
4904c0cf,0
08a99354,0
4dbc6661,0
e217545d,0
e99e7894,0
ed02de8d,0
b4e64ada,0
12148de9,0
20d419d3,0
802181fa,0
a18852b3,0
d1133c2a,0
9c6205b6,0
74d43823,0
899c4003,0
2e43101a,0
6537ac46,0
e70dfcd7,0
6bc8fa28,0
4a722c92,0
b48a4c46,0
ea21e5d0,0
811be0d2,0
c6bfc936,0
37e30b59,0
549419cc,0
4904c0cf,0
08a99354,0
77ce1f56,0
e217545d,0
043becf3,0
e99e7894,0
ed02de8d,0
b4e64ada,0
12148de9,0
20d419d3,0
802181fa,0
a18852b3,0
d1133c2a,0
9c6205b6,0
74d43823,0
899c4003,0
2e43101a,0
6537ac46,0
e70dfcd7,0
6bc8fa28,0
4a722c92,0
b48a4c46,0
ea21e5d0,0
db17f6d5,0
1301d496,0
37e30b59,0
549419cc,0
4904c0cf,0
08a99354,0
5dc80817,0
e217545d,0
3fa4e384,0
e99e7894,0
ed02de8d,0
b4e64ada,0
12148de9,0
20d419d3,0
802181fa,0
a18852b3,0
d1133c2a,0
9c6205b6,0
74d43823,0
899c4003,0
2e43101a,0
6537ac46,0
e70dfcd7,0
6bc8fa28,0
4a722c92,0
b48a4c46,0
ea21e5d0,0
09ea87cb,0
c6911c33,0
37e30b59,0
549419cc,0
4904c0cf,0
08a99354,0
e217545d,0
fd30e073,0
e99e7894,0
ed02de8d,0
b4e64ada,0
12148de9,0
20d419d3,0
802181fa,0
a18852b3,0
d1133c2a,0
9c6205b6,0
66ff6434,0
74d43823,0
899c4003,0
2e43101a,0
6537ac46,0
e70dfcd7,0
6bc8fa28,0
4a722c92,0
b48a4c46,0
ea21e5d0,0
8a2a4d5b,0
a14ca61b,0
37e30b59,0
549419cc,0
4904c0cf,0
08a99354,0
e217545d,0
6687100a,0
e99e7894,0
ed02de8d,0
b4e64ada,0
12148de9,0
20d419d3,0
802181fa,0
a18852b3,0
d1133c2a,0
9c6205b6,0
c06755c0,0
74d43823,0
899c4003,0
2e43101a,0
6537ac46,0
e70dfcd7,0
6bc8fa28,0
4a722c92,0
b48a4c46,0
ea21e5d0,0
c1623340,0
15845a56,0
614e2666,0
549419cc,0
4904c0cf,0
08a99354,0
55ab93c7,0
e217545d,0
e99e7894,0
ed02de8d,0
b4e64ada,0
12148de9,0
20d419d3,0
802181fa,0
a18852b3,0
d1133c2a,0
9c6205b6,0
74d43823,0
899c4003,0
2e43101a,0
6537ac46,0
e70dfcd7,0
6bc8fa28,0
4a722c92,0
b48a4c46,0
ea21e5d0,0
7b7d23e6,0
9aba4483,0
37e30b59,0
549419cc,0
4904c0cf,0
08a99354,0
e217545d,0
e99e7894,0
ed02de8d,0
b4e64ada,0
12148de9,0
20d419d3,0
802181fa,0
a18852b3,0
d1133c2a,0
9c6205b6,0
69e2286d,0
74d43823,0
899c4003,0
2e43101a,0
6537ac46,0
e70dfcd7,0
6bc8fa28,0
4a722c92,0
b48a4c46,0
ea21e5d0,0
e401631d,0
9a595bef,0
614e2666,0
549419cc,0
4904c0cf,0
08a99354,0
e217545d,0
d27e947c,0
e99e7894,0
ed02de8d,0
b4e64ada,0
12148de9,0
20d419d3,0
802181fa,0
a18852b3,0
d1133c2a,0
9c6205b6,0
3d12f24f,0
74d43823,0
899c4003,0
2e43101a,0
6537ac46,0
e70dfcd7,0
6bc8fa28,0
4a722c92,0
b48a4c46,0
ea21e5d0,0
07ef41fc,0
508b9220,0
614e2666,0
549419cc,0
4904c0cf,0
08a99354,0
e217545d,0
a6bb3732,0
e99e7894,0
ed02de8d,0
b4e64ada,0
12148de9,0
20d419d3,0
802181fa,0
a18852b3,0
d1133c2a,0
9c6205b6,0
74d43823,0
899c4003,0
2e43101a,0
6537ac46,0
e70dfcd7,0
6bc8fa28,0
4a722c92,0
b48a4c46,0
ea21e5d0,0
d44bcafd,0
5c376112,0
37e30b59,0
549419cc,0
4904c0cf,0
08a99354,0
f25657c8,0
e217545d,0
e99e7894,0
ed02de8d,0
b4e64ada,0
12148de9,0
20d419d3,0
802181fa,0
a18852b3,0
d1133c2a,0
9c6205b6,0
3f0b93ee,0
74d43823,0
899c4003,0
2e43101a,0
6537ac46,0
e70dfcd7,0
6bc8fa28,0
4a722c92,0
b48a4c46,0
ea21e5d0,0
2b1d8f2b,0
d241d4d5,0
614e2666,0
549419cc,0
4904c0cf,0
08a99354,0
a6ea2ffc,0
e217545d,0
e99e7894,0
ed02de8d,0
b4e64ada,0
12148de9,0
20d419d3,0
802181fa,0
a18852b3,0
d1133c2a,0
9c6205b6,0
74d43823,0
899c4003,0
2e43101a,0
6537ac46,0
e70dfcd7,0
6bc8fa28,0
4a722c92,0
b48a4c46,0
ea21e5d0,0
339a2cfb,0
f4a7b3f8,0
614e2666,0
549419cc,0
4904c0cf,0
08a99354,0
67e775bb,0
e217545d,0
beb63894,0
e99e7894,0
ed02de8d,0
b4e64ada,0
12148de9,0
20d419d3,0
802181fa,0
a18852b3,0
d1133c2a,0
9c6205b6,0
581913f5,0
74d43823,0
899c4003,0
2e43101a,0
6537ac46,0
e70dfcd7,0
6bc8fa28,0
4a722c92,0
b48a4c46,0
ea21e5d0,0
b22366f9,0
febdd60a,0
37e30b59,0
549419cc,0
4904c0cf,0
08a99354,0
e217545d,0
e99e7894,0
ed02de8d,0
b4e64ada,0
12148de9,0
20d419d3,0
802181fa,0
a18852b3,0
d1133c2a,0
9c6205b6,0
a7fdb055,0
74d43823,0
899c4003,0
2e43101a,0
6537ac46,0
e70dfcd7,0
6bc8fa28,0
4a722c92,0
b48a4c46,0
ea21e5d0,0
6f3c38ae,0
a781846e,0
614e2666,0
549419cc,0
4904c0cf,0
08a99354,0
d04465e8,0
e217545d,0
e99e7894,0
ed02de8d,0
b4e64ada,0
12148de9,0
20d419d3,0
802181fa,0
a18852b3,0
d1133c2a,0
9c6205b6,0
93267730,0
74d43823,0
899c4003,0
2e43101a,0
6537ac46,0
e70dfcd7,0
6bc8fa28,0
4a722c92,0
b48a4c46,0
ea21e5d0,0
9b0bb3e0,0
2449f190,0
37e30b59,0
549419cc,0
4904c0cf,0
08a99354,0
528e4a06,0
e217545d,0
ad7738e7,0
e99e7894,0
ed02de8d,0
b4e64ada,0
12148de9,0
20d419d3,0
802181fa,0
a18852b3,0
d1133c2a,0
9c6205b6,0
a0b62e4c,0
74d43823,0
899c4003,0
2e43101a,0
6537ac46,0
e70dfcd7,0
6bc8fa28,0
4a722c92,0
b48a4c46,0
ea21e5d0,0
7f4536e8,0
37e30b59,0
549419cc,0
4904c0cf,0
08a99354,0
e217545d,0
4eb37212,0
e99e7894,0
ed02de8d,0
b4e64ada,0
12148de9,0
20d419d3,0
802181fa,0
a18852b3,0
d1133c2a,0
9c6205b6,0
74d43823,0
899c4003,0
2e43101a,0
6537ac46,0
e70dfcd7,0
6bc8fa28,0
4a722c92,0
b48a4c46,0
ea21e5d0,0
78a43c49,0
b3c4aa7e,0
37e30b59,0
549419cc,0
4904c0cf,0
08a99354,0
e217545d,0
6fe0cee3,0
e99e7894,0
ed02de8d,0
b4e64ada,0
12148de9,0
20d419d3,0
802181fa,0
a18852b3,0
d1133c2a,0
9c6205b6,0
87d635fe,0
74d43823,0
899c4003,0
2e43101a,0
6537ac46,0
e70dfcd7,0
6bc8fa28,0
4a722c92,0
b48a4c46,0
ea21e5d0,0
71a26275,0
9fe1bd88,0
37e30b59,0
549419cc,0
4904c0cf,0
08a99354,0
e217545d,0
e99e7894,0
ed02de8d,0
b4e64ada,0
12148de9,0
20d419d3,0
802181fa,0
a18852b3,0
d1133c2a,0
9c6205b6,0
74d43823,0
899c4003,0
2e43101a,0
6537ac46,0
e70dfcd7,0
6bc8fa28,0
4a722c92,0
b48a4c46,0
ea21e5d0,0
af293bfb,0
dc0809e0,0
614e2666,0
549419cc,0
4904c0cf,0
08a99354,0
e217545d,0
5ebc9c24,0
e99e7894,0
ed02de8d,0
b4e64ada,0
12148de9,0
20d419d3,0
802181fa,0
a18852b3,0
d1133c2a,0
9c6205b6,0
3afe4348,0
74d43823,0
899c4003,0
2e43101a,0
6537ac46,0
e70dfcd7,0
6bc8fa28,0
4a722c92,0
b48a4c46,0
ea21e5d0,0
0ef746f2,0
fe4374f4,0
614e2666,0
549419cc,0
4904c0cf,0
08a99354,0
e217545d,0
c10bd589,0
e99e7894,0
ed02de8d,0
b4e64ada,0
12148de9,0
20d419d3,0
802181fa,0
a18852b3,0
d1133c2a,0
9c6205b6,0
74d43823,0
899c4003,0
2e43101a,0
6537ac46,0
e70dfcd7,0
6bc8fa28,0
4a722c92,0
b48a4c46,0
ea21e5d0,0
9cae9268,0
6f335bd2,0
37e30b59,0
549419cc,0
4904c0cf,0
08a99354,0
41ca9c50,0
e217545d,0
e99e7894,0
ed02de8d,0
b4e64ada,0
12148de9,0
20d419d3,0
802181fa,0
a18852b3,0
d1133c2a,0
9c6205b6,0
e9a5a4c8,0
74d43823,0
899c4003,0
2e43101a,0
6537ac46,0
e70dfcd7,0
6bc8fa28,0
4a722c92,0
b48a4c46,0
ea21e5d0,0
06890c6c,0
34aa80d2,0
37e30b59,0
549419cc,0
4904c0cf,0
08a99354,0
302fe024,0
e217545d,0
35bb3384,0
e99e7894,0
ed02de8d,0
b4e64ada,0
12148de9,0
20d419d3,0
802181fa,0
a18852b3,0
d1133c2a,0
9c6205b6,0
13212b96,0
74d43823,0
899c4003,0
2e43101a,0
6537ac46,0
e70dfcd7,0
6bc8fa28,0
4a722c92,0
b48a4c46,0
ea21e5d0,0
6206da21,0
08c82900,0
37e30b59,0
549419cc,0
4904c0cf,0
08a99354,0
e217545d,0
e99e7894,0
ed02de8d,0
b4e64ada,0
12148de9,0
20d419d3,0
802181fa,0
a18852b3,0
d1133c2a,0
9c6205b6,0
74d43823,0
899c4003,0
2e43101a,0
6537ac46,0
e70dfcd7,0
6bc8fa28,0
4a722c92,0
b48a4c46,0
ea21e5d0,0
2b512b34,0
cc361dc0,0
37e30b59,0
549419cc,0
4904c0cf,0
08a99354,0
e217545d,0
8bf4ad68,0
e99e7894,0
ed02de8d,0
b4e64ada,0
12148de9,0
20d419d3,0
802181fa,0
a18852b3,0
d1133c2a,0
9c6205b6,0
6c9fed2e,0
74d43823,0
899c4003,0
2e43101a,0
6537ac46,0
e70dfcd7,0
6bc8fa28,0
4a722c92,0
b48a4c46,0
ea21e5d0,0
0f400b0f,0
70dc6781,0
37e30b59,0
549419cc,0
4904c0cf,0
08a99354,0
24b7cdb4,0
e217545d,0
b9da8aed,0
e99e7894,0
ed02de8d,0
b4e64ada,0
12148de9,0
20d419d3,0
802181fa,0
a18852b3,0
d1133c2a,0
9c6205b6,0
74d43823,0
899c4003,0
2e43101a,0
6537ac46,0
e70dfcd7,0
6bc8fa28,0
4a722c92,0
b48a4c46,0
ea21e5d0,0
832c812a,0
57c5516e,0
37e30b59,0
549419cc,0
4904c0cf,0
08a99354,0
e217545d,0
2832a15d,0
e99e7894,0
ed02de8d,0
b4e64ada,0
12148de9,0
20d419d3,0
802181fa,0
a18852b3,0
d1133c2a,0
9c6205b6,0
74d43823,0
899c4003,0
2e43101a,0
6537ac46,0
e70dfcd7,0
6bc8fa28,0
4a722c92,0
b48a4c46,0
ea21e5d0,0
09d76972,0
eced97b3,0
614e2666,0
549419cc,0
4904c0cf,0
08a99354,0
e217545d,0
a5223204,0
e99e7894,0
ed02de8d,0
b4e64ada,0
12148de9,0
20d419d3,0
802181fa,0
a18852b3,0
d1133c2a,0
9c6205b6,0
99368081,0
74d43823,0
899c4003,0
2e43101a,0
6537ac46,0
e70dfcd7,0
6bc8fa28,0
4a722c92,0
b48a4c46,0
ea21e5d0,0
432e7e6d,0
9d61c91c,0
614e2666,0
549419cc,0
4904c0cf,0
08a99354,0
e217545d,0
e99e7894,0
ed02de8d,0
b4e64ada,0
12148de9,0
20d419d3,0
802181fa,0
a18852b3,0
d1133c2a,0
9c6205b6,0
269f7768,0
74d43823,0
899c4003,0
2e43101a,0
6537ac46,0
e70dfcd7,0
6bc8fa28,0
4a722c92,0
b48a4c46,0
ea21e5d0,0
16c75b2c,0
a0c038da,0
37e30b59,0
549419cc,0
4904c0cf,0
08a99354,0
e217545d,0
c6b8170a,0
e99e7894,0
ed02de8d,0
b4e64ada,0
12148de9,0
20d419d3,0
802181fa,0
a18852b3,0
d1133c2a,0
9c6205b6,0
7d1a80a4,0
74d43823,0
899c4003,0
2e43101a,0
6537ac46,0
e70dfcd7,0
6bc8fa28,0
4a722c92,0
b48a4c46,0
ea21e5d0,0
13b5a347,0
39d47c02,0
614e2666,0
549419cc,0
4904c0cf,0
08a99354,0
19275260,0
e217545d,0
25aafd2b,0
e99e7894,0
ed02de8d,0
b4e64ada,0
12148de9,0
20d419d3,0
802181fa,0
a18852b3,0
d1133c2a,0
9c6205b6,0
74d43823,0
899c4003,0
2e43101a,0
6537ac46,0
e70dfcd7,0
6bc8fa28,0
4a722c92,0
b48a4c46,0
ea21e5d0,0
3f91a262,0
e78f7d10,0
37e30b59,0
549419cc,0
4904c0cf,0
08a99354,0
e217545d,0
0c1fb98d,0
e99e7894,0
ed02de8d,0
b4e64ada,0
12148de9,0
20d419d3,0
802181fa,0
a18852b3,0
d1133c2a,0
9c6205b6,0
e9d8f263,0
74d43823,0
899c4003,0
2e43101a,0
6537ac46,0
e70dfcd7,0
6bc8fa28,0
4a722c92,0
b48a4c46,0
ea21e5d0,0
0c273517,0
28a23047,0
614e2666,0
549419cc,0
4904c0cf,0
08a99354,0
e217545d,0
f0b7b0d5,0
e99e7894,0
ed02de8d,0
b4e64ada,0
12148de9,0
20d419d3,0
802181fa,0
a18852b3,0
d1133c2a,0
9c6205b6,0
74d43823,0
899c4003,0
2e43101a,0
6537ac46,0
e70dfcd7,0
6bc8fa28,0
4a722c92,0
b48a4c46,0
ea21e5d0,0
3588b9c0,0
99658c55,0
37e30b59,0
549419cc,0
4904c0cf,0
08a99354,0
e217545d,0
02e23701,0
e99e7894,0
ed02de8d,0
b4e64ada,0
12148de9,0
20d419d3,0
802181fa,0
a18852b3,0
d1133c2a,0
9c6205b6,0
1ce3feb7,0
74d43823,0
899c4003,0
2e43101a,0
6537ac46,0
e70dfcd7,0
6bc8fa28,0
4a722c92,0
b48a4c46,0
ea21e5d0,0
1b5e1bb8,0
48bcb1c6,0
37e30b59,0
549419cc,0
4904c0cf,0
08a99354,0
e217545d,0
e99e7894,0
ed02de8d,0
b4e64ada,0
12148de9,0
20d419d3,0
802181fa,0
a18852b3,0
d1133c2a,0
9c6205b6,0
74d43823,0
899c4003,0
2e43101a,0
6537ac46,0
e70dfcd7,0
6bc8fa28,0
4a722c92,0
b48a4c46,0
ea21e5d0,0
c1515136,0
45aa58ec,0
614e2666,0
549419cc,0
4904c0cf,0
08a99354,0
cb4bf910,0
e217545d,0
e99e7894,0
ed02de8d,0
b4e64ada,0
12148de9,0
20d419d3,0
802181fa,0
a18852b3,0
d1133c2a,0
9c6205b6,0
6b37a67d,0
74d43823,0
899c4003,0
2e43101a,0
6537ac46,0
e70dfcd7,0
6bc8fa28,0
4a722c92,0
b48a4c46,0
ea21e5d0,0
943c787f,0
2e44f915,0
614e2666,0
549419cc,0
4904c0cf,0
08a99354,0
e217545d,0
10b1016d,0
e99e7894,0
ed02de8d,0
b4e64ada,0
12148de9,0
20d419d3,0
802181fa,0
a18852b3,0
d1133c2a,0
9c6205b6,0
74d43823,0
899c4003,0
2e43101a,0
6537ac46,0
e70dfcd7,0
6bc8fa28,0
4a722c92,0
b48a4c46,0
ea21e5d0,0
7ed16489,0
4341bb32,0
37e30b59,0
549419cc,0
4904c0cf,0
08a99354,0
17de4a6f,0
e217545d,0
71290e53,0
e99e7894,0
ed02de8d,0
b4e64ada,0
12148de9,0
20d419d3,0
802181fa,0
a18852b3,0
d1133c2a,0
9c6205b6,0
74d43823,0
899c4003,0
2e43101a,0
6537ac46,0
e70dfcd7,0
6bc8fa28,0
4a722c92,0
b48a4c46,0
ea21e5d0,0
679e5d89,0
06048c5b,0
37e30b59,0
549419cc,0
4904c0cf,0
08a99354,0
607dc290,0
e217545d,0
e99e7894,0
ed02de8d,0
b4e64ada,0
12148de9,0
20d419d3,0
802181fa,0
a18852b3,0
d1133c2a,0
9c6205b6,0
6f1740ea,0
74d43823,0
899c4003,0
2e43101a,0
6537ac46,0
e70dfcd7,0
6bc8fa28,0
4a722c92,0
b48a4c46,0
ea21e5d0,0
279fc2b5,0
50db56d7,0
37e30b59,0
549419cc,0
4904c0cf,0
08a99354,0
8b099d22,0
e217545d,0
48415738,0
e99e7894,0
ed02de8d,0
b4e64ada,0
12148de9,0
20d419d3,0
802181fa,0
a18852b3,0
d1133c2a,0
9c6205b6,0
bbecafb6,0
74d43823,0
899c4003,0
2e43101a,0
6537ac46,0
e70dfcd7,0
6bc8fa28,0
4a722c92,0
b48a4c46,0
ea21e5d0,0
dfe39866,0
ef9ada3f,0
614e2666,0
549419cc,0
4904c0cf,0
08a99354,0
e217545d,0
f4aff389,0
e99e7894,0
ed02de8d,0
b4e64ada,0
12148de9,0
20d419d3,0
802181fa,0
a18852b3,0
d1133c2a,0
9c6205b6,0
accffc2b,0
74d43823,0
899c4003,0
2e43101a,0
6537ac46,0
e70dfcd7,0
6bc8fa28,0
4a722c92,0
b48a4c46,0
ea21e5d0,0
ad691e0f,0
493f723c,0
37e30b59,0
549419cc,0
4904c0cf,0
08a99354,0
e217545d,0
e99e7894,0
ed02de8d,0
b4e64ada,0
12148de9,0
20d419d3,0
802181fa,0
a18852b3,0
d1133c2a,0
9c6205b6,0
74d43823,0
899c4003,0
2e43101a,0
6537ac46,0
e70dfcd7,0
6bc8fa28,0
4a722c92,0
b48a4c46,0
ea21e5d0,0
5be2df22,0
3b353501,0
614e2666,0
549419cc,0
4904c0cf,0
08a99354,0
e217545d,0
c6c92f43,0
e99e7894,0
ed02de8d,0
b4e64ada,0
12148de9,0
20d419d3,0
802181fa,0
a18852b3,0
d1133c2a,0
9c6205b6,0
ad2619ef,0
74d43823,0
899c4003,0
2e43101a,0
6537ac46,0
e70dfcd7,0
6bc8fa28,0
4a722c92,0
b48a4c46,0
ea21e5d0,0
e2719c95,0
37e30b59,0
549419cc,0
4904c0cf,0
08a99354,0
e217545d,0
e99e7894,0
ed02de8d,0
b4e64ada,0
12148de9,0
20d419d3,0
802181fa,0
a18852b3,0
d1133c2a,0
9c6205b6,0
74d43823,0
899c4003,0
2e43101a,0
6537ac46,0
e70dfcd7,0
6bc8fa28,0
4a722c92,0
b48a4c46,0
ea21e5d0,0
da32606c,0
9b8e4c86,0
37e30b59,0
549419cc,0
4904c0cf,0
08a99354,0
e217545d,0
2708e457,0
e99e7894,0
ed02de8d,0
b4e64ada,0
12148de9,0
20d419d3,0
802181fa,0
a18852b3,0
d1133c2a,0
9c6205b6,0
74d43823,0
899c4003,0
2e43101a,0
6537ac46,0
e70dfcd7,0
6bc8fa28,0
4a722c92,0
b48a4c46,0
ea21e5d0,0
04c0834a,0
ebb161ce,0
614e2666,0
549419cc,0
4904c0cf,0
08a99354,0
091cbeb9,0
e217545d,0
d43b3240,0
e99e7894,0
ed02de8d,0
b4e64ada,0
12148de9,0
20d419d3,0
802181fa,0
a18852b3,0
d1133c2a,0
9c6205b6,0
27edad42,0
74d43823,0
899c4003,0
2e43101a,0
6537ac46,0
e70dfcd7,0
6bc8fa28,0
4a722c92,0
b48a4c46,0
ea21e5d0,0
41ba838d,0
80553d20,0
37e30b59,0
549419cc,0
4904c0cf,0
08a99354,0
e217545d,0
adff1af7,0
e99e7894,0
ed02de8d,0
b4e64ada,0
12148de9,0
20d419d3,0
802181fa,0
a18852b3,0
d1133c2a,0
9c6205b6,0
8bee0df6,0
74d43823,0
899c4003,0
2e43101a,0
6537ac46,0
e70dfcd7,0
6bc8fa28,0
4a722c92,0
b48a4c46,0
ea21e5d0,0
ae7c99aa,0
23aae074,0
614e2666,0
549419cc,0
4904c0cf,0
08a99354,0
1db05272,0
e217545d,0
e99e7894,0
ed02de8d,0
b4e64ada,0
12148de9,0
20d419d3,0
802181fa,0
a18852b3,0
d1133c2a,0
9c6205b6,0
0cf4994d,0
74d43823,0
899c4003,0
2e43101a,0
6537ac46,0
e70dfcd7,0
6bc8fa28,0
4a722c92,0
b48a4c46,0
ea21e5d0,0
43223a5e,0
5724dbc3,0
614e2666,0
549419cc,0
4904c0cf,0
08a99354,0
2c60aabf,0
e217545d,0
e99e7894,0
ed02de8d,0
b4e64ada,0
12148de9,0
20d419d3,0
802181fa,0
a18852b3,0
d1133c2a,0
9c6205b6,0
9fd9e70c,0
74d43823,0
899c4003,0
2e43101a,0
6537ac46,0
e70dfcd7,0
6bc8fa28,0
4a722c92,0
b48a4c46,0
ea21e5d0,0
289c6d19,0
ebf0ec67,0
614e2666,0
549419cc,0
4904c0cf,0
08a99354,0
e217545d,0
1786094c,0
e99e7894,0
ed02de8d,0
b4e64ada,0
12148de9,0
20d419d3,0
802181fa,0
a18852b3,0
d1133c2a,0
9c6205b6,0
74d43823,0
899c4003,0
2e43101a,0
6537ac46,0
e70dfcd7,0
6bc8fa28,0
4a722c92,0
b48a4c46,0
ea21e5d0,0
e71f4f19,0
429b6c87,0
614e2666,0
549419cc,0
4904c0cf,0
08a99354,0
e217545d,0
399560d5,0
e99e7894,0
ed02de8d,0
b4e64ada,0
12148de9,0
20d419d3,0
802181fa,0
a18852b3,0
d1133c2a,0
9c6205b6,0
6dba9f76,0
74d43823,0
899c4003,0
2e43101a,0
6537ac46,0
e70dfcd7,0
6bc8fa28,0
4a722c92,0
b48a4c46,0
ea21e5d0,0
0b9ec105,0
86e58a05,0
37e30b59,0
549419cc,0
4904c0cf,0
08a99354,0
519b9efd,0
e217545d,0
e99e7894,0
ed02de8d,0
b4e64ada,0
12148de9,0
20d419d3,0
802181fa,0
a18852b3,0
d1133c2a,0
9c6205b6,0
06995adc,0
74d43823,0
899c4003,0
2e43101a,0
6537ac46,0
e70dfcd7,0
6bc8fa28,0
4a722c92,0
b48a4c46,0
ea21e5d0,0
28b4498e,0
af102537,0
37e30b59,0
549419cc,0
4904c0cf,0
08a99354,0
8385cc95,0
e217545d,0
e99e7894,0
ed02de8d,0
b4e64ada,0
12148de9,0
20d419d3,0
802181fa,0
a18852b3,0
d1133c2a,0
9c6205b6,0
2eeaede6,0
74d43823,0
899c4003,0
2e43101a,0
6537ac46,0
e70dfcd7,0
6bc8fa28,0
4a722c92,0
b48a4c46,0
ea21e5d0,0
6f5089e2,0
bf0bfba8,0
37e30b59,0
549419cc,0
4904c0cf,0
08a99354,0
e217545d,0
66000bb6,0
e99e7894,0
ed02de8d,0
b4e64ada,0
12148de9,0
20d419d3,0
802181fa,0
a18852b3,0
d1133c2a,0
9c6205b6,0
16a55f64,0
74d43823,0
899c4003,0
2e43101a,0
6537ac46,0
e70dfcd7,0
6bc8fa28,0
4a722c92,0
b48a4c46,0
ea21e5d0,0
8bf806ee,0
d161e296,0
37e30b59,0
549419cc,0
4904c0cf,0
08a99354,0
3643df5a,0
e217545d,0
095b1396,0
e99e7894,0
ed02de8d,0
b4e64ada,0
12148de9,0
20d419d3,0
802181fa,0
a18852b3,0
d1133c2a,0
9c6205b6,0
ce0707f1,0
74d43823,0
899c4003,0
2e43101a,0
6537ac46,0
e70dfcd7,0
6bc8fa28,0
4a722c92,0
b48a4c46,0
ea21e5d0,0
bd9f93ab,0
f5f93a93,0
614e2666,0
549419cc,0
4904c0cf,0
08a99354,0
e217545d,0
526f8ceb,0
e99e7894,0
ed02de8d,0
b4e64ada,0
12148de9,0
20d419d3,0
802181fa,0
a18852b3,0
d1133c2a,0
9c6205b6,0
91a17d12,0
74d43823,0
899c4003,0
2e43101a,0
6537ac46,0
e70dfcd7,0
6bc8fa28,0
4a722c92,0
b48a4c46,0
ea21e5d0,0
35e7b60a,0
2c8f2fcc,0
37e30b59,0
549419cc,0
4904c0cf,0
08a99354,0
e217545d,0
792a97e4,0
e99e7894,0
ed02de8d,0
b4e64ada,0
12148de9,0
20d419d3,0
802181fa,0
a18852b3,0
d1133c2a,0
9c6205b6,0
a5fa5b91,0
74d43823,0
899c4003,0
2e43101a,0
6537ac46,0
e70dfcd7,0
6bc8fa28,0
4a722c92,0
b48a4c46,0
ea21e5d0,0
e5baca54,0
159eeee9,0
37e30b59,0
549419cc,0
4904c0cf,0
08a99354,0
e217545d,0
9edc3375,0
e99e7894,0
ed02de8d,0
b4e64ada,0
12148de9,0
20d419d3,0
802181fa,0
a18852b3,0
d1133c2a,0
9c6205b6,0
74d43823,0
899c4003,0
2e43101a,0
6537ac46,0
e70dfcd7,0
6bc8fa28,0
4a722c92,0
b48a4c46,0
ea21e5d0,0
d24f3994,0
d6e5d210,0
37e30b59,0
549419cc,0
4904c0cf,0
08a99354,0
e217545d,0
e99e7894,0
ed02de8d,0
b4e64ada,0
12148de9,0
20d419d3,0
802181fa,0
a18852b3,0
d1133c2a,0
9c6205b6,0
6bc6b54e,0
74d43823,0
899c4003,0
2e43101a,0
6537ac46,0
e70dfcd7,0
6bc8fa28,0
4a722c92,0
b48a4c46,0
ea21e5d0,0
79fde840,0
e1a2ac87,0
37e30b59,0
549419cc,0
4904c0cf,0
08a99354,0
44ce62b5,0
e217545d,0
b516f77f,0
e99e7894,0
ed02de8d,0
b4e64ada,0
12148de9,0
20d419d3,0
802181fa,0
a18852b3,0
d1133c2a,0
9c6205b6,0
74d43823,0
899c4003,0
2e43101a,0
6537ac46,0
e70dfcd7,0
6bc8fa28,0
4a722c92,0
b48a4c46,0
ea21e5d0,0
deac068e,0
e038e3b2,0
37e30b59,0
549419cc,0
4904c0cf,0
08a99354,0
ef68fc8d,0
e217545d,0
e99e7894,0
ed02de8d,0
b4e64ada,0
12148de9,0
20d419d3,0
802181fa,0
a18852b3,0
d1133c2a,0
9c6205b6,0
604cedd8,0
74d43823,0
899c4003,0
2e43101a,0
6537ac46,0
e70dfcd7,0
6bc8fa28,0
4a722c92,0
b48a4c46,0
ea21e5d0,0
9e7d5a7f,0
312eca6d,0
37e30b59,0
549419cc,0
4904c0cf,0
08a99354,0
6d425a83,0
e217545d,0
c2188269,0
e99e7894,0
ed02de8d,0
b4e64ada,0
12148de9,0
20d419d3,0
802181fa,0
a18852b3,0
d1133c2a,0
9c6205b6,0
01691fde,0
74d43823,0
899c4003,0
2e43101a,0
6537ac46,0
e70dfcd7,0
6bc8fa28,0
4a722c92,0
b48a4c46,0
ea21e5d0,0
795aada0,0
ac9867d3,0
614e2666,0
549419cc,0
4904c0cf,0
08a99354,0
e217545d,0
1f7e3c82,0
e99e7894,0
ed02de8d,0
b4e64ada,0
12148de9,0
20d419d3,0
802181fa,0
a18852b3,0
d1133c2a,0
9c6205b6,0
74d43823,0
899c4003,0
2e43101a,0
6537ac46,0
e70dfcd7,0
6bc8fa28,0
4a722c92,0
b48a4c46,0
ea21e5d0,0
f1be10b1,0
5710329b,0
614e2666,0
549419cc,0
4904c0cf,0
08a99354,0
eb2fdc04,0
e217545d,0
2f3adc9b,0
e99e7894,0
ed02de8d,0
b4e64ada,0
12148de9,0
20d419d3,0
802181fa,0
a18852b3,0
d1133c2a,0
9c6205b6,0
8b30dbdf,0
74d43823,0
899c4003,0
2e43101a,0
6537ac46,0
e70dfcd7,0
6bc8fa28,0
4a722c92,0
b48a4c46,0
ea21e5d0,0
d55ec6b5,0
c913b8b2,0
614e2666,0
549419cc,0
4904c0cf,0
08a99354,0
e217545d,0
e99e7894,0
ed02de8d,0
b4e64ada,0
12148de9,0
20d419d3,0
802181fa,0
a18852b3,0
d1133c2a,0
9c6205b6,0
a62d67a9,0
74d43823,0
899c4003,0
2e43101a,0
6537ac46,0
e70dfcd7,0
6bc8fa28,0
4a722c92,0
b48a4c46,0
ea21e5d0,0
d594da85,0
2e5e03b2,0
37e30b59,0
549419cc,0
4904c0cf,0
08a99354,0
e217545d,0
e99e7894,0
ed02de8d,0
b4e64ada,0
12148de9,0
20d419d3,0
802181fa,0
a18852b3,0
d1133c2a,0
9c6205b6,0
74d43823,0
899c4003,0
2e43101a,0
6537ac46,0
e70dfcd7,0
6bc8fa28,0
4a722c92,0
b48a4c46,0
ea21e5d0,0
ad691e0f,0
a4326bc3,0
614e2666,0
549419cc,0
4904c0cf,0
08a99354,0
aec6e2de,0
e217545d,0
9e30ae15,0
e99e7894,0
ed02de8d,0
b4e64ada,0
12148de9,0
20d419d3,0
802181fa,0
a18852b3,0
d1133c2a,0
9c6205b6,0
9cee533f,0
74d43823,0
899c4003,0
2e43101a,0
6537ac46,0
e70dfcd7,0
6bc8fa28,0
4a722c92,0
b48a4c46,0
ea21e5d0,0
f93fb29a,0
8673994e,0
614e2666,0
549419cc,0
4904c0cf,0
08a99354,0
cff7bf81,0
e217545d,0
5253a90a,0
e99e7894,0
ed02de8d,0
b4e64ada,0
12148de9,0
20d419d3,0
802181fa,0
a18852b3,0
d1133c2a,0
9c6205b6,0
74d43823,0
899c4003,0
2e43101a,0
6537ac46,0
e70dfcd7,0
6bc8fa28,0
4a722c92,0
b48a4c46,0
ea21e5d0,0
71fc8bd1,0
83e73e0e,0
614e2666,0
549419cc,0
4904c0cf,0
08a99354,0
e217545d,0
e99e7894,0
ed02de8d,0
b4e64ada,0
12148de9,0
20d419d3,0
802181fa,0
a18852b3,0
d1133c2a,0
9c6205b6,0
fa32d58c,0
74d43823,0
899c4003,0
2e43101a,0
6537ac46,0
e70dfcd7,0
6bc8fa28,0
4a722c92,0
b48a4c46,0
ea21e5d0,0
983b5ad5,0
09b5dfce,0
37e30b59,0
549419cc,0
4904c0cf,0
08a99354,0
ad539972,0
e217545d,0
e99e7894,0
ed02de8d,0
b4e64ada,0
12148de9,0
20d419d3,0
802181fa,0
a18852b3,0
d1133c2a,0
9c6205b6,0
ba0cc829,0
74d43823,0
899c4003,0
2e43101a,0
6537ac46,0
e70dfcd7,0
6bc8fa28,0
4a722c92,0
b48a4c46,0
ea21e5d0,0
0415b1f7,0
9526ad29,0
614e2666,0
549419cc,0
4904c0cf,0
08a99354,0
d3b3c109,0
e217545d,0
e99e7894,0
ed02de8d,0
b4e64ada,0
12148de9,0
20d419d3,0
802181fa,0
a18852b3,0
d1133c2a,0
9c6205b6,0
74d43823,0
899c4003,0
2e43101a,0
6537ac46,0
e70dfcd7,0
6bc8fa28,0
4a722c92,0
b48a4c46,0
ea21e5d0,0
40de04c0,0
0a1c002d,0
37e30b59,0
549419cc,0
4904c0cf,0
08a99354,0
e217545d,0
e99e7894,0
ed02de8d,0
b4e64ada,0
12148de9,0
20d419d3,0
802181fa,0
a18852b3,0
d1133c2a,0
9c6205b6,0
74d43823,0
899c4003,0
2e43101a,0
6537ac46,0
e70dfcd7,0
6bc8fa28,0
4a722c92,0
b48a4c46,0
ea21e5d0,0
4345964a,0
d3cfbe4f,0
37e30b59,0
549419cc,0
4904c0cf,0
08a99354,0
d86851bd,0
e217545d,0
c7f544f9,0
e99e7894,0
ed02de8d,0
b4e64ada,0
12148de9,0
20d419d3,0
802181fa,0
a18852b3,0
d1133c2a,0
9c6205b6,0
74d43823,0
899c4003,0
2e43101a,0
6537ac46,0
e70dfcd7,0
6bc8fa28,0
4a722c92,0
b48a4c46,0
ea21e5d0,0
11d907ec,0
a3d9f4ab,0
614e2666,0
549419cc,0
4904c0cf,0
08a99354,0
e217545d,0
e99e7894,0
ed02de8d,0
b4e64ada,0
12148de9,0
20d419d3,0
802181fa,0
a18852b3,0
d1133c2a,0
9c6205b6,0
74d43823,0
899c4003,0
2e43101a,0
6537ac46,0
e70dfcd7,0
6bc8fa28,0
4a722c92,0
b48a4c46,0
ea21e5d0,0
c7e824be,0
b4db0f0d,0
614e2666,0
549419cc,0
4904c0cf,0
08a99354,0
e217545d,0
e99e7894,0
ed02de8d,0
b4e64ada,0
12148de9,0
20d419d3,0
802181fa,0
a18852b3,0
d1133c2a,0
9c6205b6,0
74d43823,0
899c4003,0
2e43101a,0
6537ac46,0
e70dfcd7,0
6bc8fa28,0
4a722c92,0
b48a4c46,0
ea21e5d0,0
888876fe,0
c8d2a494,0
614e2666,0
549419cc,0
4904c0cf,0
08a99354,0
e217545d,0
e99e7894,0
ed02de8d,0
b4e64ada,0
12148de9,0
20d419d3,0
802181fa,0
a18852b3,0
d1133c2a,0
9c6205b6,0
4904f442,0
74d43823,0
899c4003,0
2e43101a,0
6537ac46,0
e70dfcd7,0
6bc8fa28,0
4a722c92,0
b48a4c46,0
ea21e5d0,0
a33b038d,0
1e6cc240,0
614e2666,0
549419cc,0
4904c0cf,0
08a99354,0
e217545d,0
71d532ff,0
e99e7894,0
ed02de8d,0
b4e64ada,0
12148de9,0
20d419d3,0
802181fa,0
a18852b3,0
d1133c2a,0
9c6205b6,0
74d43823,0
899c4003,0
2e43101a,0
6537ac46,0
e70dfcd7,0
6bc8fa28,0
4a722c92,0
b48a4c46,0
ea21e5d0,0
c700d7c3,0
60b035cb,0
37e30b59,0
549419cc,0
4904c0cf,0
08a99354,0
e217545d,0
e99e7894,0
ed02de8d,0
b4e64ada,0
12148de9,0
20d419d3,0
802181fa,0
a18852b3,0
d1133c2a,0
9c6205b6,0
40bed3ac,0
74d43823,0
899c4003,0
2e43101a,0
6537ac46,0
e70dfcd7,0
6bc8fa28,0
4a722c92,0
b48a4c46,0
ea21e5d0,0
1edc4dd4,0
36e08a1e,0
614e2666,0
549419cc,0
4904c0cf,0
08a99354,0
e217545d,0
10e3d641,0
e99e7894,0
ed02de8d,0
b4e64ada,0
12148de9,0
20d419d3,0
802181fa,0
a18852b3,0
d1133c2a,0
9c6205b6,0
74d43823,0
899c4003,0
2e43101a,0
6537ac46,0
e70dfcd7,0
6bc8fa28,0
4a722c92,0
b48a4c46,0
ea21e5d0,0
150fde8d,0
8015224d,0
37e30b59,0
549419cc,0
4904c0cf,0
08a99354,0
62920545,0
e217545d,0
201c2541,0
e99e7894,0
ed02de8d,0
b4e64ada,0
12148de9,0
20d419d3,0
802181fa,0
a18852b3,0
d1133c2a,0
9c6205b6,0
74d43823,0
899c4003,0
2e43101a,0
6537ac46,0
e70dfcd7,0
6bc8fa28,0
4a722c92,0
b48a4c46,0
ea21e5d0,0
5b59556f,0
74da20f8,0
614e2666,0
549419cc,0
4904c0cf,0
08a99354,0
2848ae87,0
e217545d,0
e99e7894,0
ed02de8d,0
b4e64ada,0
12148de9,0
20d419d3,0
802181fa,0
a18852b3,0
d1133c2a,0
9c6205b6,0
13f21525,0
74d43823,0
899c4003,0
2e43101a,0
6537ac46,0
e70dfcd7,0
6bc8fa28,0
4a722c92,0
b48a4c46,0
ea21e5d0,0
e4b72fdf,0
0ad032da,0
614e2666,0
549419cc,0
4904c0cf,0
08a99354,0
573afcad,0
e217545d,0
e99e7894,0
ed02de8d,0
b4e64ada,0
12148de9,0
20d419d3,0
802181fa,0
a18852b3,0
d1133c2a,0
9c6205b6,0
74d43823,0
899c4003,0
2e43101a,0
6537ac46,0
e70dfcd7,0
6bc8fa28,0
4a722c92,0
b48a4c46,0
ea21e5d0,0
366b8f62,0
45dca043,0
614e2666,0
549419cc,0
4904c0cf,0
08a99354,0
a67ec527,0
e217545d,0
42e18d9c,0
e99e7894,0
ed02de8d,0
b4e64ada,0
12148de9,0
20d419d3,0
802181fa,0
a18852b3,0
d1133c2a,0
9c6205b6,0
5545733e,0
74d43823,0
899c4003,0
2e43101a,0
6537ac46,0
e70dfcd7,0
6bc8fa28,0
4a722c92,0
b48a4c46,0
ea21e5d0,0
b5adf0eb,0
4a5a6269,0
37e30b59,0
549419cc,0
4904c0cf,0
08a99354,0
6f5285f7,0
e217545d,0
e99e7894,0
ed02de8d,0
b4e64ada,0
12148de9,0
20d419d3,0
802181fa,0
a18852b3,0
d1133c2a,0
9c6205b6,0
b9ea3874,0
74d43823,0
899c4003,0
2e43101a,0
6537ac46,0
e70dfcd7,0
6bc8fa28,0
4a722c92,0
b48a4c46,0
ea21e5d0,0
88e7378e,0
166bf985,0
37e30b59,0
549419cc,0
4904c0cf,0
08a99354,0
e217545d,0
1202e888,0
e99e7894,0
ed02de8d,0
b4e64ada,0
12148de9,0
20d419d3,0
802181fa,0
a18852b3,0
d1133c2a,0
9c6205b6,0
74d43823,0
899c4003,0
2e43101a,0
6537ac46,0
e70dfcd7,0
6bc8fa28,0
4a722c92,0
b48a4c46,0
ea21e5d0,0
61f38e13,0
9b6780a3,0
614e2666,0
549419cc,0
4904c0cf,0
08a99354,0
e217545d,0
e99e7894,0
ed02de8d,0
b4e64ada,0
12148de9,0
20d419d3,0
802181fa,0
a18852b3,0
d1133c2a,0
9c6205b6,0
d07ec43d,0
74d43823,0
899c4003,0
2e43101a,0
6537ac46,0
e70dfcd7,0
6bc8fa28,0
4a722c92,0
b48a4c46,0
ea21e5d0,0
14de9f92,0
f356ddf5,0
614e2666,0
549419cc,0
4904c0cf,0
08a99354,0
35ef9a85,0
e217545d,0
fab258b9,0
e99e7894,0
ed02de8d,0
b4e64ada,0
12148de9,0
20d419d3,0
802181fa,0
a18852b3,0
d1133c2a,0
9c6205b6,0
aa30cd93,0
74d43823,0
899c4003,0
2e43101a,0
6537ac46,0
e70dfcd7,0
6bc8fa28,0
4a722c92,0
b48a4c46,0
ea21e5d0,0
4a7f0932,0
614e2666,0
549419cc,0
4904c0cf,0
08a99354,0
e217545d,0
d5f32a3e,0
e99e7894,0
ed02de8d,0
b4e64ada,0
12148de9,0
20d419d3,0
802181fa,0
a18852b3,0
d1133c2a,0
9c6205b6,0
baa8145c,0
74d43823,0
899c4003,0
2e43101a,0
6537ac46,0
e70dfcd7,0
6bc8fa28,0
4a722c92,0
b48a4c46,0
ea21e5d0,0
18b9dbef,0
763cb0db,0
37e30b59,0
549419cc,0
4904c0cf,0
08a99354,0
e217545d,0
e99e7894,0
ed02de8d,0
b4e64ada,0
12148de9,0
20d419d3,0
802181fa,0
a18852b3,0
d1133c2a,0
9c6205b6,0
2ec42bb9,0
74d43823,0
899c4003,0
2e43101a,0
6537ac46,0
e70dfcd7,0
6bc8fa28,0
4a722c92,0
b48a4c46,0
ea21e5d0,0
99701c0b,0
e50c4dba,0
614e2666,0
549419cc,0
4904c0cf,0
08a99354,0
e217545d,0
d94218e5,0
e99e7894,0
ed02de8d,0
b4e64ada,0
12148de9,0
20d419d3,0
802181fa,0
a18852b3,0
d1133c2a,0
9c6205b6,0
74d43823,0
899c4003,0
2e43101a,0
6537ac46,0
e70dfcd7,0
6bc8fa28,0
4a722c92,0
b48a4c46,0
ea21e5d0,0
13eb3b12,0
917b6d9b,0
614e2666,0
549419cc,0
4904c0cf,0
08a99354,0
457de65a,0
e217545d,0
e99e7894,0
ed02de8d,0
b4e64ada,0
12148de9,0
20d419d3,0
802181fa,0
a18852b3,0
d1133c2a,0
9c6205b6,0
d6cdfcb4,0
74d43823,0
899c4003,0
2e43101a,0
6537ac46,0
e70dfcd7,0
6bc8fa28,0
4a722c92,0
b48a4c46,0
ea21e5d0,0
350d77d1,0
58646853,0
37e30b59,0
549419cc,0
4904c0cf,0
08a99354,0
06759c53,0
e217545d,0
e99e7894,0
ed02de8d,0
b4e64ada,0
12148de9,0
20d419d3,0
802181fa,0
a18852b3,0
d1133c2a,0
9c6205b6,0
cb026331,0
74d43823,0
899c4003,0
2e43101a,0
6537ac46,0
e70dfcd7,0
6bc8fa28,0
4a722c92,0
b48a4c46,0
ea21e5d0,0
d39c4ab7,0
0ef6ca14,0
37e30b59,0
549419cc,0
4904c0cf,0
08a99354,0
e217545d,0
96c28cf3,0
e99e7894,0
ed02de8d,0
b4e64ada,0
12148de9,0
20d419d3,0
802181fa,0
a18852b3,0
d1133c2a,0
9c6205b6,0
74d43823,0
899c4003,0
2e43101a,0
6537ac46,0
e70dfcd7,0
6bc8fa28,0
4a722c92,0
b48a4c46,0
ea21e5d0,0
2b1d8f2b,0
4ee5eff5,0
37e30b59,0
549419cc,0
4904c0cf,0
08a99354,0
133e0f6a,0
e217545d,0
e99e7894,0
ed02de8d,0
b4e64ada,0
12148de9,0
20d419d3,0
802181fa,0
a18852b3,0
d1133c2a,0
9c6205b6,0
e66fcb8c,0
74d43823,0
899c4003,0
2e43101a,0
6537ac46,0
e70dfcd7,0
6bc8fa28,0
4a722c92,0
b48a4c46,0
ea21e5d0,0
ef68ec22,0
75ccf237,0
614e2666,0
549419cc,0
4904c0cf,0
08a99354,0
e217545d,0
c309fd0b,0
e99e7894,0
ed02de8d,0
b4e64ada,0
12148de9,0
20d419d3,0
802181fa,0
a18852b3,0
d1133c2a,0
9c6205b6,0
43fa172e,0
74d43823,0
899c4003,0
2e43101a,0
6537ac46,0
e70dfcd7,0
6bc8fa28,0
4a722c92,0
b48a4c46,0
ea21e5d0,0
63879c2c,0
505a1230,0
614e2666,0
549419cc,0
4904c0cf,0
08a99354,0
9b0c924e,0
e217545d,0
e99e7894,0
ed02de8d,0
b4e64ada,0
12148de9,0
20d419d3,0
802181fa,0
a18852b3,0
d1133c2a,0
9c6205b6,0
8824732b,0
74d43823,0
899c4003,0
2e43101a,0
6537ac46,0
e70dfcd7,0
6bc8fa28,0
4a722c92,0
b48a4c46,0
ea21e5d0,0
850fc5b8,0
20fd752b,0
614e2666,0
549419cc,0
4904c0cf,0
08a99354,0
ccb85fb0,0
e217545d,0
e99e7894,0
ed02de8d,0
b4e64ada,0
12148de9,0
20d419d3,0
802181fa,0
a18852b3,0
d1133c2a,0
9c6205b6,0
da784ff3,0
74d43823,0
899c4003,0
2e43101a,0
6537ac46,0
e70dfcd7,0
6bc8fa28,0
4a722c92,0
b48a4c46,0
ea21e5d0,0
fe72cb4f,0
d0a405a1,0
37e30b59,0
549419cc,0
4904c0cf,0
08a99354,0
e217545d,0
e99e7894,0
ed02de8d,0
b4e64ada,0
12148de9,0
20d419d3,0
802181fa,0
a18852b3,0
d1133c2a,0
9c6205b6,0
74d43823,0
899c4003,0
2e43101a,0
6537ac46,0
e70dfcd7,0
6bc8fa28,0
4a722c92,0
b48a4c46,0
ea21e5d0,0
3115442a,0
17ad1f53,0
37e30b59,0
549419cc,0
4904c0cf,0
08a99354,0
e217545d,0
e99e7894,0
ed02de8d,0
b4e64ada,0
12148de9,0
20d419d3,0
802181fa,0
a18852b3,0
d1133c2a,0
9c6205b6,0
74d43823,0
899c4003,0
2e43101a,0
6537ac46,0
e70dfcd7,0
6bc8fa28,0
4a722c92,0
b48a4c46,0
ea21e5d0,0
4bafa778,0
953adc0e,0
37e30b59,0
549419cc,0
4904c0cf,0
08a99354,0
e217545d,0
45497322,0
e99e7894,0
ed02de8d,0
b4e64ada,0
12148de9,0
20d419d3,0
802181fa,0
a18852b3,0
d1133c2a,0
9c6205b6,0
74d43823,0
899c4003,0
2e43101a,0
6537ac46,0
e70dfcd7,0
6bc8fa28,0
4a722c92,0
b48a4c46,0
ea21e5d0,0
3c5d39fa,0
fb542836,0
614e2666,0
549419cc,0
4904c0cf,0
08a99354,0
e217545d,0
e99e7894,0
ed02de8d,0
b4e64ada,0
12148de9,0
20d419d3,0
802181fa,0
a18852b3,0
d1133c2a,0
9c6205b6,0
82201c25,0
74d43823,0
899c4003,0
2e43101a,0
6537ac46,0
e70dfcd7,0
6bc8fa28,0
4a722c92,0
b48a4c46,0
ea21e5d0,0
7020d975,0
816536a6,0
614e2666,0
549419cc,0
4904c0cf,0
08a99354,0
cc7c36db,0
e217545d,0
b31cae44,0
e99e7894,0
ed02de8d,0
b4e64ada,0
12148de9,0
20d419d3,0
802181fa,0
a18852b3,0
d1133c2a,0
9c6205b6,0
8490be4e,0
74d43823,0
899c4003,0
2e43101a,0
6537ac46,0
e70dfcd7,0
6bc8fa28,0
4a722c92,0
b48a4c46,0
ea21e5d0,0
b258cedf,0
3ca2e370,0
37e30b59,0
549419cc,0
4904c0cf,0
08a99354,0
49dd9258,0
e217545d,0
16513109,0
e99e7894,0
ed02de8d,0
b4e64ada,0
12148de9,0
20d419d3,0
802181fa,0
a18852b3,0
d1133c2a,0
9c6205b6,0
74d43823,0
899c4003,0
2e43101a,0
6537ac46,0
e70dfcd7,0
6bc8fa28,0
4a722c92,0
b48a4c46,0
ea21e5d0,0
3a44c245,0
d3d6c177,0
614e2666,0
549419cc,0
4904c0cf,0
08a99354,0
e217545d,0
e99e7894,0
ed02de8d,0
b4e64ada,0
12148de9,0
20d419d3,0
802181fa,0
a18852b3,0
d1133c2a,0
9c6205b6,0
81483371,0
74d43823,0
899c4003,0
2e43101a,0
6537ac46,0
e70dfcd7,0
6bc8fa28,0
4a722c92,0
b48a4c46,0
ea21e5d0,0
103f0324,0
626a5e57,0
614e2666,0
549419cc,0
4904c0cf,0
08a99354,0
e217545d,0
144adbdf,0
e99e7894,0
ed02de8d,0
b4e64ada,0
12148de9,0
20d419d3,0
802181fa,0
a18852b3,0
d1133c2a,0
9c6205b6,0
00f1cdaf,0
74d43823,0
899c4003,0
2e43101a,0
6537ac46,0
e70dfcd7,0
6bc8fa28,0
4a722c92,0
b48a4c46,0
ea21e5d0,0
a6c526b2,0
d1d4d54d,0
37e30b59,0
549419cc,0
4904c0cf,0
08a99354,0
b7bc103b,0
e217545d,0
e99e7894,0
ed02de8d,0
b4e64ada,0
12148de9,0
20d419d3,0
802181fa,0
a18852b3,0
d1133c2a,0
9c6205b6,0
2b4ddd8d,0
74d43823,0
899c4003,0
2e43101a,0
6537ac46,0
e70dfcd7,0
6bc8fa28,0
4a722c92,0
b48a4c46,0
ea21e5d0,0
a33b038d,0
232362d6,0
37e30b59,0
549419cc,0
4904c0cf,0
08a99354,0
b75ce949,0
e217545d,0
e99e7894,0
ed02de8d,0
b4e64ada,0
12148de9,0
20d419d3,0
802181fa,0
a18852b3,0
d1133c2a,0
9c6205b6,0
74d43823,0
899c4003,0
2e43101a,0
6537ac46,0
e70dfcd7,0
6bc8fa28,0
4a722c92,0
b48a4c46,0
ea21e5d0,0
d78c11b3,0
4f76c4c0,0
37e30b59,0
549419cc,0
4904c0cf,0
08a99354,0
0e269654,0
e217545d,0
e99e7894,0
ed02de8d,0
b4e64ada,0
12148de9,0
20d419d3,0
802181fa,0
a18852b3,0
d1133c2a,0
9c6205b6,0
74d43823,0
899c4003,0
2e43101a,0
6537ac46,0
e70dfcd7,0
6bc8fa28,0
4a722c92,0
b48a4c46,0
ea21e5d0,0
9fc87d3a,0
7c0f65f3,0
37e30b59,0
549419cc,0
4904c0cf,0
08a99354,0
aa560897,0
e217545d,0
e99e7894,0
ed02de8d,0
b4e64ada,0
12148de9,0
20d419d3,0
802181fa,0
a18852b3,0
d1133c2a,0
9c6205b6,0
74d43823,0
899c4003,0
2e43101a,0
6537ac46,0
e70dfcd7,0
6bc8fa28,0
4a722c92,0
b48a4c46,0
ea21e5d0,0
7eb038c3,0
be8515b4,0
614e2666,0
549419cc,0
4904c0cf,0
08a99354,0
04e630b2,0
e217545d,0
e99e7894,0
ed02de8d,0
b4e64ada,0
12148de9,0
20d419d3,0
802181fa,0
a18852b3,0
d1133c2a,0
9c6205b6,0
74d43823,0
899c4003,0
2e43101a,0
6537ac46,0
e70dfcd7,0
6bc8fa28,0
4a722c92,0
b48a4c46,0
ea21e5d0,0
55cf5403,0
786c38e2,0
614e2666,0
549419cc,0
4904c0cf,0
08a99354,0
e217545d,0
e99e7894,0
ed02de8d,0
b4e64ada,0
12148de9,0
20d419d3,0
802181fa,0
a18852b3,0
d1133c2a,0
9c6205b6,0
937936a4,0
74d43823,0
899c4003,0
2e43101a,0
6537ac46,0
e70dfcd7,0
6bc8fa28,0
4a722c92,0
b48a4c46,0
ea21e5d0,0
61f38e13,0
027780c2,0
37e30b59,0
549419cc,0
4904c0cf,0
08a99354,0
5c2e4bbf,0
e217545d,0
5e85f6b0,0
e99e7894,0
ed02de8d,0
b4e64ada,0
12148de9,0
20d419d3,0
802181fa,0
a18852b3,0
d1133c2a,0
9c6205b6,0
74d43823,0
899c4003,0
2e43101a,0
6537ac46,0
e70dfcd7,0
6bc8fa28,0
4a722c92,0
b48a4c46,0
ea21e5d0,0
f6b07f01,0
9d518955,0
614e2666,0
549419cc,0
4904c0cf,0
08a99354,0
7b138abe,0
e217545d,0
e99e7894,0
ed02de8d,0
b4e64ada,0
12148de9,0
20d419d3,0
802181fa,0
a18852b3,0
d1133c2a,0
9c6205b6,0
23081136,0
74d43823,0
899c4003,0
2e43101a,0
6537ac46,0
e70dfcd7,0
6bc8fa28,0
4a722c92,0
b48a4c46,0
ea21e5d0,0
b72d997f,0
f8562b2d,0
614e2666,0
549419cc,0
4904c0cf,0
08a99354,0
aabd5a89,0
e217545d,0
c1dddaf7,0
e99e7894,0
ed02de8d,0
b4e64ada,0
12148de9,0
20d419d3,0
802181fa,0
a18852b3,0
d1133c2a,0
9c6205b6,0
c69f433b,0
74d43823,0
899c4003,0
2e43101a,0
6537ac46,0
e70dfcd7,0
6bc8fa28,0
4a722c92,0
b48a4c46,0
ea21e5d0,0
4e94782c,0
93109b22,0
37e30b59,0
549419cc,0
4904c0cf,0
08a99354,0
6fbbc6d1,0
e217545d,0
e99e7894,0
ed02de8d,0
b4e64ada,0
12148de9,0
20d419d3,0
802181fa,0
a18852b3,0
d1133c2a,0
9c6205b6,0
74d43823,0
899c4003,0
2e43101a,0
6537ac46,0
e70dfcd7,0
6bc8fa28,0
4a722c92,0
b48a4c46,0
ea21e5d0,0
963fae73,0
d0664084,0
37e30b59,0
549419cc,0
4904c0cf,0
08a99354,0
9d55941b,0
e217545d,0
40259b5a,0
e99e7894,0
ed02de8d,0
b4e64ada,0
12148de9,0
20d419d3,0
802181fa,0
a18852b3,0
d1133c2a,0
9c6205b6,0
74d43823,0
899c4003,0
2e43101a,0
6537ac46,0
e70dfcd7,0
6bc8fa28,0
4a722c92,0
b48a4c46,0
ea21e5d0,0
581543fc,0
50e27d57,0
37e30b59,0
549419cc,0
4904c0cf,0
08a99354,0
e217545d,0
e99e7894,0
ed02de8d,0
b4e64ada,0
12148de9,0
20d419d3,0
802181fa,0
a18852b3,0
d1133c2a,0
9c6205b6,0
8fdaf670,0
74d43823,0
899c4003,0
2e43101a,0
6537ac46,0
e70dfcd7,0
6bc8fa28,0
4a722c92,0
b48a4c46,0
ea21e5d0,0
277e26f5,0
ab56af22,0
37e30b59,0
549419cc,0
4904c0cf,0
08a99354,0
e217545d,0
e99e7894,0
ed02de8d,0
b4e64ada,0
12148de9,0
20d419d3,0
802181fa,0
a18852b3,0
d1133c2a,0
9c6205b6,0
74d43823,0
899c4003,0
2e43101a,0
6537ac46,0
e70dfcd7,0
6bc8fa28,0
4a722c92,0
b48a4c46,0
ea21e5d0,0
1881b12c,0
c9bc1037,0
37e30b59,0
549419cc,0
4904c0cf,0
08a99354,0
e217545d,0
6e9b2a01,0
e99e7894,0
ed02de8d,0
b4e64ada,0
12148de9,0
20d419d3,0
802181fa,0
a18852b3,0
d1133c2a,0
9c6205b6,0
e053106f,0
74d43823,0
899c4003,0
2e43101a,0
6537ac46,0
e70dfcd7,0
6bc8fa28,0
4a722c92,0
b48a4c46,0
ea21e5d0,0
63fa75e3,0
30b3de15,0
37e30b59,0
549419cc,0
4904c0cf,0
08a99354,0
86f070dc,0
e217545d,0
e99e7894,0
ed02de8d,0
b4e64ada,0
12148de9,0
20d419d3,0
802181fa,0
a18852b3,0
d1133c2a,0
9c6205b6,0
74d43823,0
899c4003,0
2e43101a,0
6537ac46,0
e70dfcd7,0
6bc8fa28,0
4a722c92,0
b48a4c46,0
ea21e5d0,0
ee51a558,0
c4dbe1ca,0
614e2666,0
549419cc,0
4904c0cf,0
08a99354,0
e217545d,0
27f19a31,0
e99e7894,0
ed02de8d,0
b4e64ada,0
12148de9,0
20d419d3,0
802181fa,0
a18852b3,0
d1133c2a,0
9c6205b6,0
270b9409,0
74d43823,0
899c4003,0
2e43101a,0
6537ac46,0
e70dfcd7,0
6bc8fa28,0
4a722c92,0
b48a4c46,0
ea21e5d0,0
23b87bb5,0
1365d36e,0
37e30b59,0
549419cc,0
4904c0cf,0
08a99354,0
e217545d,0
e99e7894,0
ed02de8d,0
b4e64ada,0
12148de9,0
20d419d3,0
802181fa,0
a18852b3,0
d1133c2a,0
9c6205b6,0
74d43823,0
899c4003,0
2e43101a,0
6537ac46,0
e70dfcd7,0
6bc8fa28,0
4a722c92,0
b48a4c46,0
ea21e5d0,0
06890c6c,0
83e07f58,0
614e2666,0
549419cc,0
4904c0cf,0
08a99354,0
c9adff3e,0
e217545d,0
e99e7894,0
ed02de8d,0
b4e64ada,0
12148de9,0
20d419d3,0
802181fa,0
a18852b3,0
d1133c2a,0
9c6205b6,0
74d43823,0
899c4003,0
2e43101a,0
6537ac46,0
e70dfcd7,0
6bc8fa28,0
4a722c92,0
b48a4c46,0
ea21e5d0,0
34235770,0
d5d7e228,0
614e2666,0
549419cc,0
4904c0cf,0
08a99354,0
2c029400,0
e217545d,0
e99e7894,0
ed02de8d,0
b4e64ada,0
12148de9,0
20d419d3,0
802181fa,0
a18852b3,0
d1133c2a,0
9c6205b6,0
9ee5763d,0
74d43823,0
899c4003,0
2e43101a,0
6537ac46,0
e70dfcd7,0
6bc8fa28,0
4a722c92,0
b48a4c46,0
ea21e5d0,0
e0dc9a19,0
c18824de,0
37e30b59,0
549419cc,0
4904c0cf,0
08a99354,0
f4dc36b2,0
e217545d,0
2c07f9f6,0
e99e7894,0
ed02de8d,0
b4e64ada,0
12148de9,0
20d419d3,0
802181fa,0
a18852b3,0
d1133c2a,0
9c6205b6,0
3681c29e,0
74d43823,0
899c4003,0
2e43101a,0
6537ac46,0
e70dfcd7,0
6bc8fa28,0
4a722c92,0
b48a4c46,0
ea21e5d0,0
a30ba18d,0
655f373f,0
614e2666,0
549419cc,0
4904c0cf,0
08a99354,0
d4d54671,0
e217545d,0
e99e7894,0
ed02de8d,0
b4e64ada,0
12148de9,0
20d419d3,0
802181fa,0
a18852b3,0
d1133c2a,0
9c6205b6,0
5ae0dcc6,0
74d43823,0
899c4003,0
2e43101a,0
6537ac46,0
e70dfcd7,0
6bc8fa28,0
4a722c92,0
b48a4c46,0
ea21e5d0,0
9c47d5b3,0
e1b0bf9f,0
37e30b59,0
549419cc,0
4904c0cf,0
08a99354,0
b3106235,0
e217545d,0
2091d482,0
e99e7894,0
ed02de8d,0
b4e64ada,0
12148de9,0
20d419d3,0
802181fa,0
a18852b3,0
d1133c2a,0
9c6205b6,0
74d43823,0
899c4003,0
2e43101a,0
6537ac46,0
e70dfcd7,0
6bc8fa28,0
4a722c92,0
b48a4c46,0
ea21e5d0,0
f7653120,0
038707c7,0
614e2666,0
549419cc,0
4904c0cf,0
08a99354,0
4389f181,0
e217545d,0
e99e7894,0
ed02de8d,0
b4e64ada,0
12148de9,0
20d419d3,0
802181fa,0
a18852b3,0
d1133c2a,0
9c6205b6,0
9f9f58d8,0
74d43823,0
899c4003,0
2e43101a,0
6537ac46,0
e70dfcd7,0
6bc8fa28,0
4a722c92,0
b48a4c46,0
ea21e5d0,0
5fae55de,0
705453f7,0
37e30b59,0
549419cc,0
4904c0cf,0
08a99354,0
e217545d,0
0d8324bc,0
e99e7894,0
ed02de8d,0
b4e64ada,0
12148de9,0
20d419d3,0
802181fa,0
a18852b3,0
d1133c2a,0
9c6205b6,0
3c64e1b6,0
74d43823,0
899c4003,0
2e43101a,0
6537ac46,0
e70dfcd7,0
6bc8fa28,0
4a722c92,0
b48a4c46,0
ea21e5d0,0
5c7d8831,0
1e8478df,0
614e2666,0
549419cc,0
4904c0cf,0
08a99354,0
dcfd68be,0
e217545d,0
e99e7894,0
ed02de8d,0
b4e64ada,0
12148de9,0
20d419d3,0
802181fa,0
a18852b3,0
d1133c2a,0
9c6205b6,0
b825b415,0
74d43823,0
899c4003,0
2e43101a,0
6537ac46,0
e70dfcd7,0
6bc8fa28,0
4a722c92,0
b48a4c46,0
ea21e5d0,0
0cddbf7b,0
cda7fa25,0
37e30b59,0
549419cc,0
4904c0cf,0
08a99354,0
db696647,0
e217545d,0
aca6fab5,0
e99e7894,0
ed02de8d,0
b4e64ada,0
12148de9,0
20d419d3,0
802181fa,0
a18852b3,0
d1133c2a,0
9c6205b6,0
87a4c74f,0
74d43823,0
899c4003,0
2e43101a,0
6537ac46,0
e70dfcd7,0
6bc8fa28,0
4a722c92,0
b48a4c46,0
ea21e5d0,0
bde06396,0
9472f793,0
37e30b59,0
549419cc,0
4904c0cf,0
08a99354,0
9293c09a,0
e217545d,0
e99e7894,0
ed02de8d,0
b4e64ada,0
12148de9,0
20d419d3,0
802181fa,0
a18852b3,0
d1133c2a,0
9c6205b6,0
909146b9,0
74d43823,0
899c4003,0
2e43101a,0
6537ac46,0
e70dfcd7,0
6bc8fa28,0
4a722c92,0
b48a4c46,0
ea21e5d0,0
bf9b3a78,0
70f1ff2f,0
37e30b59,0
549419cc,0
4904c0cf,0
08a99354,0
e217545d,0
80f16241,0
e99e7894,0
ed02de8d,0
b4e64ada,0
12148de9,0
20d419d3,0
802181fa,0
a18852b3,0
d1133c2a,0
9c6205b6,0
a77c4c07,0
74d43823,0
899c4003,0
2e43101a,0
6537ac46,0
e70dfcd7,0
6bc8fa28,0
4a722c92,0
b48a4c46,0
ea21e5d0,0
520eedc7,0
2142fcf9,0
614e2666,0
549419cc,0
4904c0cf,0
08a99354,0
061fc97b,0
e217545d,0
e99e7894,0
ed02de8d,0
b4e64ada,0
12148de9,0
20d419d3,0
802181fa,0
a18852b3,0
d1133c2a,0
9c6205b6,0
74d43823,0
899c4003,0
2e43101a,0
6537ac46,0
e70dfcd7,0
6bc8fa28,0
4a722c92,0
b48a4c46,0
ea21e5d0,0
5a2fc726,0
3f5fe999,0
614e2666,0
549419cc,0
4904c0cf,0
08a99354,0
e217545d,0
e99e7894,0
ed02de8d,0
b4e64ada,0
12148de9,0
20d419d3,0
802181fa,0
a18852b3,0
d1133c2a,0
9c6205b6,0
802c802f,0
74d43823,0
899c4003,0
2e43101a,0
6537ac46,0
e70dfcd7,0
6bc8fa28,0
4a722c92,0
b48a4c46,0
ea21e5d0,0
309cfbbd,0
4272766f,0
614e2666,0
549419cc,0
4904c0cf,0
08a99354,0
e217545d,0
a84e0433,0
e99e7894,0
ed02de8d,0
b4e64ada,0
12148de9,0
20d419d3,0
802181fa,0
a18852b3,0
d1133c2a,0
9c6205b6,0
e5f5ce2d,0
74d43823,0
899c4003,0
2e43101a,0
6537ac46,0
e70dfcd7,0
6bc8fa28,0
4a722c92,0
b48a4c46,0
ea21e5d0,0
3b81c23c,0
9b3c8849,0
614e2666,0
549419cc,0
4904c0cf,0
08a99354,0
67eff1a8,0
e217545d,0
e99e7894,0
ed02de8d,0
b4e64ada,0
12148de9,0
20d419d3,0
802181fa,0
a18852b3,0
d1133c2a,0
9c6205b6,0
df2da507,0
74d43823,0
899c4003,0
2e43101a,0
6537ac46,0
e70dfcd7,0
6bc8fa28,0
4a722c92,0
b48a4c46,0
ea21e5d0,0
68e89e49,0
4b610ab9,0
614e2666,0
549419cc,0
4904c0cf,0
08a99354,0
e217545d,0
e99e7894,0
ed02de8d,0
b4e64ada,0
12148de9,0
20d419d3,0
802181fa,0
a18852b3,0
d1133c2a,0
9c6205b6,0
74d43823,0
899c4003,0
2e43101a,0
6537ac46,0
e70dfcd7,0
6bc8fa28,0
4a722c92,0
b48a4c46,0
ea21e5d0,0
2e07d2ef,0
dcfd9ab6,0
614e2666,0
549419cc,0
4904c0cf,0
08a99354,0
e217545d,0
a580b3e2,0
e99e7894,0
ed02de8d,0
b4e64ada,0
12148de9,0
20d419d3,0
802181fa,0
a18852b3,0
d1133c2a,0
9c6205b6,0
f8eefd6a,0
74d43823,0
899c4003,0
2e43101a,0
6537ac46,0
e70dfcd7,0
6bc8fa28,0
4a722c92,0
b48a4c46,0
ea21e5d0,0
705f1843,0
3db3137e,0
614e2666,0
549419cc,0
4904c0cf,0
08a99354,0
fc5f2289,0
e217545d,0
d159dc6d,0
e99e7894,0
ed02de8d,0
b4e64ada,0
12148de9,0
20d419d3,0
802181fa,0
a18852b3,0
d1133c2a,0
9c6205b6,0
ba1ca9a2,0
74d43823,0
899c4003,0
2e43101a,0
6537ac46,0
e70dfcd7,0
6bc8fa28,0
4a722c92,0
b48a4c46,0
ea21e5d0,0
951184cc,0
cf27debe,0
37e30b59,0
549419cc,0
4904c0cf,0
08a99354,0
e217545d,0
e99e7894,0
ed02de8d,0
b4e64ada,0
12148de9,0
20d419d3,0
802181fa,0
a18852b3,0
d1133c2a,0
9c6205b6,0
74d43823,0
899c4003,0
2e43101a,0
6537ac46,0
e70dfcd7,0
6bc8fa28,0
4a722c92,0
b48a4c46,0
ea21e5d0,0
99a33dd6,0
680c0563,0
614e2666,0
549419cc,0
4904c0cf,0
08a99354,0
d43061b5,0
e217545d,0
e99e7894,0
ed02de8d,0
b4e64ada,0
12148de9,0
20d419d3,0
802181fa,0
a18852b3,0
d1133c2a,0
9c6205b6,0
77af092a,0
74d43823,0
899c4003,0
2e43101a,0
6537ac46,0
e70dfcd7,0
6bc8fa28,0
4a722c92,0
b48a4c46,0
ea21e5d0,0
c80f1471,0
2b189684,0
37e30b59,0
549419cc,0
4904c0cf,0
08a99354,0
54665fba,0
e217545d,0
627ccf83,0
e99e7894,0
ed02de8d,0
b4e64ada,0
12148de9,0
20d419d3,0
802181fa,0
a18852b3,0
d1133c2a,0
9c6205b6,0
74d43823,0
899c4003,0
2e43101a,0
6537ac46,0
e70dfcd7,0
6bc8fa28,0
4a722c92,0
b48a4c46,0
ea21e5d0,0
4d849715,0
94e0ec1c,0
614e2666,0
549419cc,0
4904c0cf,0
08a99354,0
91ac48cd,0
e217545d,0
e99e7894,0
ed02de8d,0
b4e64ada,0
12148de9,0
20d419d3,0
802181fa,0
a18852b3,0
d1133c2a,0
9c6205b6,0
0c0eafeb,0
74d43823,0
899c4003,0
2e43101a,0
6537ac46,0
e70dfcd7,0
6bc8fa28,0
4a722c92,0
b48a4c46,0
ea21e5d0,0
e6f05af8,0
dfb035ff,0
37e30b59,0
549419cc,0
4904c0cf,0
08a99354,0
e217545d,0
7ed43cac,0
e99e7894,0
ed02de8d,0
b4e64ada,0
12148de9,0
20d419d3,0
802181fa,0
a18852b3,0
d1133c2a,0
9c6205b6,0
eebbc9ef,0
74d43823,0
899c4003,0
2e43101a,0
6537ac46,0
e70dfcd7,0
6bc8fa28,0
4a722c92,0
b48a4c46,0
ea21e5d0,0
95d7af15,0
b90e8d45,0
614e2666,0
549419cc,0
4904c0cf,0
08a99354,0
e217545d,0
0e6b1218,0
e99e7894,0
ed02de8d,0
b4e64ada,0
12148de9,0
20d419d3,0
802181fa,0
a18852b3,0
d1133c2a,0
9c6205b6,0
cf035521,0
74d43823,0
899c4003,0
2e43101a,0
6537ac46,0
e70dfcd7,0
6bc8fa28,0
4a722c92,0
b48a4c46,0
ea21e5d0,0
cd558374,0
4c0a6498,0
37e30b59,0
549419cc,0
4904c0cf,0
08a99354,0
e217545d,0
17669cbb,0
e99e7894,0
ed02de8d,0
b4e64ada,0
12148de9,0
20d419d3,0
802181fa,0
a18852b3,0
d1133c2a,0
9c6205b6,0
74d43823,0
899c4003,0
2e43101a,0
6537ac46,0
e70dfcd7,0
6bc8fa28,0
4a722c92,0
b48a4c46,0
ea21e5d0,0
8852cc2a,0
3361aa44,0
37e30b59,0
549419cc,0
4904c0cf,0
08a99354,0
e217545d,0
fe1fbd0e,0
e99e7894,0
ed02de8d,0
b4e64ada,0
12148de9,0
20d419d3,0
802181fa,0
a18852b3,0
d1133c2a,0
9c6205b6,0
3e798b18,0
74d43823,0
899c4003,0
2e43101a,0
6537ac46,0
e70dfcd7,0
6bc8fa28,0
4a722c92,0
b48a4c46,0
ea21e5d0,0
1527096c,0
55946bf9,0
37e30b59,0
549419cc,0
4904c0cf,0
08a99354,0
e217545d,0
e99e7894,0
ed02de8d,0
b4e64ada,0
12148de9,0
20d419d3,0
802181fa,0
a18852b3,0
d1133c2a,0
9c6205b6,0
efa23891,0
74d43823,0
899c4003,0
2e43101a,0
6537ac46,0
e70dfcd7,0
6bc8fa28,0
4a722c92,0
b48a4c46,0
ea21e5d0,0
6ae53f68,0
37c0c396,0
37e30b59,0
549419cc,0
4904c0cf,0
08a99354,0
7010794b,0
e217545d,0
cd7928de,0
e99e7894,0
ed02de8d,0
b4e64ada,0
12148de9,0
20d419d3,0
802181fa,0
a18852b3,0
d1133c2a,0
9c6205b6,0
fe1dbc4b,0
74d43823,0
899c4003,0
2e43101a,0
6537ac46,0
e70dfcd7,0
6bc8fa28,0
4a722c92,0
b48a4c46,0
ea21e5d0,0
ff064d72,0
887b3642,0
614e2666,0
549419cc,0
4904c0cf,0
08a99354,0
e018210d,0
e217545d,0
e99e7894,0
ed02de8d,0
b4e64ada,0
12148de9,0
20d419d3,0
802181fa,0
a18852b3,0
d1133c2a,0
9c6205b6,0
38abc232,0
74d43823,0
899c4003,0
2e43101a,0
6537ac46,0
e70dfcd7,0
6bc8fa28,0
4a722c92,0
b48a4c46,0
ea21e5d0,0
e7040834,0
2f00fdc8,0
614e2666,0
549419cc,0
4904c0cf,0
08a99354,0
e217545d,0
1dc8cb27,0
e99e7894,0
ed02de8d,0
b4e64ada,0
12148de9,0
20d419d3,0
802181fa,0
a18852b3,0
d1133c2a,0
9c6205b6,0
74d43823,0
899c4003,0
2e43101a,0
6537ac46,0
e70dfcd7,0
6bc8fa28,0
4a722c92,0
b48a4c46,0
ea21e5d0,0
d55ec6b5,0
08cbb58c,0
37e30b59,0
549419cc,0
4904c0cf,0
08a99354,0
e217545d,0
f560f4f2,0
e99e7894,0
ed02de8d,0
b4e64ada,0
12148de9,0
20d419d3,0
802181fa,0
a18852b3,0
d1133c2a,0
9c6205b6,0
74d43823,0
899c4003,0
2e43101a,0
6537ac46,0
e70dfcd7,0
6bc8fa28,0
4a722c92,0
b48a4c46,0
ea21e5d0,0
725d5780,0
17f9f9ba,0
614e2666,0
549419cc,0
4904c0cf,0
08a99354,0
6d71254f,0
e217545d,0
394e431f,0
e99e7894,0
ed02de8d,0
b4e64ada,0
12148de9,0
20d419d3,0
802181fa,0
a18852b3,0
d1133c2a,0
9c6205b6,0
b07aa20c,0
74d43823,0
899c4003,0
2e43101a,0
6537ac46,0
e70dfcd7,0
6bc8fa28,0
4a722c92,0
b48a4c46,0
ea21e5d0,0
f1a19470,0
862ae9a0,0
614e2666,0
549419cc,0
4904c0cf,0
08a99354,0
3abbd95a,0
e217545d,0
b13d9b66,0
e99e7894,0
ed02de8d,0
b4e64ada,0
12148de9,0
20d419d3,0
802181fa,0
a18852b3,0
d1133c2a,0
9c6205b6,0
5e8f534e,0
74d43823,0
899c4003,0
2e43101a,0
6537ac46,0
e70dfcd7,0
6bc8fa28,0
4a722c92,0
b48a4c46,0
ea21e5d0,0
0063a75e,0
49b47db8,0
37e30b59,0
549419cc,0
4904c0cf,0
08a99354,0
e217545d,0
8301f5fc,0
e99e7894,0
ed02de8d,0
b4e64ada,0
12148de9,0
20d419d3,0
802181fa,0
a18852b3,0
d1133c2a,0
9c6205b6,0
74d43823,0
899c4003,0
2e43101a,0
6537ac46,0
e70dfcd7,0
6bc8fa28,0
4a722c92,0
b48a4c46,0
ea21e5d0,0
4f989adb,0
0017be88,0
614e2666,0
549419cc,0
4904c0cf,0
08a99354,0
7088b46c,0
e217545d,0
e99e7894,0
ed02de8d,0
b4e64ada,0
12148de9,0
20d419d3,0
802181fa,0
a18852b3,0
d1133c2a,0
9c6205b6,0
74d43823,0
899c4003,0
2e43101a,0
6537ac46,0
e70dfcd7,0
6bc8fa28,0
4a722c92,0
b48a4c46,0
ea21e5d0,0
c7eebe9d,0
bd0a6a96,0
614e2666,0
549419cc,0
4904c0cf,0
08a99354,0
e217545d,0
e99e7894,0
ed02de8d,0
b4e64ada,0
12148de9,0
20d419d3,0
802181fa,0
a18852b3,0
d1133c2a,0
9c6205b6,0
74d43823,0
899c4003,0
2e43101a,0
6537ac46,0
e70dfcd7,0
6bc8fa28,0
4a722c92,0
b48a4c46,0
ea21e5d0,0
bb5cace9,0
6b9b4088,0
614e2666,0
549419cc,0
4904c0cf,0
08a99354,0
aa25ed24,0
e217545d,0
9ce6b7f4,0
e99e7894,0
ed02de8d,0
b4e64ada,0
12148de9,0
20d419d3,0
802181fa,0
a18852b3,0
d1133c2a,0
9c6205b6,0
74d43823,0
899c4003,0
2e43101a,0
6537ac46,0
e70dfcd7,0
6bc8fa28,0
4a722c92,0
b48a4c46,0
ea21e5d0,0
80e15e8a,0
54a76cd4,0
614e2666,0
549419cc,0
4904c0cf,0
08a99354,0
e217545d,0
e99e7894,0
ed02de8d,0
b4e64ada,0
12148de9,0
20d419d3,0
802181fa,0
a18852b3,0
d1133c2a,0
9c6205b6,0
74d43823,0
899c4003,0
2e43101a,0
6537ac46,0
e70dfcd7,0
6bc8fa28,0
4a722c92,0
b48a4c46,0
ea21e5d0,0
ec5005e1,0
7fcf65ae,0
614e2666,0
549419cc,0
4904c0cf,0
08a99354,0
e217545d,0
9aaff11a,0
e99e7894,0
ed02de8d,0
b4e64ada,0
12148de9,0
20d419d3,0
802181fa,0
a18852b3,0
d1133c2a,0
9c6205b6,0
7e63c270,0
74d43823,0
899c4003,0
2e43101a,0
6537ac46,0
e70dfcd7,0
6bc8fa28,0
4a722c92,0
b48a4c46,0
ea21e5d0,0
bb52c468,0
8bd531c0,0
37e30b59,0
549419cc,0
4904c0cf,0
08a99354,0
e217545d,0
d0917c2d,0
e99e7894,0
ed02de8d,0
b4e64ada,0
12148de9,0
20d419d3,0
802181fa,0
a18852b3,0
d1133c2a,0
9c6205b6,0
2490fbe6,0
74d43823,0
899c4003,0
2e43101a,0
6537ac46,0
e70dfcd7,0
6bc8fa28,0
4a722c92,0
b48a4c46,0
ea21e5d0,0
91cd6835,0
ab6e012a,0
37e30b59,0
549419cc,0
4904c0cf,0
08a99354,0
e217545d,0
e99e7894,0
ed02de8d,0
b4e64ada,0
12148de9,0
20d419d3,0
802181fa,0
a18852b3,0
d1133c2a,0
9c6205b6,0
74d43823,0
899c4003,0
2e43101a,0
6537ac46,0
e70dfcd7,0
6bc8fa28,0
4a722c92,0
b48a4c46,0
ea21e5d0,0
b207c3f1,0
cfaaf9cc,0
37e30b59,0
549419cc,0
4904c0cf,0
08a99354,0
a0ad4c9c,0
e217545d,0
7302565e,0
e99e7894,0
ed02de8d,0
b4e64ada,0
12148de9,0
20d419d3,0
802181fa,0
a18852b3,0
d1133c2a,0
9c6205b6,0
371ead8b,0
74d43823,0
899c4003,0
2e43101a,0
6537ac46,0
e70dfcd7,0
6bc8fa28,0
4a722c92,0
b48a4c46,0
ea21e5d0,0
3329707c,0
139430f8,0
614e2666,0
549419cc,0
4904c0cf,0
08a99354,0
e217545d,0
e99e7894,0
ed02de8d,0
b4e64ada,0
12148de9,0
20d419d3,0
802181fa,0
a18852b3,0
d1133c2a,0
9c6205b6,0
3f5dd8ed,0
74d43823,0
899c4003,0
2e43101a,0
6537ac46,0
e70dfcd7,0
6bc8fa28,0
4a722c92,0
b48a4c46,0
ea21e5d0,0
54e5352c,0
20e8f3d1,0
37e30b59,0
549419cc,0
4904c0cf,0
08a99354,0
b9f02f21,0
e217545d,0
e99e7894,0
ed02de8d,0
b4e64ada,0
12148de9,0
20d419d3,0
802181fa,0
a18852b3,0
d1133c2a,0
9c6205b6,0
31995eaa,0
74d43823,0
899c4003,0
2e43101a,0
6537ac46,0
e70dfcd7,0
6bc8fa28,0
4a722c92,0
b48a4c46,0
ea21e5d0,0
66b2d63f,0
e248983d,0
37e30b59,0
549419cc,0
4904c0cf,0
08a99354,0
e217545d,0
e99e7894,0
ed02de8d,0
b4e64ada,0
12148de9,0
20d419d3,0
802181fa,0
a18852b3,0
d1133c2a,0
9c6205b6,0
74d43823,0
899c4003,0
2e43101a,0
6537ac46,0
e70dfcd7,0
6bc8fa28,0
4a722c92,0
b48a4c46,0
ea21e5d0,0
6f7560f3,0
632be4a2,0
614e2666,0
549419cc,0
4904c0cf,0
08a99354,0
e217545d,0
e99e7894,0
ed02de8d,0
b4e64ada,0
12148de9,0
20d419d3,0
802181fa,0
a18852b3,0
d1133c2a,0
9c6205b6,0
6cbfa170,0
74d43823,0
899c4003,0
2e43101a,0
6537ac46,0
e70dfcd7,0
6bc8fa28,0
4a722c92,0
b48a4c46,0
ea21e5d0,0
48fd6707,0
1ac2b98d,0
614e2666,0
549419cc,0
4904c0cf,0
08a99354,0
e217545d,0
e99e7894,0
ed02de8d,0
b4e64ada,0
12148de9,0
20d419d3,0
802181fa,0
a18852b3,0
d1133c2a,0
9c6205b6,0
74d43823,0
899c4003,0
2e43101a,0
6537ac46,0
e70dfcd7,0
6bc8fa28,0
4a722c92,0
b48a4c46,0
ea21e5d0,0
5f4e2275,0
642363e5,0
37e30b59,0
549419cc,0
4904c0cf,0
08a99354,0
e217545d,0
f5e83149,0
e99e7894,0
ed02de8d,0
b4e64ada,0
12148de9,0
20d419d3,0
802181fa,0
a18852b3,0
d1133c2a,0
9c6205b6,0
355fc8c4,0
74d43823,0
899c4003,0
2e43101a,0
6537ac46,0
e70dfcd7,0
6bc8fa28,0
4a722c92,0
b48a4c46,0
ea21e5d0,0
2b0b6e0f,0
be909af8,0
614e2666,0
549419cc,0
4904c0cf,0
08a99354,0
e217545d,0
e8934522,0
e99e7894,0
ed02de8d,0
b4e64ada,0
12148de9,0
20d419d3,0
802181fa,0
a18852b3,0
d1133c2a,0
9c6205b6,0
74d43823,0
899c4003,0
2e43101a,0
6537ac46,0
e70dfcd7,0
6bc8fa28,0
4a722c92,0
b48a4c46,0
ea21e5d0,0
d50747e1,0
c8c69cee,0
37e30b59,0
549419cc,0
4904c0cf,0
08a99354,0
6797b2eb,0
e217545d,0
e99e7894,0
ed02de8d,0
b4e64ada,0
12148de9,0
20d419d3,0
802181fa,0
a18852b3,0
d1133c2a,0
9c6205b6,0
335cce8b,0
74d43823,0
899c4003,0
2e43101a,0
6537ac46,0
e70dfcd7,0
6bc8fa28,0
4a722c92,0
b48a4c46,0
ea21e5d0,0
59dcfcc8,0
8df1b32d,0
614e2666,0
549419cc,0
4904c0cf,0
08a99354,0
e217545d,0
b3aaf993,0
e99e7894,0
ed02de8d,0
b4e64ada,0
12148de9,0
20d419d3,0
802181fa,0
a18852b3,0
d1133c2a,0
9c6205b6,0
05775e08,0
74d43823,0
899c4003,0
2e43101a,0
6537ac46,0
e70dfcd7,0
6bc8fa28,0
4a722c92,0
b48a4c46,0
ea21e5d0,0
d68e4cda,0
05dc4e06,0
37e30b59,0
549419cc,0
4904c0cf,0
08a99354,0
41992074,0
e217545d,0
34b66c1b,0
e99e7894,0
ed02de8d,0
b4e64ada,0
12148de9,0
20d419d3,0
802181fa,0
a18852b3,0
d1133c2a,0
9c6205b6,0
74d43823,0
899c4003,0
2e43101a,0
6537ac46,0
e70dfcd7,0
6bc8fa28,0
4a722c92,0
b48a4c46,0
ea21e5d0,0
be681107,0
90a1e100,0
37e30b59,0
549419cc,0
4904c0cf,0
08a99354,0
1589f802,0
e217545d,0
c08c9757,0
e99e7894,0
ed02de8d,0
b4e64ada,0
12148de9,0
20d419d3,0
802181fa,0
a18852b3,0
d1133c2a,0
9c6205b6,0
48db2eec,0
74d43823,0
899c4003,0
2e43101a,0
6537ac46,0
e70dfcd7,0
6bc8fa28,0
4a722c92,0
b48a4c46,0
ea21e5d0,0
09d76972,0
6fc2c668,0
37e30b59,0
549419cc,0
4904c0cf,0
08a99354,0
e217545d,0
cd70c9e2,0
e99e7894,0
ed02de8d,0
b4e64ada,0
12148de9,0
20d419d3,0
802181fa,0
a18852b3,0
d1133c2a,0
9c6205b6,0
9e58a9b6,0
74d43823,0
899c4003,0
2e43101a,0
6537ac46,0
e70dfcd7,0
6bc8fa28,0
4a722c92,0
b48a4c46,0
ea21e5d0,0
77bb1d00,0
3fb0d05e,0
614e2666,0
549419cc,0
4904c0cf,0
08a99354,0
e217545d,0
1f9aea94,0
e99e7894,0
ed02de8d,0
b4e64ada,0
12148de9,0
20d419d3,0
802181fa,0
a18852b3,0
d1133c2a,0
9c6205b6,0
74d43823,0
899c4003,0
2e43101a,0
6537ac46,0
e70dfcd7,0
6bc8fa28,0
4a722c92,0
b48a4c46,0
ea21e5d0,0
ddc2482e,0
9848a7a5,0
614e2666,0
549419cc,0
4904c0cf,0
08a99354,0
e217545d,0
93fbbe32,0
e99e7894,0
ed02de8d,0
b4e64ada,0
12148de9,0
20d419d3,0
802181fa,0
a18852b3,0
d1133c2a,0
9c6205b6,0
74d43823,0
899c4003,0
2e43101a,0
6537ac46,0
e70dfcd7,0
6bc8fa28,0
4a722c92,0
b48a4c46,0
ea21e5d0,0
154ec073,0
191683f9,0
37e30b59,0
549419cc,0
4904c0cf,0
08a99354,0
0978c6df,0
e217545d,0
edd52d25,0
e99e7894,0
ed02de8d,0
b4e64ada,0
12148de9,0
20d419d3,0
802181fa,0
a18852b3,0
d1133c2a,0
9c6205b6,0
366c9f3f,0
74d43823,0
899c4003,0
2e43101a,0
6537ac46,0
e70dfcd7,0
6bc8fa28,0
4a722c92,0
b48a4c46,0
ea21e5d0,0
1edc4dd4,0
80f09e9a,0
37e30b59,0
549419cc,0
4904c0cf,0
08a99354,0
e217545d,0
e99e7894,0
ed02de8d,0
b4e64ada,0
12148de9,0
20d419d3,0
802181fa,0
a18852b3,0
d1133c2a,0
9c6205b6,0
a972b2b2,0
74d43823,0
899c4003,0
2e43101a,0
6537ac46,0
e70dfcd7,0
6bc8fa28,0
4a722c92,0
b48a4c46,0
ea21e5d0,0
376f5f61,0
5cce3085,0
37e30b59,0
549419cc,0
4904c0cf,0
08a99354,0
e217545d,0
c5571301,0
e99e7894,0
ed02de8d,0
b4e64ada,0
12148de9,0
20d419d3,0
802181fa,0
a18852b3,0
d1133c2a,0
9c6205b6,0
74d43823,0
899c4003,0
2e43101a,0
6537ac46,0
e70dfcd7,0
6bc8fa28,0
4a722c92,0
b48a4c46,0
ea21e5d0,0
695bbdcf,0
11c1f2e7,0
614e2666,0
549419cc,0
4904c0cf,0
08a99354,0
2f0602c3,0
e217545d,0
e99e7894,0
ed02de8d,0
b4e64ada,0
12148de9,0
20d419d3,0
802181fa,0
a18852b3,0
d1133c2a,0
9c6205b6,0
9f5d1caf,0
74d43823,0
899c4003,0
2e43101a,0
6537ac46,0
e70dfcd7,0
6bc8fa28,0
4a722c92,0
b48a4c46,0
ea21e5d0,0
44790a15,0
4d7f6f2a,0
37e30b59,0
549419cc,0
4904c0cf,0
08a99354,0
a90bc21b,0
e217545d,0
d76bb84c,0
e99e7894,0
ed02de8d,0
b4e64ada,0
12148de9,0
20d419d3,0
802181fa,0
a18852b3,0
d1133c2a,0
9c6205b6,0
d62f8908,0
74d43823,0
899c4003,0
2e43101a,0
6537ac46,0
e70dfcd7,0
6bc8fa28,0
4a722c92,0
b48a4c46,0
ea21e5d0,0
86ab49e4,0
fb05a9ce,0
614e2666,0
549419cc,0
4904c0cf,0
08a99354,0
e217545d,0
ca464650,0
e99e7894,0
ed02de8d,0
b4e64ada,0
12148de9,0
20d419d3,0
802181fa,0
a18852b3,0
d1133c2a,0
9c6205b6,0
43d8857e,0
74d43823,0
899c4003,0
2e43101a,0
6537ac46,0
e70dfcd7,0
6bc8fa28,0
4a722c92,0
b48a4c46,0
ea21e5d0,0
90f962c0,0
c546be05,0
37e30b59,0
549419cc,0
4904c0cf,0
08a99354,0
4a90c147,0
e217545d,0
23394b28,0
e99e7894,0
ed02de8d,0
b4e64ada,0
12148de9,0
20d419d3,0
802181fa,0
a18852b3,0
d1133c2a,0
9c6205b6,0
74d43823,0
899c4003,0
2e43101a,0
6537ac46,0
e70dfcd7,0
6bc8fa28,0
4a722c92,0
b48a4c46,0
ea21e5d0,0
2839ea3d,0
26f2f8ab,0
614e2666,0
549419cc,0
4904c0cf,0
08a99354,0
e2923546,0
e217545d,0
bb493788,0
e99e7894,0
ed02de8d,0
b4e64ada,0
12148de9,0
20d419d3,0
802181fa,0
a18852b3,0
d1133c2a,0
9c6205b6,0
74d43823,0
899c4003,0
2e43101a,0
6537ac46,0
e70dfcd7,0
6bc8fa28,0
4a722c92,0
b48a4c46,0
ea21e5d0,0
8e508950,0
cff2f99c,0
614e2666,0
549419cc,0
4904c0cf,0
08a99354,0
8c992ffc,0
e217545d,0
e99e7894,0
ed02de8d,0
b4e64ada,0
12148de9,0
20d419d3,0
802181fa,0
a18852b3,0
d1133c2a,0
9c6205b6,0
77be18d7,0
74d43823,0
899c4003,0
2e43101a,0
6537ac46,0
e70dfcd7,0
6bc8fa28,0
4a722c92,0
b48a4c46,0
ea21e5d0,0
bf6f69b6,0
9ee06919,0
614e2666,0
549419cc,0
4904c0cf,0
08a99354,0
be93c90d,0
e217545d,0
4c63371b,0
e99e7894,0
ed02de8d,0
b4e64ada,0
12148de9,0
20d419d3,0
802181fa,0
a18852b3,0
d1133c2a,0
9c6205b6,0
7fd0ba33,0
74d43823,0
899c4003,0
2e43101a,0
6537ac46,0
e70dfcd7,0
6bc8fa28,0
4a722c92,0
b48a4c46,0
ea21e5d0,0
050be7f6,0
87c09eec,0
37e30b59,0
549419cc,0
4904c0cf,0
08a99354,0
e217545d,0
e99e7894,0
ed02de8d,0
b4e64ada,0
12148de9,0
20d419d3,0
802181fa,0
a18852b3,0
d1133c2a,0
9c6205b6,0
74d43823,0
899c4003,0
2e43101a,0
6537ac46,0
e70dfcd7,0
6bc8fa28,0
4a722c92,0
b48a4c46,0
ea21e5d0,0
bdff74e3,0
cb6e62dd,0
37e30b59,0
549419cc,0
4904c0cf,0
08a99354,0
e217545d,0
e99e7894,0
ed02de8d,0
b4e64ada,0
12148de9,0
20d419d3,0
802181fa,0
a18852b3,0
d1133c2a,0
9c6205b6,0
1c772960,0
74d43823,0
899c4003,0
2e43101a,0
6537ac46,0
e70dfcd7,0
6bc8fa28,0
4a722c92,0
b48a4c46,0
ea21e5d0,0
1c27eba5,0
8ea8bad5,0
614e2666,0
549419cc,0
4904c0cf,0
08a99354,0
873f6c75,0
e217545d,0
73868391,0
e99e7894,0
ed02de8d,0
b4e64ada,0
12148de9,0
20d419d3,0
802181fa,0
a18852b3,0
d1133c2a,0
9c6205b6,0
8387ee32,0
74d43823,0
899c4003,0
2e43101a,0
6537ac46,0
e70dfcd7,0
6bc8fa28,0
4a722c92,0
b48a4c46,0
ea21e5d0,0
d8ea9327,0
37e30b59,0
549419cc,0
4904c0cf,0
08a99354,0
e217545d,0
59e9f8bd,0
e99e7894,0
ed02de8d,0
b4e64ada,0
12148de9,0
20d419d3,0
802181fa,0
a18852b3,0
d1133c2a,0
9c6205b6,0
15d9346e,0
74d43823,0
899c4003,0
2e43101a,0
6537ac46,0
e70dfcd7,0
6bc8fa28,0
4a722c92,0
b48a4c46,0
ea21e5d0,0
6b839438,0
fcfc4a1b,0
37e30b59,0
549419cc,0
4904c0cf,0
08a99354,0
e217545d,0
92606bf1,0
e99e7894,0
ed02de8d,0
b4e64ada,0
12148de9,0
20d419d3,0
802181fa,0
a18852b3,0
d1133c2a,0
9c6205b6,0
74d43823,0
899c4003,0
2e43101a,0
6537ac46,0
e70dfcd7,0
6bc8fa28,0
4a722c92,0
b48a4c46,0
ea21e5d0,0
d08eeb19,0
8e4727ea,0
37e30b59,0
549419cc,0
4904c0cf,0
08a99354,0
e217545d,0
a87c93f3,0
e99e7894,0
ed02de8d,0
b4e64ada,0
12148de9,0
20d419d3,0
802181fa,0
a18852b3,0
d1133c2a,0
9c6205b6,0
1da63092,0
74d43823,0
899c4003,0
2e43101a,0
6537ac46,0
e70dfcd7,0
6bc8fa28,0
4a722c92,0
b48a4c46,0
ea21e5d0,0
b0184d4c,0
25915442,0
37e30b59,0
549419cc,0
4904c0cf,0
08a99354,0
e217545d,0
e06e9269,0
e99e7894,0
ed02de8d,0
b4e64ada,0
12148de9,0
20d419d3,0
802181fa,0
a18852b3,0
d1133c2a,0
9c6205b6,0
e817a998,0
74d43823,0
899c4003,0
2e43101a,0
6537ac46,0
e70dfcd7,0
6bc8fa28,0
4a722c92,0
b48a4c46,0
ea21e5d0,0
f011ae9a,0
b038b396,0
37e30b59,0
549419cc,0
4904c0cf,0
08a99354,0
85a902e9,0
e217545d,0
e99e7894,0
ed02de8d,0
b4e64ada,0
12148de9,0
20d419d3,0
802181fa,0
a18852b3,0
d1133c2a,0
9c6205b6,0
74d43823,0
899c4003,0
2e43101a,0
6537ac46,0
e70dfcd7,0
6bc8fa28,0
4a722c92,0
b48a4c46,0
ea21e5d0,0
f76b319b,0
76d08bdc,0
37e30b59,0
549419cc,0
4904c0cf,0
08a99354,0
e217545d,0
e99e7894,0
ed02de8d,0
b4e64ada,0
12148de9,0
20d419d3,0
802181fa,0
a18852b3,0
d1133c2a,0
9c6205b6,0
e8f596f0,0
74d43823,0
899c4003,0
2e43101a,0
6537ac46,0
e70dfcd7,0
6bc8fa28,0
4a722c92,0
b48a4c46,0
ea21e5d0,0
02058f81,0
0424ac2c,0
614e2666,0
549419cc,0
4904c0cf,0
08a99354,0
e217545d,0
67320c84,0
e99e7894,0
ed02de8d,0
b4e64ada,0
12148de9,0
20d419d3,0
802181fa,0
a18852b3,0
d1133c2a,0
9c6205b6,0
0406fbb8,0
74d43823,0
899c4003,0
2e43101a,0
6537ac46,0
e70dfcd7,0
6bc8fa28,0
4a722c92,0
b48a4c46,0
ea21e5d0,0
956d01d4,0
95e91099,0
614e2666,0
549419cc,0
4904c0cf,0
08a99354,0
c4381a55,0
e217545d,0
e99e7894,0
ed02de8d,0
b4e64ada,0
12148de9,0
20d419d3,0
802181fa,0
a18852b3,0
d1133c2a,0
9c6205b6,0
d16a91d4,0
74d43823,0
899c4003,0
2e43101a,0
6537ac46,0
e70dfcd7,0
6bc8fa28,0
4a722c92,0
b48a4c46,0
ea21e5d0,0
7053b8bd,0
f1ba30f5,0
37e30b59,0
549419cc,0
4904c0cf,0
08a99354,0
e217545d,0
29029be7,0
e99e7894,0
ed02de8d,0
b4e64ada,0
12148de9,0
20d419d3,0
802181fa,0
a18852b3,0
d1133c2a,0
9c6205b6,0
49b40645,0
74d43823,0
899c4003,0
2e43101a,0
6537ac46,0
e70dfcd7,0
6bc8fa28,0
4a722c92,0
b48a4c46,0
ea21e5d0,0
2a2500c4,0
0e873946,0
37e30b59,0
549419cc,0
4904c0cf,0
08a99354,0
c03b57e2,0
e217545d,0
e99e7894,0
ed02de8d,0
b4e64ada,0
12148de9,0
20d419d3,0
802181fa,0
a18852b3,0
d1133c2a,0
9c6205b6,0
773b679d,0
74d43823,0
899c4003,0
2e43101a,0
6537ac46,0
e70dfcd7,0
6bc8fa28,0
4a722c92,0
b48a4c46,0
ea21e5d0,0
afaa0e03,0
289d5dfa,0
614e2666,0
549419cc,0
4904c0cf,0
08a99354,0
e217545d,0
f3357174,0
e99e7894,0
ed02de8d,0
b4e64ada,0
12148de9,0
20d419d3,0
802181fa,0
a18852b3,0
d1133c2a,0
9c6205b6,0
0e3eb8f5,0
74d43823,0
899c4003,0
2e43101a,0
6537ac46,0
e70dfcd7,0
6bc8fa28,0
4a722c92,0
b48a4c46,0
ea21e5d0,0
6c777c16,0
f3fa86a0,0
614e2666,0
549419cc,0
4904c0cf,0
08a99354,0
e217545d,0
e99e7894,0
ed02de8d,0
b4e64ada,0
12148de9,0
20d419d3,0
802181fa,0
a18852b3,0
d1133c2a,0
9c6205b6,0
0a1728a9,0
74d43823,0
899c4003,0
2e43101a,0
6537ac46,0
e70dfcd7,0
6bc8fa28,0
4a722c92,0
b48a4c46,0
ea21e5d0,0
a82b4044,0
af7f8175,0
37e30b59,0
549419cc,0
4904c0cf,0
08a99354,0
48d1eedf,0
e217545d,0
e99e7894,0
ed02de8d,0
b4e64ada,0
12148de9,0
20d419d3,0
802181fa,0
a18852b3,0
d1133c2a,0
9c6205b6,0
74d43823,0
899c4003,0
2e43101a,0
6537ac46,0
e70dfcd7,0
6bc8fa28,0
4a722c92,0
b48a4c46,0
ea21e5d0,0
c5996296,0
dd627479,0
37e30b59,0
549419cc,0
4904c0cf,0
08a99354,0
e217545d,0
ebb4b70a,0
e99e7894,0
ed02de8d,0
b4e64ada,0
12148de9,0
20d419d3,0
802181fa,0
a18852b3,0
d1133c2a,0
9c6205b6,0
07a16e55,0
74d43823,0
899c4003,0
2e43101a,0
6537ac46,0
e70dfcd7,0
6bc8fa28,0
4a722c92,0
b48a4c46,0
ea21e5d0,0
497bde05,0
f37df404,0
614e2666,0
549419cc,0
4904c0cf,0
08a99354,0
e217545d,0
5f104979,0
e99e7894,0
ed02de8d,0
b4e64ada,0
12148de9,0
20d419d3,0
802181fa,0
a18852b3,0
d1133c2a,0
9c6205b6,0
fdf39f84,0
74d43823,0
899c4003,0
2e43101a,0
6537ac46,0
e70dfcd7,0
6bc8fa28,0
4a722c92,0
b48a4c46,0
ea21e5d0,0
c680958f,0
d999ed25,0
614e2666,0
549419cc,0
4904c0cf,0
08a99354,0
e217545d,0
2b9f045f,0
e99e7894,0
ed02de8d,0
b4e64ada,0
12148de9,0
20d419d3,0
802181fa,0
a18852b3,0
d1133c2a,0
9c6205b6,0
74d43823,0
899c4003,0
2e43101a,0
6537ac46,0
e70dfcd7,0
6bc8fa28,0
4a722c92,0
b48a4c46,0
ea21e5d0,0
53124df8,0
414adc67,0
614e2666,0
549419cc,0
4904c0cf,0
08a99354,0
e217545d,0
e99e7894,0
ed02de8d,0
b4e64ada,0
12148de9,0
20d419d3,0
802181fa,0
a18852b3,0
d1133c2a,0
9c6205b6,0
eb51427d,0
74d43823,0
899c4003,0
2e43101a,0
6537ac46,0
e70dfcd7,0
6bc8fa28,0
4a722c92,0
b48a4c46,0
ea21e5d0,0
fbe889f3,0
ca65901e,0
37e30b59,0
549419cc,0
4904c0cf,0
08a99354,0
e217545d,0
6d7efff5,0
e99e7894,0
ed02de8d,0
b4e64ada,0
12148de9,0
20d419d3,0
802181fa,0
a18852b3,0
d1133c2a,0
9c6205b6,0
74d43823,0
899c4003,0
2e43101a,0
6537ac46,0
e70dfcd7,0
6bc8fa28,0
4a722c92,0
b48a4c46,0
ea21e5d0,0
c7b9dff8,0
b339bc19,0
614e2666,0
549419cc,0
4904c0cf,0
08a99354,0
5db7c00f,0
e217545d,0
e99e7894,0
ed02de8d,0
b4e64ada,0
12148de9,0
20d419d3,0
802181fa,0
a18852b3,0
d1133c2a,0
9c6205b6,0
f74450f0,0
74d43823,0
899c4003,0
2e43101a,0
6537ac46,0
e70dfcd7,0
6bc8fa28,0
4a722c92,0
b48a4c46,0
ea21e5d0,0
6c242316,0
a160ec45,0
614e2666,0
549419cc,0
4904c0cf,0
08a99354,0
e217545d,0
65148b62,0
e99e7894,0
ed02de8d,0
b4e64ada,0
12148de9,0
20d419d3,0
802181fa,0
a18852b3,0
d1133c2a,0
9c6205b6,0
81a7c198,0
74d43823,0
899c4003,0
2e43101a,0
6537ac46,0
e70dfcd7,0
6bc8fa28,0
4a722c92,0
b48a4c46,0
ea21e5d0,0
4cc31c09,0
0dbdb227,0
37e30b59,0
549419cc,0
4904c0cf,0
08a99354,0
e217545d,0
e99e7894,0
ed02de8d,0
b4e64ada,0
12148de9,0
20d419d3,0
802181fa,0
a18852b3,0
d1133c2a,0
9c6205b6,0
0bde50f0,0
74d43823,0
899c4003,0
2e43101a,0
6537ac46,0
e70dfcd7,0
6bc8fa28,0
4a722c92,0
b48a4c46,0
ea21e5d0,0
2ffb3f32,0
d386cad4,0
614e2666,0
549419cc,0
4904c0cf,0
08a99354,0
384e427b,0
e217545d,0
ee37a7ba,0
e99e7894,0
ed02de8d,0
b4e64ada,0
12148de9,0
20d419d3,0
802181fa,0
a18852b3,0
d1133c2a,0
9c6205b6,0
62220939,0
74d43823,0
899c4003,0
2e43101a,0
6537ac46,0
e70dfcd7,0
6bc8fa28,0
4a722c92,0
b48a4c46,0
ea21e5d0,0
4d849715,0
79922080,0
37e30b59,0
549419cc,0
4904c0cf,0
08a99354,0
65526dcc,0
e217545d,0
1277a40a,0
e99e7894,0
ed02de8d,0
b4e64ada,0
12148de9,0
20d419d3,0
802181fa,0
a18852b3,0
d1133c2a,0
9c6205b6,0
3f0793a5,0
74d43823,0
899c4003,0
2e43101a,0
6537ac46,0
e70dfcd7,0
6bc8fa28,0
4a722c92,0
b48a4c46,0
ea21e5d0,0
d44abdaf,0
3c7bac49,0
37e30b59,0
549419cc,0
4904c0cf,0
08a99354,0
3099222e,0
e217545d,0
e99e7894,0
ed02de8d,0
b4e64ada,0
12148de9,0
20d419d3,0
802181fa,0
a18852b3,0
d1133c2a,0
9c6205b6,0
74d43823,0
899c4003,0
2e43101a,0
6537ac46,0
e70dfcd7,0
6bc8fa28,0
4a722c92,0
b48a4c46,0
ea21e5d0,0
02727ead,0
222922ef,0
37e30b59,0
549419cc,0
4904c0cf,0
08a99354,0
e217545d,0
f1e7af12,0
e99e7894,0
ed02de8d,0
b4e64ada,0
12148de9,0
20d419d3,0
802181fa,0
a18852b3,0
d1133c2a,0
9c6205b6,0
7da9a54b,0
74d43823,0
899c4003,0
2e43101a,0
6537ac46,0
e70dfcd7,0
6bc8fa28,0
4a722c92,0
b48a4c46,0
ea21e5d0,0
d2e59f00,0
7514ec6f,0
37e30b59,0
549419cc,0
4904c0cf,0
08a99354,0
29bdfef5,0
e217545d,0
e99e7894,0
ed02de8d,0
b4e64ada,0
12148de9,0
20d419d3,0
802181fa,0
a18852b3,0
d1133c2a,0
9c6205b6,0
864f8f09,0
74d43823,0
899c4003,0
2e43101a,0
6537ac46,0
e70dfcd7,0
6bc8fa28,0
4a722c92,0
b48a4c46,0
ea21e5d0,0
9a0a8d60,0
614e2666,0
549419cc,0
4904c0cf,0
08a99354,0
e217545d,0
b59a624d,0
e99e7894,0
ed02de8d,0
b4e64ada,0
12148de9,0
20d419d3,0
802181fa,0
a18852b3,0
d1133c2a,0
9c6205b6,0
a16c0f33,0
74d43823,0
899c4003,0
2e43101a,0
6537ac46,0
e70dfcd7,0
6bc8fa28,0
4a722c92,0
b48a4c46,0
ea21e5d0,0
86acc312,0
b615e3b0,0
614e2666,0
549419cc,0
4904c0cf,0
08a99354,0
4ff19149,0
e217545d,0
fa924413,0
e99e7894,0
ed02de8d,0
b4e64ada,0
12148de9,0
20d419d3,0
802181fa,0
a18852b3,0
d1133c2a,0
9c6205b6,0
f7cfe1b0,0
74d43823,0
899c4003,0
2e43101a,0
6537ac46,0
e70dfcd7,0
6bc8fa28,0
4a722c92,0
b48a4c46,0
ea21e5d0,0
9ab10c3c,0
bd7aace8,0
37e30b59,0
549419cc,0
4904c0cf,0
08a99354,0
e217545d,0
e99e7894,0
ed02de8d,0
b4e64ada,0
12148de9,0
20d419d3,0
802181fa,0
a18852b3,0
d1133c2a,0
9c6205b6,0
74d43823,0
899c4003,0
2e43101a,0
6537ac46,0
e70dfcd7,0
6bc8fa28,0
4a722c92,0
b48a4c46,0
ea21e5d0,0
540a7e0e,0
cb2d5820,0
614e2666,0
549419cc,0
4904c0cf,0
08a99354,0
1712f556,0
e217545d,0
d4b70462,0
e99e7894,0
ed02de8d,0
b4e64ada,0
12148de9,0
20d419d3,0
802181fa,0
a18852b3,0
d1133c2a,0
9c6205b6,0
6ed52199,0
74d43823,0
899c4003,0
2e43101a,0
6537ac46,0
e70dfcd7,0
6bc8fa28,0
4a722c92,0
b48a4c46,0
ea21e5d0,0
3d48886c,0
e6236c0a,0
37e30b59,0
549419cc,0
4904c0cf,0
08a99354,0
7c11f6d5,0
e217545d,0
e99e7894,0
ed02de8d,0
b4e64ada,0
12148de9,0
20d419d3,0
802181fa,0
a18852b3,0
d1133c2a,0
9c6205b6,0
2973a394,0
74d43823,0
899c4003,0
2e43101a,0
6537ac46,0
e70dfcd7,0
6bc8fa28,0
4a722c92,0
b48a4c46,0
ea21e5d0,0
8b1d77f7,0
0afc8483,0
614e2666,0
549419cc,0
4904c0cf,0
08a99354,0
e217545d,0
5b3401e6,0
e99e7894,0
ed02de8d,0
b4e64ada,0
12148de9,0
20d419d3,0
802181fa,0
a18852b3,0
d1133c2a,0
9c6205b6,0
117321f5,0
74d43823,0
899c4003,0
2e43101a,0
6537ac46,0
e70dfcd7,0
6bc8fa28,0
4a722c92,0
b48a4c46,0
ea21e5d0,0
362141db,0
9dd78b6a,0
614e2666,0
549419cc,0
4904c0cf,0
08a99354,0
e217545d,0
6ee39229,0
e99e7894,0
ed02de8d,0
b4e64ada,0
12148de9,0
20d419d3,0
802181fa,0
a18852b3,0
d1133c2a,0
9c6205b6,0
f94c8b6e,0
74d43823,0
899c4003,0
2e43101a,0
6537ac46,0
e70dfcd7,0
6bc8fa28,0
4a722c92,0
b48a4c46,0
ea21e5d0,0
956d01d4,0
efb889f7,0
37e30b59,0
549419cc,0
4904c0cf,0
08a99354,0
a715535e,0
e217545d,0
e99e7894,0
ed02de8d,0
b4e64ada,0
12148de9,0
20d419d3,0
802181fa,0
a18852b3,0
d1133c2a,0
9c6205b6,0
1afcf4c8,0
74d43823,0
899c4003,0
2e43101a,0
6537ac46,0
e70dfcd7,0
6bc8fa28,0
4a722c92,0
b48a4c46,0
ea21e5d0,0
90852080,0
141a4a94,0
37e30b59,0
549419cc,0
4904c0cf,0
08a99354,0
e217545d,0
02620307,0
e99e7894,0
ed02de8d,0
b4e64ada,0
12148de9,0
20d419d3,0
802181fa,0
a18852b3,0
d1133c2a,0
9c6205b6,0
74d43823,0
899c4003,0
2e43101a,0
6537ac46,0
e70dfcd7,0
6bc8fa28,0
4a722c92,0
b48a4c46,0
ea21e5d0,0
f8a60bbd,0
6c0a5ff0,0
37e30b59,0
549419cc,0
4904c0cf,0
08a99354,0
e217545d,0
e447b171,0
e99e7894,0
ed02de8d,0
b4e64ada,0
12148de9,0
20d419d3,0
802181fa,0
a18852b3,0
d1133c2a,0
9c6205b6,0
c7c29ccd,0
74d43823,0
899c4003,0
2e43101a,0
6537ac46,0
e70dfcd7,0
6bc8fa28,0
4a722c92,0
b48a4c46,0
ea21e5d0,0
e78f0691,0
68d4c40d,0
37e30b59,0
549419cc,0
4904c0cf,0
08a99354,0
b8de7355,0
e217545d,0
e99e7894,0
ed02de8d,0
b4e64ada,0
12148de9,0
20d419d3,0
802181fa,0
a18852b3,0
d1133c2a,0
9c6205b6,0
57c8b020,0
74d43823,0
899c4003,0
2e43101a,0
6537ac46,0
e70dfcd7,0
6bc8fa28,0
4a722c92,0
b48a4c46,0
ea21e5d0,0
15a64af5,0
51276a6e,0
37e30b59,0
549419cc,0
4904c0cf,0
08a99354,0
6037945a,0
e217545d,0
e99e7894,0
ed02de8d,0
b4e64ada,0
12148de9,0
20d419d3,0
802181fa,0
a18852b3,0
d1133c2a,0
9c6205b6,0
74d43823,0
899c4003,0
2e43101a,0
6537ac46,0
e70dfcd7,0
6bc8fa28,0
4a722c92,0
b48a4c46,0
ea21e5d0,0
de458853,0
f2785a95,0
614e2666,0
549419cc,0
4904c0cf,0
08a99354,0
e217545d,0
b96e7cf4,0
e99e7894,0
ed02de8d,0
b4e64ada,0
12148de9,0
20d419d3,0
802181fa,0
a18852b3,0
d1133c2a,0
9c6205b6,0
74d43823,0
899c4003,0
2e43101a,0
6537ac46,0
e70dfcd7,0
6bc8fa28,0
4a722c92,0
b48a4c46,0
ea21e5d0,0
169c0876,0
6262694d,0
614e2666,0
549419cc,0
4904c0cf,0
08a99354,0
e217545d,0
ef0d24aa,0
e99e7894,0
ed02de8d,0
b4e64ada,0
12148de9,0
20d419d3,0
802181fa,0
a18852b3,0
d1133c2a,0
9c6205b6,0
1069344c,0
74d43823,0
899c4003,0
2e43101a,0
6537ac46,0
e70dfcd7,0
6bc8fa28,0
4a722c92,0
b48a4c46,0
ea21e5d0,0
4d97c8d8,0
3eabbf9b,0
37e30b59,0
549419cc,0
4904c0cf,0
08a99354,0
758f5808,0
e217545d,0
76aa5366,0
e99e7894,0
ed02de8d,0
b4e64ada,0
12148de9,0
20d419d3,0
802181fa,0
a18852b3,0
d1133c2a,0
9c6205b6,0
74d43823,0
899c4003,0
2e43101a,0
6537ac46,0
e70dfcd7,0
6bc8fa28,0
4a722c92,0
b48a4c46,0
ea21e5d0,0
ee5b91ca,0
c86665c7,0
37e30b59,0
549419cc,0
4904c0cf,0
08a99354,0
e217545d,0
e92ed6f3,0
e99e7894,0
ed02de8d,0
b4e64ada,0
12148de9,0
20d419d3,0
802181fa,0
a18852b3,0
d1133c2a,0
9c6205b6,0
74d43823,0
899c4003,0
2e43101a,0
6537ac46,0
e70dfcd7,0
6bc8fa28,0
4a722c92,0
b48a4c46,0
ea21e5d0,0
aa108997,0
2ff55c27,0
37e30b59,0
549419cc,0
4904c0cf,0
08a99354,0
609a3dd9,0
e217545d,0
9f96d5cf,0
e99e7894,0
ed02de8d,0
b4e64ada,0
12148de9,0
20d419d3,0
802181fa,0
a18852b3,0
d1133c2a,0
9c6205b6,0
e21ed437,0
74d43823,0
899c4003,0
2e43101a,0
6537ac46,0
e70dfcd7,0
6bc8fa28,0
4a722c92,0
b48a4c46,0
ea21e5d0,0
5b8bcab9,0
eab36ff4,0
37e30b59,0
549419cc,0
4904c0cf,0
08a99354,0
aae47d59,0
e217545d,0
b63cfb44,0
e99e7894,0
ed02de8d,0
b4e64ada,0
12148de9,0
20d419d3,0
802181fa,0
a18852b3,0
d1133c2a,0
9c6205b6,0
a3187665,0
74d43823,0
899c4003,0
2e43101a,0
6537ac46,0
e70dfcd7,0
6bc8fa28,0
4a722c92,0
b48a4c46,0
ea21e5d0,0
1e62a0a6,0
797e6ebb,0
614e2666,0
549419cc,0
4904c0cf,0
08a99354,0
0e79e0d7,0
e217545d,0
83dd7f59,0
e99e7894,0
ed02de8d,0
b4e64ada,0
12148de9,0
20d419d3,0
802181fa,0
a18852b3,0
d1133c2a,0
9c6205b6,0
d67dabca,0
74d43823,0
899c4003,0
2e43101a,0
6537ac46,0
e70dfcd7,0
6bc8fa28,0
4a722c92,0
b48a4c46,0
ea21e5d0,0
05aa3bb8,0
a02427c0,0
614e2666,0
549419cc,0
4904c0cf,0
08a99354,0
429270a7,0
e217545d,0
a82e0b9e,0
e99e7894,0
ed02de8d,0
b4e64ada,0
12148de9,0
20d419d3,0
802181fa,0
a18852b3,0
d1133c2a,0
9c6205b6,0
221100c4,0
74d43823,0
899c4003,0
2e43101a,0
6537ac46,0
e70dfcd7,0
6bc8fa28,0
4a722c92,0
b48a4c46,0
ea21e5d0,0
2a6961e5,0
6c054dcd,0
37e30b59,0
549419cc,0
4904c0cf,0
08a99354,0
e217545d,0
e99e7894,0
ed02de8d,0
b4e64ada,0
12148de9,0
20d419d3,0
802181fa,0
a18852b3,0
d1133c2a,0
9c6205b6,0
25747e47,0
74d43823,0
899c4003,0
2e43101a,0
6537ac46,0
e70dfcd7,0
6bc8fa28,0
4a722c92,0
b48a4c46,0
ea21e5d0,0
ba874925,0
317573f1,0
37e30b59,0
549419cc,0
4904c0cf,0
08a99354,0
e217545d,0
2f16d7e3,0
e99e7894,0
ed02de8d,0
b4e64ada,0
12148de9,0
20d419d3,0
802181fa,0
a18852b3,0
d1133c2a,0
9c6205b6,0
bce0874e,0
74d43823,0
899c4003,0
2e43101a,0
6537ac46,0
e70dfcd7,0
6bc8fa28,0
4a722c92,0
b48a4c46,0
ea21e5d0,0
24970ed5,0
fd9c649a,0
37e30b59,0
549419cc,0
4904c0cf,0
08a99354,0
14188e43,0
e217545d,0
e5ca1679,0
e99e7894,0
ed02de8d,0
b4e64ada,0
12148de9,0
20d419d3,0
802181fa,0
a18852b3,0
d1133c2a,0
9c6205b6,0
c7ddb929,0
74d43823,0
899c4003,0
2e43101a,0
6537ac46,0
e70dfcd7,0
6bc8fa28,0
4a722c92,0
b48a4c46,0
ea21e5d0,0
1f871ad1,0
297364d4,0
37e30b59,0
549419cc,0
4904c0cf,0
08a99354,0
6ccce719,0
e217545d,0
e5121454,0
e99e7894,0
ed02de8d,0
b4e64ada,0
12148de9,0
20d419d3,0
802181fa,0
a18852b3,0
d1133c2a,0
9c6205b6,0
0587ade5,0
74d43823,0
899c4003,0
2e43101a,0
6537ac46,0
e70dfcd7,0
6bc8fa28,0
4a722c92,0
b48a4c46,0
ea21e5d0,0
942dbd5a,0
856e614c,0
614e2666,0
549419cc,0
4904c0cf,0
08a99354,0
e217545d,0
a26e4ed4,0
e99e7894,0
ed02de8d,0
b4e64ada,0
12148de9,0
20d419d3,0
802181fa,0
a18852b3,0
d1133c2a,0
9c6205b6,0
74d43823,0
899c4003,0
2e43101a,0
6537ac46,0
e70dfcd7,0
6bc8fa28,0
4a722c92,0
b48a4c46,0
ea21e5d0,0
40249f67,0
6a27f43b,0
614e2666,0
549419cc,0
4904c0cf,0
08a99354,0
880e4236,0
e217545d,0
e99e7894,0
ed02de8d,0
b4e64ada,0
12148de9,0
20d419d3,0
802181fa,0
a18852b3,0
d1133c2a,0
9c6205b6,0
9af2ef11,0
74d43823,0
899c4003,0
2e43101a,0
6537ac46,0
e70dfcd7,0
6bc8fa28,0
4a722c92,0
b48a4c46,0
ea21e5d0,0
b6aaa959,0
c14f5b03,0
37e30b59,0
549419cc,0
4904c0cf,0
08a99354,0
7253d888,0
e217545d,0
bfea7c30,0
e99e7894,0
ed02de8d,0
b4e64ada,0
12148de9,0
20d419d3,0
802181fa,0
a18852b3,0
d1133c2a,0
9c6205b6,0
74d43823,0
899c4003,0
2e43101a,0
6537ac46,0
e70dfcd7,0
6bc8fa28,0
4a722c92,0
b48a4c46,0
ea21e5d0,0
5d90a889,0
ac83e9f5,0
37e30b59,0
549419cc,0
4904c0cf,0
08a99354,0
e217545d,0
b5d5cfa8,0
e99e7894,0
ed02de8d,0
b4e64ada,0
12148de9,0
20d419d3,0
802181fa,0
a18852b3,0
d1133c2a,0
9c6205b6,0
74d43823,0
899c4003,0
2e43101a,0
6537ac46,0
e70dfcd7,0
6bc8fa28,0
4a722c92,0
b48a4c46,0
ea21e5d0,0
978964c6,0
2a9024c4,0
37e30b59,0
549419cc,0
4904c0cf,0
08a99354,0
e217545d,0
e99e7894,0
ed02de8d,0
b4e64ada,0
12148de9,0
20d419d3,0
802181fa,0
a18852b3,0
d1133c2a,0
9c6205b6,0
74d43823,0
899c4003,0
2e43101a,0
6537ac46,0
e70dfcd7,0
6bc8fa28,0
4a722c92,0
b48a4c46,0
ea21e5d0,0
5bbeeaf7,0
39aa5240,0
614e2666,0
549419cc,0
4904c0cf,0
08a99354,0
e217545d,0
e99e7894,0
ed02de8d,0
b4e64ada,0
12148de9,0
20d419d3,0
802181fa,0
a18852b3,0
d1133c2a,0
9c6205b6,0
b7e2c058,0
74d43823,0
899c4003,0
2e43101a,0
6537ac46,0
e70dfcd7,0
6bc8fa28,0
4a722c92,0
b48a4c46,0
ea21e5d0,0
bf719f8d,0
8cc8a53a,0
614e2666,0
549419cc,0
4904c0cf,0
08a99354,0
652f2a12,0
e217545d,0
1d6a37d8,0
e99e7894,0
ed02de8d,0
b4e64ada,0
12148de9,0
20d419d3,0
802181fa,0
a18852b3,0
d1133c2a,0
9c6205b6,0
74d43823,0
899c4003,0
2e43101a,0
6537ac46,0
e70dfcd7,0
6bc8fa28,0
4a722c92,0
b48a4c46,0
ea21e5d0,0
34a63719,0
f4ac3427,0
614e2666,0
549419cc,0
4904c0cf,0
08a99354,0
104ab363,0
e217545d,0
e99e7894,0
ed02de8d,0
b4e64ada,0
12148de9,0
20d419d3,0
802181fa,0
a18852b3,0
d1133c2a,0
9c6205b6,0
85b9987e,0
74d43823,0
899c4003,0
2e43101a,0
6537ac46,0
e70dfcd7,0
6bc8fa28,0
4a722c92,0
b48a4c46,0
ea21e5d0,0
db1227c4,0
b0d22bd8,0
37e30b59,0
549419cc,0
4904c0cf,0
08a99354,0
e217545d,0
2a23db55,0
e99e7894,0
ed02de8d,0
b4e64ada,0
12148de9,0
20d419d3,0
802181fa,0
a18852b3,0
d1133c2a,0
9c6205b6,0
a31d30e5,0
74d43823,0
899c4003,0
2e43101a,0
6537ac46,0
e70dfcd7,0
6bc8fa28,0
4a722c92,0
b48a4c46,0
ea21e5d0,0
0947c4a6,0
20b46dfb,0
614e2666,0
549419cc,0
4904c0cf,0
08a99354,0
277906fc,0
e217545d,0
e99e7894,0
ed02de8d,0
b4e64ada,0
12148de9,0
20d419d3,0
802181fa,0
a18852b3,0
d1133c2a,0
9c6205b6,0
dd3367b7,0
74d43823,0
899c4003,0
2e43101a,0
6537ac46,0
e70dfcd7,0
6bc8fa28,0
4a722c92,0
b48a4c46,0
ea21e5d0,0
564129c9,0
f721a749,0
37e30b59,0
549419cc,0
4904c0cf,0
08a99354,0
e217545d,0
a362903c,0
e99e7894,0
ed02de8d,0
b4e64ada,0
12148de9,0
20d419d3,0
802181fa,0
a18852b3,0
d1133c2a,0
9c6205b6,0
74d43823,0
899c4003,0
2e43101a,0
6537ac46,0
e70dfcd7,0
6bc8fa28,0
4a722c92,0
b48a4c46,0
ea21e5d0,0
47b926da,0
68d57bb3,0
614e2666,0
549419cc,0
4904c0cf,0
08a99354,0
e217545d,0
e99e7894,0
ed02de8d,0
b4e64ada,0
12148de9,0
20d419d3,0
802181fa,0
a18852b3,0
d1133c2a,0
9c6205b6,0
7c7a64f0,0
74d43823,0
899c4003,0
2e43101a,0
6537ac46,0
e70dfcd7,0
6bc8fa28,0
4a722c92,0
b48a4c46,0
ea21e5d0,0
637a9f70,0
4c9fd7c6,0
37e30b59,0
549419cc,0
4904c0cf,0
08a99354,0
e217545d,0
e99e7894,0
ed02de8d,0
b4e64ada,0
12148de9,0
20d419d3,0
802181fa,0
a18852b3,0
d1133c2a,0
9c6205b6,0
a481fe2e,0
74d43823,0
899c4003,0
2e43101a,0
6537ac46,0
e70dfcd7,0
6bc8fa28,0
4a722c92,0
b48a4c46,0
ea21e5d0,0
bd935806,0
e6926ac9,0
614e2666,0
549419cc,0
4904c0cf,0
08a99354,0
8b6ced42,0
e217545d,0
376e5126,0
e99e7894,0
ed02de8d,0
b4e64ada,0
12148de9,0
20d419d3,0
802181fa,0
a18852b3,0
d1133c2a,0
9c6205b6,0
60a6ea54,0
74d43823,0
899c4003,0
2e43101a,0
6537ac46,0
e70dfcd7,0
6bc8fa28,0
4a722c92,0
b48a4c46,0
ea21e5d0,0
5146071e,0
15ae4628,0
37e30b59,0
549419cc,0
4904c0cf,0
08a99354,0
e217545d,0
e99e7894,0
ed02de8d,0
b4e64ada,0
12148de9,0
20d419d3,0
802181fa,0
a18852b3,0
d1133c2a,0
9c6205b6,0
0f9d9bb7,0
74d43823,0
899c4003,0
2e43101a,0
6537ac46,0
e70dfcd7,0
6bc8fa28,0
4a722c92,0
b48a4c46,0
ea21e5d0,0
0bc82dc9,0
3ed546b1,0
37e30b59,0
549419cc,0
4904c0cf,0
08a99354,0
e217545d,0
e99e7894,0
ed02de8d,0
b4e64ada,0
12148de9,0
20d419d3,0
802181fa,0
a18852b3,0
d1133c2a,0
9c6205b6,0
74d43823,0
899c4003,0
2e43101a,0
6537ac46,0
e70dfcd7,0
6bc8fa28,0
4a722c92,0
b48a4c46,0
ea21e5d0,0
324555d0,0
026d16bc,0
37e30b59,0
549419cc,0
4904c0cf,0
08a99354,0
e217545d,0
59f8e62e,0
e99e7894,0
ed02de8d,0
b4e64ada,0
12148de9,0
20d419d3,0
802181fa,0
a18852b3,0
d1133c2a,0
9c6205b6,0
894d75dd,0
74d43823,0
899c4003,0
2e43101a,0
6537ac46,0
e70dfcd7,0
6bc8fa28,0
4a722c92,0
b48a4c46,0
ea21e5d0,0
6536ba8c,0
a68d3484,0
614e2666,0
549419cc,0
4904c0cf,0
08a99354,0
d43a407f,0
e217545d,0
aac8f390,0
e99e7894,0
ed02de8d,0
b4e64ada,0
12148de9,0
20d419d3,0
802181fa,0
a18852b3,0
d1133c2a,0
9c6205b6,0
205e5ecb,0
74d43823,0
899c4003,0
2e43101a,0
6537ac46,0
e70dfcd7,0
6bc8fa28,0
4a722c92,0
b48a4c46,0
ea21e5d0,0
4058dc7f,0
5a172353,0
37e30b59,0
549419cc,0
4904c0cf,0
08a99354,0
e217545d,0
bd3c5cb2,0
e99e7894,0
ed02de8d,0
b4e64ada,0
12148de9,0
20d419d3,0
802181fa,0
a18852b3,0
d1133c2a,0
9c6205b6,0
47659c57,0
74d43823,0
899c4003,0
2e43101a,0
6537ac46,0
e70dfcd7,0
6bc8fa28,0
4a722c92,0
b48a4c46,0
ea21e5d0,0
4cb11fc4,0
00305770,0
37e30b59,0
549419cc,0
4904c0cf,0
08a99354,0
be4c88dd,0
e217545d,0
e1932a70,0
e99e7894,0
ed02de8d,0
b4e64ada,0
12148de9,0
20d419d3,0
802181fa,0
a18852b3,0
d1133c2a,0
9c6205b6,0
ed73d199,0
74d43823,0
899c4003,0
2e43101a,0
6537ac46,0
e70dfcd7,0
6bc8fa28,0
4a722c92,0
b48a4c46,0
ea21e5d0,0
7ebfe131,0
06eceb99,0
614e2666,0
549419cc,0
4904c0cf,0
08a99354,0
948a9444,0
e217545d,0
9ff460fc,0
e99e7894,0
ed02de8d,0
b4e64ada,0
12148de9,0
20d419d3,0
802181fa,0
a18852b3,0
d1133c2a,0
9c6205b6,0
fc40956b,0
74d43823,0
899c4003,0
2e43101a,0
6537ac46,0
e70dfcd7,0
6bc8fa28,0
4a722c92,0
b48a4c46,0
ea21e5d0,0
24970ed5,0
5bbb1f45,0
37e30b59,0
549419cc,0
4904c0cf,0
08a99354,0
e217545d,0
110ef74c,0
e99e7894,0
ed02de8d,0
b4e64ada,0
12148de9,0
20d419d3,0
802181fa,0
a18852b3,0
d1133c2a,0
9c6205b6,0
357f46a7,0
74d43823,0
899c4003,0
2e43101a,0
6537ac46,0
e70dfcd7,0
6bc8fa28,0
4a722c92,0
b48a4c46,0
ea21e5d0,0
02a325c2,0
aa949c66,0
37e30b59,0
549419cc,0
4904c0cf,0
08a99354,0
04605696,0
e217545d,0
8b93ad56,0
e99e7894,0
ed02de8d,0
b4e64ada,0
12148de9,0
20d419d3,0
802181fa,0
a18852b3,0
d1133c2a,0
9c6205b6,0
475cc989,0
74d43823,0
899c4003,0
2e43101a,0
6537ac46,0
e70dfcd7,0
6bc8fa28,0
4a722c92,0
b48a4c46,0
ea21e5d0,0
ef10c87e,0
b4b3c00d,0
614e2666,0
549419cc,0
4904c0cf,0
08a99354,0
d7daf81a,0
e217545d,0
e99e7894,0
ed02de8d,0
b4e64ada,0
12148de9,0
20d419d3,0
802181fa,0
a18852b3,0
d1133c2a,0
9c6205b6,0
95b6f006,0
74d43823,0
899c4003,0
2e43101a,0
6537ac46,0
e70dfcd7,0
6bc8fa28,0
4a722c92,0
b48a4c46,0
ea21e5d0,0
438e3a7c,0
7616cbb3,0
37e30b59,0
549419cc,0
4904c0cf,0
08a99354,0
f05f1474,0
e217545d,0
22de02a0,0
e99e7894,0
ed02de8d,0
b4e64ada,0
12148de9,0
20d419d3,0
802181fa,0
a18852b3,0
d1133c2a,0
9c6205b6,0
27fe2567,0
74d43823,0
899c4003,0
2e43101a,0
6537ac46,0
e70dfcd7,0
6bc8fa28,0
4a722c92,0
b48a4c46,0
ea21e5d0,0
3575d01a,0
937032a2,0
614e2666,0
549419cc,0
4904c0cf,0
08a99354,0
e217545d,0
e99e7894,0
ed02de8d,0
b4e64ada,0
12148de9,0
20d419d3,0
802181fa,0
a18852b3,0
d1133c2a,0
9c6205b6,0
2043a448,0
74d43823,0
899c4003,0
2e43101a,0
6537ac46,0
e70dfcd7,0
6bc8fa28,0
4a722c92,0
b48a4c46,0
ea21e5d0,0
5c7d8831,0
338f3946,0
37e30b59,0
549419cc,0
4904c0cf,0
08a99354,0
e217545d,0
e99e7894,0
ed02de8d,0
b4e64ada,0
12148de9,0
20d419d3,0
802181fa,0
a18852b3,0
d1133c2a,0
9c6205b6,0
8efdd7e0,0
74d43823,0
899c4003,0
2e43101a,0
6537ac46,0
e70dfcd7,0
6bc8fa28,0
4a722c92,0
b48a4c46,0
ea21e5d0,0
e55e50e3,0
f1a40d7d,0
614e2666,0
549419cc,0
4904c0cf,0
08a99354,0
1143553a,0
e217545d,0
bef27c99,0
e99e7894,0
ed02de8d,0
b4e64ada,0
12148de9,0
20d419d3,0
802181fa,0
a18852b3,0
d1133c2a,0
9c6205b6,0
223ffdea,0
74d43823,0
899c4003,0
2e43101a,0
6537ac46,0
e70dfcd7,0
6bc8fa28,0
4a722c92,0
b48a4c46,0
ea21e5d0,0
46143713,0
1b387027,0
37e30b59,0
549419cc,0
4904c0cf,0
08a99354,0
fabc5567,0
e217545d,0
5fb4b933,0
e99e7894,0
ed02de8d,0
b4e64ada,0
12148de9,0
20d419d3,0
802181fa,0
a18852b3,0
d1133c2a,0
9c6205b6,0
e52853c5,0
74d43823,0
899c4003,0
2e43101a,0
6537ac46,0
e70dfcd7,0
6bc8fa28,0
4a722c92,0
b48a4c46,0
ea21e5d0,0
f46b2b80,0
68180eba,0
37e30b59,0
549419cc,0
4904c0cf,0
08a99354,0
4611d4dd,0
e217545d,0
43c3ae07,0
e99e7894,0
ed02de8d,0
b4e64ada,0
12148de9,0
20d419d3,0
802181fa,0
a18852b3,0
d1133c2a,0
9c6205b6,0
aacfa95a,0
74d43823,0
899c4003,0
2e43101a,0
6537ac46,0
e70dfcd7,0
6bc8fa28,0
4a722c92,0
b48a4c46,0
ea21e5d0,0
db9a7bac,0
be6df11e,0
614e2666,0
549419cc,0
4904c0cf,0
08a99354,0
e217545d,0
5b5f70fa,0
e99e7894,0
ed02de8d,0
b4e64ada,0
12148de9,0
20d419d3,0
802181fa,0
a18852b3,0
d1133c2a,0
9c6205b6,0
dc5b333f,0
74d43823,0
899c4003,0
2e43101a,0
6537ac46,0
e70dfcd7,0
6bc8fa28,0
4a722c92,0
b48a4c46,0
ea21e5d0,0
eb00db3a,0
2f88c727,0
614e2666,0
549419cc,0
4904c0cf,0
08a99354,0
72922eba,0
e217545d,0
f9dd2972,0
e99e7894,0
ed02de8d,0
b4e64ada,0
12148de9,0
20d419d3,0
802181fa,0
a18852b3,0
d1133c2a,0
9c6205b6,0
bfd63446,0
74d43823,0
899c4003,0
2e43101a,0
6537ac46,0
e70dfcd7,0
6bc8fa28,0
4a722c92,0
b48a4c46,0
ea21e5d0,0
3344e9be,0
210351e6,0
37e30b59,0
549419cc,0
4904c0cf,0
08a99354,0
e217545d,0
c25c87b3,0
e99e7894,0
ed02de8d,0
b4e64ada,0
12148de9,0
20d419d3,0
802181fa,0
a18852b3,0
d1133c2a,0
9c6205b6,0
74d43823,0
899c4003,0
2e43101a,0
6537ac46,0
e70dfcd7,0
6bc8fa28,0
4a722c92,0
b48a4c46,0
ea21e5d0,0
0cb695f9,0
1c17882e,0
37e30b59,0
549419cc,0
4904c0cf,0
08a99354,0
5953e3fd,0
e217545d,0
24b8ff04,0
e99e7894,0
ed02de8d,0
b4e64ada,0
12148de9,0
20d419d3,0
802181fa,0
a18852b3,0
d1133c2a,0
9c6205b6,0
56c4699b,0
74d43823,0
899c4003,0
2e43101a,0
6537ac46,0
e70dfcd7,0
6bc8fa28,0
4a722c92,0
b48a4c46,0
ea21e5d0,0
438e3a7c,0
65e89513,0
37e30b59,0
549419cc,0
4904c0cf,0
08a99354,0
e217545d,0
f51f9ce3,0
e99e7894,0
ed02de8d,0
b4e64ada,0
12148de9,0
20d419d3,0
802181fa,0
a18852b3,0
d1133c2a,0
9c6205b6,0
74d43823,0
899c4003,0
2e43101a,0
6537ac46,0
e70dfcd7,0
6bc8fa28,0
4a722c92,0
b48a4c46,0
ea21e5d0,0
7f4536e8,0
e4ab422f,0
37e30b59,0
549419cc,0
4904c0cf,0
08a99354,0
231e820b,0
e217545d,0
e99e7894,0
ed02de8d,0
b4e64ada,0
12148de9,0
20d419d3,0
802181fa,0
a18852b3,0
d1133c2a,0
9c6205b6,0
74d43823,0
899c4003,0
2e43101a,0
6537ac46,0
e70dfcd7,0
6bc8fa28,0
4a722c92,0
b48a4c46,0
ea21e5d0,0
8b3cfe84,0
0e1a7b52,0
37e30b59,0
549419cc,0
4904c0cf,0
08a99354,0
7ce76c1b,0
e217545d,0
a8304c58,0
e99e7894,0
ed02de8d,0
b4e64ada,0
12148de9,0
20d419d3,0
802181fa,0
a18852b3,0
d1133c2a,0
9c6205b6,0
74d43823,0
899c4003,0
2e43101a,0
6537ac46,0
e70dfcd7,0
6bc8fa28,0
4a722c92,0
b48a4c46,0
ea21e5d0,0
6b5f9172,0
cbea4dd9,0
614e2666,0
549419cc,0
4904c0cf,0
08a99354,0
e217545d,0
4754480b,0
e99e7894,0
ed02de8d,0
b4e64ada,0
12148de9,0
20d419d3,0
802181fa,0
a18852b3,0
d1133c2a,0
9c6205b6,0
7b017e1e,0
74d43823,0
899c4003,0
2e43101a,0
6537ac46,0
e70dfcd7,0
6bc8fa28,0
4a722c92,0
b48a4c46,0
ea21e5d0,0
b258cedf,0
e2c6e9e9,0
37e30b59,0
549419cc,0
4904c0cf,0
08a99354,0
a08516d2,0
e217545d,0
df1ee817,0
e99e7894,0
ed02de8d,0
b4e64ada,0
12148de9,0
20d419d3,0
802181fa,0
a18852b3,0
d1133c2a,0
9c6205b6,0
74d43823,0
899c4003,0
2e43101a,0
6537ac46,0
e70dfcd7,0
6bc8fa28,0
4a722c92,0
b48a4c46,0
ea21e5d0,0
8a1262e8,0
e86ba213,0
614e2666,0
549419cc,0
4904c0cf,0
08a99354,0
eadde3e6,0
e217545d,0
e99e7894,0
ed02de8d,0
b4e64ada,0
12148de9,0
20d419d3,0
802181fa,0
a18852b3,0
d1133c2a,0
9c6205b6,0
74d43823,0
899c4003,0
2e43101a,0
6537ac46,0
e70dfcd7,0
6bc8fa28,0
4a722c92,0
b48a4c46,0
ea21e5d0,0
0caffa28,0
c48a140f,0
614e2666,0
549419cc,0
4904c0cf,0
08a99354,0
e217545d,0
25d831c2,0
e99e7894,0
ed02de8d,0
b4e64ada,0
12148de9,0
20d419d3,0
802181fa,0
a18852b3,0
d1133c2a,0
9c6205b6,0
5fdc30c7,0
74d43823,0
899c4003,0
2e43101a,0
6537ac46,0
e70dfcd7,0
6bc8fa28,0
4a722c92,0
b48a4c46,0
ea21e5d0,0
4d97c8d8,0
35666e5f,0
37e30b59,0
549419cc,0
4904c0cf,0
08a99354,0
e217545d,0
c2794410,0
e99e7894,0
ed02de8d,0
b4e64ada,0
12148de9,0
20d419d3,0
802181fa,0
a18852b3,0
d1133c2a,0
9c6205b6,0
74d43823,0
899c4003,0
2e43101a,0
6537ac46,0
e70dfcd7,0
6bc8fa28,0
4a722c92,0
b48a4c46,0
ea21e5d0,0
bc1af51a,0
6b3e9bbd,0
614e2666,0
549419cc,0
4904c0cf,0
08a99354,0
7e8f5acb,0
e217545d,0
5dfda5c2,0
e99e7894,0
ed02de8d,0
b4e64ada,0
12148de9,0
20d419d3,0
802181fa,0
a18852b3,0
d1133c2a,0
9c6205b6,0
74d43823,0
899c4003,0
2e43101a,0
6537ac46,0
e70dfcd7,0
6bc8fa28,0
4a722c92,0
b48a4c46,0
ea21e5d0,0
b898ba0e,0
e1cf1e3e,0
614e2666,0
549419cc,0
4904c0cf,0
08a99354,0
e217545d,0
7c0ddf5c,0
e99e7894,0
ed02de8d,0
b4e64ada,0
12148de9,0
20d419d3,0
802181fa,0
a18852b3,0
d1133c2a,0
9c6205b6,0
fd584e46,0
74d43823,0
899c4003,0
2e43101a,0
6537ac46,0
e70dfcd7,0
6bc8fa28,0
4a722c92,0
b48a4c46,0
ea21e5d0,0
f9438454,0
06499a97,0
37e30b59,0
549419cc,0
4904c0cf,0
08a99354,0
e217545d,0
699aa563,0
e99e7894,0
ed02de8d,0
b4e64ada,0
12148de9,0
20d419d3,0
802181fa,0
a18852b3,0
d1133c2a,0
9c6205b6,0
b67f0c3a,0
74d43823,0
899c4003,0
2e43101a,0
6537ac46,0
e70dfcd7,0
6bc8fa28,0
4a722c92,0
b48a4c46,0
ea21e5d0,0
7bade179,0
546f69dc,0
37e30b59,0
549419cc,0
4904c0cf,0
08a99354,0
e217545d,0
d1ec5fe4,0
e99e7894,0
ed02de8d,0
b4e64ada,0
12148de9,0
20d419d3,0
802181fa,0
a18852b3,0
d1133c2a,0
9c6205b6,0
a31d6873,0
74d43823,0
899c4003,0
2e43101a,0
6537ac46,0
e70dfcd7,0
6bc8fa28,0
4a722c92,0
b48a4c46,0
ea21e5d0,0
13eb3b12,0
a57de4bc,0
614e2666,0
549419cc,0
4904c0cf,0
08a99354,0
e217545d,0
bc8a3227,0
e99e7894,0
ed02de8d,0
b4e64ada,0
12148de9,0
20d419d3,0
802181fa,0
a18852b3,0
d1133c2a,0
9c6205b6,0
12577f09,0
74d43823,0
899c4003,0
2e43101a,0
6537ac46,0
e70dfcd7,0
6bc8fa28,0
4a722c92,0
b48a4c46,0
ea21e5d0,0
1ddebf63,0
b6c8b34c,0
37e30b59,0
549419cc,0
4904c0cf,0
08a99354,0
e217545d,0
e99e7894,0
ed02de8d,0
b4e64ada,0
12148de9,0
20d419d3,0
802181fa,0
a18852b3,0
d1133c2a,0
9c6205b6,0
74d43823,0
899c4003,0
2e43101a,0
6537ac46,0
e70dfcd7,0
6bc8fa28,0
4a722c92,0
b48a4c46,0
ea21e5d0,0
68bf68dd,0
02a68d57,0
614e2666,0
549419cc,0
4904c0cf,0
08a99354,0
13875782,0
e217545d,0
e99e7894,0
ed02de8d,0
b4e64ada,0
12148de9,0
20d419d3,0
802181fa,0
a18852b3,0
d1133c2a,0
9c6205b6,0
74d43823,0
899c4003,0
2e43101a,0
6537ac46,0
e70dfcd7,0
6bc8fa28,0
4a722c92,0
b48a4c46,0
ea21e5d0,0
e7a01254,0
154cbbc7,0
37e30b59,0
549419cc,0
4904c0cf,0
08a99354,0
66e285c0,0
e217545d,0
e99e7894,0
ed02de8d,0
b4e64ada,0
12148de9,0
20d419d3,0
802181fa,0
a18852b3,0
d1133c2a,0
9c6205b6,0
04040459,0
74d43823,0
899c4003,0
2e43101a,0
6537ac46,0
e70dfcd7,0
6bc8fa28,0
4a722c92,0
b48a4c46,0
ea21e5d0,0
2e86cd22,0
391855f6,0
37e30b59,0
549419cc,0
4904c0cf,0
08a99354,0
ef4ad5a1,0
e217545d,0
e99e7894,0
ed02de8d,0
b4e64ada,0
12148de9,0
20d419d3,0
802181fa,0
a18852b3,0
d1133c2a,0
9c6205b6,0
74d43823,0
899c4003,0
2e43101a,0
6537ac46,0
e70dfcd7,0
6bc8fa28,0
4a722c92,0
b48a4c46,0
ea21e5d0,0
52377ccf,0
f38a8b2c,0
37e30b59,0
549419cc,0
4904c0cf,0
08a99354,0
403a0b52,0
e217545d,0
63b7c696,0
e99e7894,0
ed02de8d,0
b4e64ada,0
12148de9,0
20d419d3,0
802181fa,0
a18852b3,0
d1133c2a,0
9c6205b6,0
aed72222,0
74d43823,0
899c4003,0
2e43101a,0
6537ac46,0
e70dfcd7,0
6bc8fa28,0
4a722c92,0
b48a4c46,0
ea21e5d0,0
e401631d,0
96dba5c2,0
37e30b59,0
549419cc,0
4904c0cf,0
08a99354,0
d92c6af8,0
e217545d,0
7c6c822d,0
e99e7894,0
ed02de8d,0
b4e64ada,0
12148de9,0
20d419d3,0
802181fa,0
a18852b3,0
d1133c2a,0
9c6205b6,0
74d43823,0
899c4003,0
2e43101a,0
6537ac46,0
e70dfcd7,0
6bc8fa28,0
4a722c92,0
b48a4c46,0
ea21e5d0,0
c869cd61,0
2ce28d9b,0
614e2666,0
549419cc,0
4904c0cf,0
08a99354,0
a1b90818,0
e217545d,0
e99e7894,0
ed02de8d,0
b4e64ada,0
12148de9,0
20d419d3,0
802181fa,0
a18852b3,0
d1133c2a,0
9c6205b6,0
3eba42d7,0
74d43823,0
899c4003,0
2e43101a,0
6537ac46,0
e70dfcd7,0
6bc8fa28,0
4a722c92,0
b48a4c46,0
ea21e5d0,0
6683634f,0
ceccdab9,0
37e30b59,0
549419cc,0
4904c0cf,0
08a99354,0
7010794b,0
e217545d,0
12a61f14,0
e99e7894,0
ed02de8d,0
b4e64ada,0
12148de9,0
20d419d3,0
802181fa,0
a18852b3,0
d1133c2a,0
9c6205b6,0
74d43823,0
899c4003,0
2e43101a,0
6537ac46,0
e70dfcd7,0
6bc8fa28,0
4a722c92,0
b48a4c46,0
ea21e5d0,0
90feb5bc,0
3fa985da,0
37e30b59,0
549419cc,0
4904c0cf,0
08a99354,0
d265e4f6,0
e217545d,0
f7025313,0
e99e7894,0
ed02de8d,0
b4e64ada,0
12148de9,0
20d419d3,0
802181fa,0
a18852b3,0
d1133c2a,0
9c6205b6,0
74d43823,0
899c4003,0
2e43101a,0
6537ac46,0
e70dfcd7,0
6bc8fa28,0
4a722c92,0
b48a4c46,0
ea21e5d0,0
b0f8b0f8,0
e08fb772,0
614e2666,0
549419cc,0
4904c0cf,0
08a99354,0
00bfbea7,0
e217545d,0
7d2d8ff6,0
e99e7894,0
ed02de8d,0
b4e64ada,0
12148de9,0
20d419d3,0
802181fa,0
a18852b3,0
d1133c2a,0
9c6205b6,0
3b05e12b,0
74d43823,0
899c4003,0
2e43101a,0
6537ac46,0
e70dfcd7,0
6bc8fa28,0
4a722c92,0
b48a4c46,0
ea21e5d0,0
abb52e6e,0
f971b717,0
614e2666,0
549419cc,0
4904c0cf,0
08a99354,0
670c0cda,0
e217545d,0
a570b264,0
e99e7894,0
ed02de8d,0
b4e64ada,0
12148de9,0
20d419d3,0
802181fa,0
a18852b3,0
d1133c2a,0
9c6205b6,0
839f95ef,0
74d43823,0
899c4003,0
2e43101a,0
6537ac46,0
e70dfcd7,0
6bc8fa28,0
4a722c92,0
b48a4c46,0
ea21e5d0,0
cdb5c9fc,0
dce5148f,0
614e2666,0
549419cc,0
4904c0cf,0
08a99354,0
e22b2c99,0
e217545d,0
e3c3bb8f,0
e99e7894,0
ed02de8d,0
b4e64ada,0
12148de9,0
20d419d3,0
802181fa,0
a18852b3,0
d1133c2a,0
9c6205b6,0
74d43823,0
899c4003,0
2e43101a,0
6537ac46,0
e70dfcd7,0
6bc8fa28,0
4a722c92,0
b48a4c46,0
ea21e5d0,0
acb4d636,0
97c63ae7,0
614e2666,0
549419cc,0
4904c0cf,0
08a99354,0
e217545d,0
e99e7894,0
ed02de8d,0
b4e64ada,0
12148de9,0
20d419d3,0
802181fa,0
a18852b3,0
d1133c2a,0
9c6205b6,0
74d43823,0
899c4003,0
2e43101a,0
6537ac46,0
e70dfcd7,0
6bc8fa28,0
4a722c92,0
b48a4c46,0
ea21e5d0,0
8fc7f9c4,0
6172ee24,0
37e30b59,0
549419cc,0
4904c0cf,0
08a99354,0
32d000ec,0
e217545d,0
e99e7894,0
ed02de8d,0
b4e64ada,0
12148de9,0
20d419d3,0
802181fa,0
a18852b3,0
d1133c2a,0
9c6205b6,0
74d43823,0
899c4003,0
2e43101a,0
6537ac46,0
e70dfcd7,0
6bc8fa28,0
4a722c92,0
b48a4c46,0
ea21e5d0,0
aa748d9f,0
03d44f40,0
614e2666,0
549419cc,0
4904c0cf,0
08a99354,0
e217545d,0
175319ba,0
e99e7894,0
ed02de8d,0
b4e64ada,0
12148de9,0
20d419d3,0
802181fa,0
a18852b3,0
d1133c2a,0
9c6205b6,0
74d43823,0
899c4003,0
2e43101a,0
6537ac46,0
e70dfcd7,0
6bc8fa28,0
4a722c92,0
b48a4c46,0
ea21e5d0,0
cba6bfcb,0
1a95b455,0
37e30b59,0
549419cc,0
4904c0cf,0
08a99354,0
e217545d,0
e99e7894,0
ed02de8d,0
b4e64ada,0
12148de9,0
20d419d3,0
802181fa,0
a18852b3,0
d1133c2a,0
9c6205b6,0
8ea185c0,0
74d43823,0
899c4003,0
2e43101a,0
6537ac46,0
e70dfcd7,0
6bc8fa28,0
4a722c92,0
b48a4c46,0
ea21e5d0,0
f82ae053,0
14c0deda,0
614e2666,0
549419cc,0
4904c0cf,0
08a99354,0
e217545d,0
e99e7894,0
ed02de8d,0
b4e64ada,0
12148de9,0
20d419d3,0
802181fa,0
a18852b3,0
d1133c2a,0
9c6205b6,0
74d43823,0
899c4003,0
2e43101a,0
6537ac46,0
e70dfcd7,0
6bc8fa28,0
4a722c92,0
b48a4c46,0
ea21e5d0,0
a023944a,0
f73c79f8,0
37e30b59,0
549419cc,0
4904c0cf,0
08a99354,0
e217545d,0
a24e9ee5,0
e99e7894,0
ed02de8d,0
b4e64ada,0
12148de9,0
20d419d3,0
802181fa,0
a18852b3,0
d1133c2a,0
9c6205b6,0
fc4b0ed1,0
74d43823,0
899c4003,0
2e43101a,0
6537ac46,0
e70dfcd7,0
6bc8fa28,0
4a722c92,0
b48a4c46,0
ea21e5d0,0
f2856d45,0
ac2d8d1e,0
614e2666,0
549419cc,0
4904c0cf,0
08a99354,0
f11dddf1,0
e217545d,0
e99e7894,0
ed02de8d,0
b4e64ada,0
12148de9,0
20d419d3,0
802181fa,0
a18852b3,0
d1133c2a,0
9c6205b6,0
de306e18,0
74d43823,0
899c4003,0
2e43101a,0
6537ac46,0
e70dfcd7,0
6bc8fa28,0
4a722c92,0
b48a4c46,0
ea21e5d0,0
cc2c0c59,0
ffeedcd9,0
37e30b59,0
549419cc,0
4904c0cf,0
08a99354,0
9385a5d0,0
e217545d,0
e99e7894,0
ed02de8d,0
b4e64ada,0
12148de9,0
20d419d3,0
802181fa,0
a18852b3,0
d1133c2a,0
9c6205b6,0
74d43823,0
899c4003,0
2e43101a,0
6537ac46,0
e70dfcd7,0
6bc8fa28,0
4a722c92,0
b48a4c46,0
ea21e5d0,0
f93fb29a,0
2dbf21ae,0
614e2666,0
549419cc,0
4904c0cf,0
08a99354,0
e217545d,0
837b2e9b,0
e99e7894,0
ed02de8d,0
b4e64ada,0
12148de9,0
20d419d3,0
802181fa,0
a18852b3,0
d1133c2a,0
9c6205b6,0
74d43823,0
899c4003,0
2e43101a,0
6537ac46,0
e70dfcd7,0
6bc8fa28,0
4a722c92,0
b48a4c46,0
ea21e5d0,0
a1c5f304,0
71ae97d8,0
37e30b59,0
549419cc,0
4904c0cf,0
08a99354,0
97ea9b84,0
e217545d,0
e99e7894,0
ed02de8d,0
b4e64ada,0
12148de9,0
20d419d3,0
802181fa,0
a18852b3,0
d1133c2a,0
9c6205b6,0
9cd19792,0
74d43823,0
899c4003,0
2e43101a,0
6537ac46,0
e70dfcd7,0
6bc8fa28,0
4a722c92,0
b48a4c46,0
ea21e5d0,0
892102fd,0
6282e504,0
614e2666,0
549419cc,0
4904c0cf,0
08a99354,0
ea5b25ad,0
e217545d,0
3d7963ac,0
e99e7894,0
ed02de8d,0
b4e64ada,0
12148de9,0
20d419d3,0
802181fa,0
a18852b3,0
d1133c2a,0
9c6205b6,0
aaa13ddf,0
74d43823,0
899c4003,0
2e43101a,0
6537ac46,0
e70dfcd7,0
6bc8fa28,0
4a722c92,0
b48a4c46,0
ea21e5d0,0
bd4d2770,0
3c095e6c,0
614e2666,0
549419cc,0
4904c0cf,0
08a99354,0
f3fcf4aa,0
e217545d,0
782153e8,0
e99e7894,0
ed02de8d,0
b4e64ada,0
12148de9,0
20d419d3,0
802181fa,0
a18852b3,0
d1133c2a,0
9c6205b6,0
a606d2a6,0
74d43823,0
899c4003,0
2e43101a,0
6537ac46,0
e70dfcd7,0
6bc8fa28,0
4a722c92,0
b48a4c46,0
ea21e5d0,0
a567a05a,0
b8f945f1,0
614e2666,0
549419cc,0
4904c0cf,0
08a99354,0
e217545d,0
e99e7894,0
ed02de8d,0
b4e64ada,0
12148de9,0
20d419d3,0
802181fa,0
a18852b3,0
d1133c2a,0
9c6205b6,0
e751b5c6,0
74d43823,0
899c4003,0
2e43101a,0
6537ac46,0
e70dfcd7,0
6bc8fa28,0
4a722c92,0
b48a4c46,0
ea21e5d0,0
d44abdaf,0
90e64cde,0
37e30b59,0
549419cc,0
4904c0cf,0
08a99354,0
c93003cd,0
e217545d,0
0e7ea2a9,0
e99e7894,0
ed02de8d,0
b4e64ada,0
12148de9,0
20d419d3,0
802181fa,0
a18852b3,0
d1133c2a,0
9c6205b6,0
0eb48f0f,0
74d43823,0
899c4003,0
2e43101a,0
6537ac46,0
e70dfcd7,0
6bc8fa28,0
4a722c92,0
b48a4c46,0
ea21e5d0,0
015a5940,0
7506b21a,0
37e30b59,0
549419cc,0
4904c0cf,0
08a99354,0
e217545d,0
cc9a8c43,0
e99e7894,0
ed02de8d,0
b4e64ada,0
12148de9,0
20d419d3,0
802181fa,0
a18852b3,0
d1133c2a,0
9c6205b6,0
d7aa237d,0
74d43823,0
899c4003,0
2e43101a,0
6537ac46,0
e70dfcd7,0
6bc8fa28,0
4a722c92,0
b48a4c46,0
ea21e5d0,0
7c85e59b,0
37e30b59,0
549419cc,0
4904c0cf,0
08a99354,0
3d7953ea,0
e217545d,0
b9f01a7a,0
e99e7894,0
ed02de8d,0
b4e64ada,0
12148de9,0
20d419d3,0
802181fa,0
a18852b3,0
d1133c2a,0
9c6205b6,0
90acaf08,0
74d43823,0
899c4003,0
2e43101a,0
6537ac46,0
e70dfcd7,0
6bc8fa28,0
4a722c92,0
b48a4c46,0
ea21e5d0,0
db222360,0
def6cce3,0
614e2666,0
549419cc,0
4904c0cf,0
08a99354,0
c1c9c1f4,0
e217545d,0
fb63e1db,0
e99e7894,0
ed02de8d,0
b4e64ada,0
12148de9,0
20d419d3,0
802181fa,0
a18852b3,0
d1133c2a,0
9c6205b6,0
992865b9,0
74d43823,0
899c4003,0
2e43101a,0
6537ac46,0
e70dfcd7,0
6bc8fa28,0
4a722c92,0
b48a4c46,0
ea21e5d0,0
3f512b67,0
2aa9d706,0
37e30b59,0
549419cc,0
4904c0cf,0
08a99354,0
e217545d,0
da2a6d9a,0
e99e7894,0
ed02de8d,0
b4e64ada,0
12148de9,0
20d419d3,0
802181fa,0
a18852b3,0
d1133c2a,0
9c6205b6,0
74d43823,0
899c4003,0
2e43101a,0
6537ac46,0
e70dfcd7,0
6bc8fa28,0
4a722c92,0
b48a4c46,0
ea21e5d0,0
51758ba9,0
67990e75,0
614e2666,0
549419cc,0
4904c0cf,0
08a99354,0
e217545d,0
2943c038,0
e99e7894,0
ed02de8d,0
b4e64ada,0
12148de9,0
20d419d3,0
802181fa,0
a18852b3,0
d1133c2a,0
9c6205b6,0
74d43823,0
899c4003,0
2e43101a,0
6537ac46,0
e70dfcd7,0
6bc8fa28,0
4a722c92,0
b48a4c46,0
ea21e5d0,0
8a20b7c0,0
bf39dee1,0
614e2666,0
549419cc,0
4904c0cf,0
08a99354,0
78e6a654,0
e217545d,0
052037c5,0
e99e7894,0
ed02de8d,0
b4e64ada,0
12148de9,0
20d419d3,0
802181fa,0
a18852b3,0
d1133c2a,0
9c6205b6,0
34ddb36b,0
74d43823,0
899c4003,0
2e43101a,0
6537ac46,0
e70dfcd7,0
6bc8fa28,0
4a722c92,0
b48a4c46,0
ea21e5d0,0
997630f8,0
4b20f96b,0
37e30b59,0
549419cc,0
4904c0cf,0
08a99354,0
e217545d,0
fc56524b,0
e99e7894,0
ed02de8d,0
b4e64ada,0
12148de9,0
20d419d3,0
802181fa,0
a18852b3,0
d1133c2a,0
9c6205b6,0
59fd7b85,0
74d43823,0
899c4003,0
2e43101a,0
6537ac46,0
e70dfcd7,0
6bc8fa28,0
4a722c92,0
b48a4c46,0
ea21e5d0,0
a92acce1,0
c4c99d5a,0
614e2666,0
549419cc,0
4904c0cf,0
08a99354,0
97075aa1,0
e217545d,0
33663464,0
e99e7894,0
ed02de8d,0
b4e64ada,0
12148de9,0
20d419d3,0
802181fa,0
a18852b3,0
d1133c2a,0
9c6205b6,0
74d43823,0
899c4003,0
2e43101a,0
6537ac46,0
e70dfcd7,0
6bc8fa28,0
4a722c92,0
b48a4c46,0
ea21e5d0,0
40cc6415,0
7d01cbf3,0
614e2666,0
549419cc,0
4904c0cf,0
08a99354,0
23e9ec9a,0
e217545d,0
1c9b5669,0
e99e7894,0
ed02de8d,0
b4e64ada,0
12148de9,0
20d419d3,0
802181fa,0
a18852b3,0
d1133c2a,0
9c6205b6,0
83930e19,0
74d43823,0
899c4003,0
2e43101a,0
6537ac46,0
e70dfcd7,0
6bc8fa28,0
4a722c92,0
b48a4c46,0
ea21e5d0,0
ddc2482e,0
9402034a,0
614e2666,0
549419cc,0
4904c0cf,0
08a99354,0
baf56181,0
e217545d,0
e99e7894,0
ed02de8d,0
b4e64ada,0
12148de9,0
20d419d3,0
802181fa,0
a18852b3,0
d1133c2a,0
9c6205b6,0
ae3180a5,0
74d43823,0
899c4003,0
2e43101a,0
6537ac46,0
e70dfcd7,0
6bc8fa28,0
4a722c92,0
b48a4c46,0
ea21e5d0,0
96cf8c0b,0
64a896d8,0
614e2666,0
549419cc,0
4904c0cf,0
08a99354,0
e217545d,0
19ddb0f4,0
e99e7894,0
ed02de8d,0
b4e64ada,0
12148de9,0
20d419d3,0
802181fa,0
a18852b3,0
d1133c2a,0
9c6205b6,0
74d43823,0
899c4003,0
2e43101a,0
6537ac46,0
e70dfcd7,0
6bc8fa28,0
4a722c92,0
b48a4c46,0
ea21e5d0,0
9a16bbd8,0
e6734397,0
37e30b59,0
549419cc,0
4904c0cf,0
08a99354,0
e217545d,0
e99e7894,0
ed02de8d,0
b4e64ada,0
12148de9,0
20d419d3,0
802181fa,0
a18852b3,0
d1133c2a,0
9c6205b6,0
945dcbba,0
74d43823,0
899c4003,0
2e43101a,0
6537ac46,0
e70dfcd7,0
6bc8fa28,0
4a722c92,0
b48a4c46,0
ea21e5d0,0
7e45fc89,0
beb9c36f,0
37e30b59,0
549419cc,0
4904c0cf,0
08a99354,0
75bfdfc0,0
e217545d,0
89aa10be,0
e99e7894,0
ed02de8d,0
b4e64ada,0
12148de9,0
20d419d3,0
802181fa,0
a18852b3,0
d1133c2a,0
9c6205b6,0
f8d3b509,0
74d43823,0
899c4003,0
2e43101a,0
6537ac46,0
e70dfcd7,0
6bc8fa28,0
4a722c92,0
b48a4c46,0
ea21e5d0,0
333a20ba,0
660c49e7,0
37e30b59,0
549419cc,0
4904c0cf,0
08a99354,0
a34211e0,0
e217545d,0
6d95a2dd,0
e99e7894,0
ed02de8d,0
b4e64ada,0
12148de9,0
20d419d3,0
802181fa,0
a18852b3,0
d1133c2a,0
9c6205b6,0
01c5380b,0
74d43823,0
899c4003,0
2e43101a,0
6537ac46,0
e70dfcd7,0
6bc8fa28,0
4a722c92,0
b48a4c46,0
ea21e5d0,0
80d40cd9,0
48e99463,0
37e30b59,0
549419cc,0
4904c0cf,0
08a99354,0
77917784,0
e217545d,0
e99e7894,0
ed02de8d,0
b4e64ada,0
12148de9,0
20d419d3,0
802181fa,0
a18852b3,0
d1133c2a,0
9c6205b6,0
99c0f8a8,0
74d43823,0
899c4003,0
2e43101a,0
6537ac46,0
e70dfcd7,0
6bc8fa28,0
4a722c92,0
b48a4c46,0
ea21e5d0,0
961806c9,0
e2930cf9,0
37e30b59,0
549419cc,0
4904c0cf,0
08a99354,0
e217545d,0
bb66289f,0
e99e7894,0
ed02de8d,0
b4e64ada,0
12148de9,0
20d419d3,0
802181fa,0
a18852b3,0
d1133c2a,0
9c6205b6,0
74d43823,0
899c4003,0
2e43101a,0
6537ac46,0
e70dfcd7,0
6bc8fa28,0
4a722c92,0
b48a4c46,0
ea21e5d0,0
ea7c3064,0
d11cbbda,0
614e2666,0
549419cc,0
4904c0cf,0
08a99354,0
e217545d,0
6952098a,0
e99e7894,0
ed02de8d,0
b4e64ada,0
12148de9,0
20d419d3,0
802181fa,0
a18852b3,0
d1133c2a,0
9c6205b6,0
f7719875,0
74d43823,0
899c4003,0
2e43101a,0
6537ac46,0
e70dfcd7,0
6bc8fa28,0
4a722c92,0
b48a4c46,0
ea21e5d0,0
78ab459d,0
12649ce8,0
614e2666,0
549419cc,0
4904c0cf,0
08a99354,0
6002503f,0
e217545d,0
2b31bad2,0
e99e7894,0
ed02de8d,0
b4e64ada,0
12148de9,0
20d419d3,0
802181fa,0
a18852b3,0
d1133c2a,0
9c6205b6,0
74d43823,0
899c4003,0
2e43101a,0
6537ac46,0
e70dfcd7,0
6bc8fa28,0
4a722c92,0
b48a4c46,0
ea21e5d0,0
9f540702,0
d4e51bda,0
614e2666,0
549419cc,0
4904c0cf,0
08a99354,0
e217545d,0
e99e7894,0
ed02de8d,0
b4e64ada,0
12148de9,0
20d419d3,0
802181fa,0
a18852b3,0
d1133c2a,0
9c6205b6,0
ec733bfb,0
74d43823,0
899c4003,0
2e43101a,0
6537ac46,0
e70dfcd7,0
6bc8fa28,0
4a722c92,0
b48a4c46,0
ea21e5d0,0
034f1a13,0
e8f7fec9,0
614e2666,0
549419cc,0
4904c0cf,0
08a99354,0
a4bbd4cc,0
e217545d,0
e99e7894,0
ed02de8d,0
b4e64ada,0
12148de9,0
20d419d3,0
802181fa,0
a18852b3,0
d1133c2a,0
9c6205b6,0
e3a46a08,0
74d43823,0
899c4003,0
2e43101a,0
6537ac46,0
e70dfcd7,0
6bc8fa28,0
4a722c92,0
b48a4c46,0
ea21e5d0,0
26e5adb5,0
670ce5fb,0
614e2666,0
549419cc,0
4904c0cf,0
08a99354,0
e217545d,0
739cdd35,0
e99e7894,0
ed02de8d,0
b4e64ada,0
12148de9,0
20d419d3,0
802181fa,0
a18852b3,0
d1133c2a,0
9c6205b6,0
5fb4db5f,0
74d43823,0
899c4003,0
2e43101a,0
6537ac46,0
e70dfcd7,0
6bc8fa28,0
4a722c92,0
b48a4c46,0
ea21e5d0,0
2d3d945e,0
b48a1abd,0
614e2666,0
549419cc,0
4904c0cf,0
08a99354,0
cf6c6c66,0
e217545d,0
e99e7894,0
ed02de8d,0
b4e64ada,0
12148de9,0
20d419d3,0
802181fa,0
a18852b3,0
d1133c2a,0
9c6205b6,0
c80bfade,0
74d43823,0
899c4003,0
2e43101a,0
6537ac46,0
e70dfcd7,0
6bc8fa28,0
4a722c92,0
b48a4c46,0
ea21e5d0,0
719110d4,0
8a771a4e,0
614e2666,0
549419cc,0
4904c0cf,0
08a99354,0
e217545d,0
77284dab,0
e99e7894,0
ed02de8d,0
b4e64ada,0
12148de9,0
20d419d3,0
802181fa,0
a18852b3,0
d1133c2a,0
9c6205b6,0
74d43823,0
899c4003,0
2e43101a,0
6537ac46,0
e70dfcd7,0
6bc8fa28,0
4a722c92,0
b48a4c46,0
ea21e5d0,0
7e1c8b04,0
32c0a8d9,0
614e2666,0
549419cc,0
4904c0cf,0
08a99354,0
eb7be440,0
e217545d,0
3c6ce490,0
e99e7894,0
ed02de8d,0
b4e64ada,0
12148de9,0
20d419d3,0
802181fa,0
a18852b3,0
d1133c2a,0
9c6205b6,0
80fb6d01,0
74d43823,0
899c4003,0
2e43101a,0
6537ac46,0
e70dfcd7,0
6bc8fa28,0
4a722c92,0
b48a4c46,0
ea21e5d0,0
e7c814c8,0
314c3de7,0
614e2666,0
549419cc,0
4904c0cf,0
08a99354,0
e217545d,0
1131f3d2,0
e99e7894,0
ed02de8d,0
b4e64ada,0
12148de9,0
20d419d3,0
802181fa,0
a18852b3,0
d1133c2a,0
9c6205b6,0
23077175,0
74d43823,0
899c4003,0
2e43101a,0
6537ac46,0
e70dfcd7,0
6bc8fa28,0
4a722c92,0
b48a4c46,0
ea21e5d0,0
34235770,0
03e5e9ad,0
614e2666,0
549419cc,0
4904c0cf,0
08a99354,0
e217545d,0
4ae27cfb,0
e99e7894,0
ed02de8d,0
b4e64ada,0
12148de9,0
20d419d3,0
802181fa,0
a18852b3,0
d1133c2a,0
9c6205b6,0
a8e69be0,0
74d43823,0
899c4003,0
2e43101a,0
6537ac46,0
e70dfcd7,0
6bc8fa28,0
4a722c92,0
b48a4c46,0
ea21e5d0,0
178d3e75,0
167b8a8e,0
37e30b59,0
549419cc,0
4904c0cf,0
08a99354,0
e217545d,0
9d5f9eb3,0
e99e7894,0
ed02de8d,0
b4e64ada,0
12148de9,0
20d419d3,0
802181fa,0
a18852b3,0
d1133c2a,0
9c6205b6,0
74d43823,0
899c4003,0
2e43101a,0
6537ac46,0
e70dfcd7,0
6bc8fa28,0
4a722c92,0
b48a4c46,0
ea21e5d0,0
d4284318,0
37e30b59,0
549419cc,0
4904c0cf,0
08a99354,0
24ba7a0a,0
e217545d,0
e99e7894,0
ed02de8d,0
b4e64ada,0
12148de9,0
20d419d3,0
802181fa,0
a18852b3,0
d1133c2a,0
9c6205b6,0
74d43823,0
899c4003,0
2e43101a,0
6537ac46,0
e70dfcd7,0
6bc8fa28,0
4a722c92,0
b48a4c46,0
ea21e5d0,0
db17f6d5,0
e3becdc8,0
37e30b59,0
549419cc,0
4904c0cf,0
08a99354,0
e217545d,0
041a4176,0
e99e7894,0
ed02de8d,0
b4e64ada,0
12148de9,0
20d419d3,0
802181fa,0
a18852b3,0
d1133c2a,0
9c6205b6,0
74d43823,0
899c4003,0
2e43101a,0
6537ac46,0
e70dfcd7,0
6bc8fa28,0
4a722c92,0
b48a4c46,0
ea21e5d0,0
d0d8d386,0
25014b7a,0
37e30b59,0
549419cc,0
4904c0cf,0
08a99354,0
f74e47a3,0
e217545d,0
706623bf,0
e99e7894,0
ed02de8d,0
b4e64ada,0
12148de9,0
20d419d3,0
802181fa,0
a18852b3,0
d1133c2a,0
9c6205b6,0
74d43823,0
899c4003,0
2e43101a,0
6537ac46,0
e70dfcd7,0
6bc8fa28,0
4a722c92,0
b48a4c46,0
ea21e5d0,0
499dad8b,0
b9632688,0
614e2666,0
549419cc,0
4904c0cf,0
08a99354,0
94da9131,0
e217545d,0
e99e7894,0
ed02de8d,0
b4e64ada,0
12148de9,0
20d419d3,0
802181fa,0
a18852b3,0
d1133c2a,0
9c6205b6,0
74d43823,0
899c4003,0
2e43101a,0
6537ac46,0
e70dfcd7,0
6bc8fa28,0
4a722c92,0
b48a4c46,0
ea21e5d0,0
d8a673ac,0
80e9fb7a,0
614e2666,0
549419cc,0
4904c0cf,0
08a99354,0
e217545d,0
c57fde7e,0
e99e7894,0
ed02de8d,0
b4e64ada,0
12148de9,0
20d419d3,0
802181fa,0
a18852b3,0
d1133c2a,0
9c6205b6,0
74d43823,0
899c4003,0
2e43101a,0
6537ac46,0
e70dfcd7,0
6bc8fa28,0
4a722c92,0
b48a4c46,0
ea21e5d0,0
f8fc4098,0
ba696c8e,0
614e2666,0
549419cc,0
4904c0cf,0
08a99354,0
e217545d,0
97e046f4,0
e99e7894,0
ed02de8d,0
b4e64ada,0
12148de9,0
20d419d3,0
802181fa,0
a18852b3,0
d1133c2a,0
9c6205b6,0
69d69701,0
74d43823,0
899c4003,0
2e43101a,0
6537ac46,0
e70dfcd7,0
6bc8fa28,0
4a722c92,0
b48a4c46,0
ea21e5d0,0
5579b1cc,0
c2bbb568,0
614e2666,0
549419cc,0
4904c0cf,0
08a99354,0
4fb6ff34,0
e217545d,0
5d889dfe,0
e99e7894,0
ed02de8d,0
b4e64ada,0
12148de9,0
20d419d3,0
802181fa,0
a18852b3,0
d1133c2a,0
9c6205b6,0
34ec3e54,0
74d43823,0
899c4003,0
2e43101a,0
6537ac46,0
e70dfcd7,0
6bc8fa28,0
4a722c92,0
b48a4c46,0
ea21e5d0,0
02058f81,0
470069fc,0
37e30b59,0
549419cc,0
4904c0cf,0
08a99354,0
ea5c85ac,0
e217545d,0
ac0a51ff,0
e99e7894,0
ed02de8d,0
b4e64ada,0
12148de9,0
20d419d3,0
802181fa,0
a18852b3,0
d1133c2a,0
9c6205b6,0
74d43823,0
899c4003,0
2e43101a,0
6537ac46,0
e70dfcd7,0
6bc8fa28,0
4a722c92,0
b48a4c46,0
ea21e5d0,0
d3e0c0ca,0
ded63f05,0
614e2666,0
549419cc,0
4904c0cf,0
08a99354,0
3859957a,0
e217545d,0
e99e7894,0
ed02de8d,0
b4e64ada,0
12148de9,0
20d419d3,0
802181fa,0
a18852b3,0
d1133c2a,0
9c6205b6,0
0077c942,0
74d43823,0
899c4003,0
2e43101a,0
6537ac46,0
e70dfcd7,0
6bc8fa28,0
4a722c92,0
b48a4c46,0
ea21e5d0,0
31e45264,0
a9c254c4,0
37e30b59,0
549419cc,0
4904c0cf,0
08a99354,0
e217545d,0
e0301bf3,0
e99e7894,0
ed02de8d,0
b4e64ada,0
12148de9,0
20d419d3,0
802181fa,0
a18852b3,0
d1133c2a,0
9c6205b6,0
0089f9c9,0
74d43823,0
899c4003,0
2e43101a,0
6537ac46,0
e70dfcd7,0
6bc8fa28,0
4a722c92,0
b48a4c46,0
ea21e5d0,0
da8d7861,0
614e2666,0
549419cc,0
4904c0cf,0
08a99354,0
e217545d,0
e99e7894,0
ed02de8d,0
b4e64ada,0
12148de9,0
20d419d3,0
802181fa,0
a18852b3,0
d1133c2a,0
9c6205b6,0
0e7d560a,0
74d43823,0
899c4003,0
2e43101a,0
6537ac46,0
e70dfcd7,0
6bc8fa28,0
4a722c92,0
b48a4c46,0
ea21e5d0,0
db9a7bac,0
2d17bf26,0
37e30b59,0
549419cc,0
4904c0cf,0
08a99354,0
efacea1a,0
e217545d,0
8f53efa0,0
e99e7894,0
ed02de8d,0
b4e64ada,0
12148de9,0
20d419d3,0
802181fa,0
a18852b3,0
d1133c2a,0
9c6205b6,0
74d43823,0
899c4003,0
2e43101a,0
6537ac46,0
e70dfcd7,0
6bc8fa28,0
4a722c92,0
b48a4c46,0
ea21e5d0,0
9e00da53,0
d96454d9,0
37e30b59,0
549419cc,0
4904c0cf,0
08a99354,0
89b31007,0
e217545d,0
6644ee10,0
e99e7894,0
ed02de8d,0
b4e64ada,0
12148de9,0
20d419d3,0
802181fa,0
a18852b3,0
d1133c2a,0
9c6205b6,0
74d43823,0
899c4003,0
2e43101a,0
6537ac46,0
e70dfcd7,0
6bc8fa28,0
4a722c92,0
b48a4c46,0
ea21e5d0,0
e6ab0aff,0
c0b92b38,0
37e30b59,0
549419cc,0
4904c0cf,0
08a99354,0
3a875a77,0
e217545d,0
d058787a,0
e99e7894,0
ed02de8d,0
b4e64ada,0
12148de9,0
20d419d3,0
802181fa,0
a18852b3,0
d1133c2a,0
9c6205b6,0
a176d993,0
74d43823,0
899c4003,0
2e43101a,0
6537ac46,0
e70dfcd7,0
6bc8fa28,0
4a722c92,0
b48a4c46,0
ea21e5d0,0
0cce906f,0
4d49bbb3,0
37e30b59,0
549419cc,0
4904c0cf,0
08a99354,0
79e02a53,0
e217545d,0
399e193e,0
e99e7894,0
ed02de8d,0
b4e64ada,0
12148de9,0
20d419d3,0
802181fa,0
a18852b3,0
d1133c2a,0
9c6205b6,0
74d43823,0
899c4003,0
2e43101a,0
6537ac46,0
e70dfcd7,0
6bc8fa28,0
4a722c92,0
b48a4c46,0
ea21e5d0,0
2137bb27,0
44c444af,0
37e30b59,0
549419cc,0
4904c0cf,0
08a99354,0
e217545d,0
e99e7894,0
ed02de8d,0
b4e64ada,0
12148de9,0
20d419d3,0
802181fa,0
a18852b3,0
d1133c2a,0
9c6205b6,0
de1267aa,0
74d43823,0
899c4003,0
2e43101a,0
6537ac46,0
e70dfcd7,0
6bc8fa28,0
4a722c92,0
b48a4c46,0
ea21e5d0,0
40026a53,0
763461c9,0
37e30b59,0
549419cc,0
4904c0cf,0
08a99354,0
651c8243,0
e217545d,0
257ce8ba,0
e99e7894,0
ed02de8d,0
b4e64ada,0
12148de9,0
20d419d3,0
802181fa,0
a18852b3,0
d1133c2a,0
9c6205b6,0
74d43823,0
899c4003,0
2e43101a,0
6537ac46,0
e70dfcd7,0
6bc8fa28,0
4a722c92,0
b48a4c46,0
ea21e5d0,0
d4ec412d,0
54f6ecee,0
37e30b59,0
549419cc,0
4904c0cf,0
08a99354,0
e217545d,0
dae9f3d0,0
e99e7894,0
ed02de8d,0
b4e64ada,0
12148de9,0
20d419d3,0
802181fa,0
a18852b3,0
d1133c2a,0
9c6205b6,0
74d43823,0
899c4003,0
2e43101a,0
6537ac46,0
e70dfcd7,0
6bc8fa28,0
4a722c92,0
b48a4c46,0
ea21e5d0,0
789d7cd0,0
cae3517c,0
614e2666,0
549419cc,0
4904c0cf,0
08a99354,0
16e1bd3a,0
e217545d,0
e99e7894,0
ed02de8d,0
b4e64ada,0
12148de9,0
20d419d3,0
802181fa,0
a18852b3,0
d1133c2a,0
9c6205b6,0
548d2b76,0
74d43823,0
899c4003,0
2e43101a,0
6537ac46,0
e70dfcd7,0
6bc8fa28,0
4a722c92,0
b48a4c46,0
ea21e5d0,0
d0e832a1,0
a147e064,0
614e2666,0
549419cc,0
4904c0cf,0
08a99354,0
e217545d,0
ab0b94b8,0
e99e7894,0
ed02de8d,0
b4e64ada,0
12148de9,0
20d419d3,0
802181fa,0
a18852b3,0
d1133c2a,0
9c6205b6,0
5e142e45,0
74d43823,0
899c4003,0
2e43101a,0
6537ac46,0
e70dfcd7,0
6bc8fa28,0
4a722c92,0
b48a4c46,0
ea21e5d0,0
de75071e,0
e38b931b,0
37e30b59,0
549419cc,0
4904c0cf,0
08a99354,0
1d5c2cc3,0
e217545d,0
43fb5274,0
e99e7894,0
ed02de8d,0
b4e64ada,0
12148de9,0
20d419d3,0
802181fa,0
a18852b3,0
d1133c2a,0
9c6205b6,0
0bb5b79a,0
74d43823,0
899c4003,0
2e43101a,0
6537ac46,0
e70dfcd7,0
6bc8fa28,0
4a722c92,0
b48a4c46,0
ea21e5d0,0
a7f0c188,0
170a1f1d,0
614e2666,0
549419cc,0
4904c0cf,0
08a99354,0
e217545d,0
e99e7894,0
ed02de8d,0
b4e64ada,0
12148de9,0
20d419d3,0
802181fa,0
a18852b3,0
d1133c2a,0
9c6205b6,0
4778be82,0
74d43823,0
899c4003,0
2e43101a,0
6537ac46,0
e70dfcd7,0
6bc8fa28,0
4a722c92,0
b48a4c46,0
ea21e5d0,0
7b2ba0d9,0
8362524d,0
37e30b59,0
549419cc,0
4904c0cf,0
08a99354,0
a82e1989,0
e217545d,0
83613570,0
e99e7894,0
ed02de8d,0
b4e64ada,0
12148de9,0
20d419d3,0
802181fa,0
a18852b3,0
d1133c2a,0
9c6205b6,0
74d43823,0
899c4003,0
2e43101a,0
6537ac46,0
e70dfcd7,0
6bc8fa28,0
4a722c92,0
b48a4c46,0
ea21e5d0,0
eceb8064,0
514667fa,0
37e30b59,0
549419cc,0
4904c0cf,0
08a99354,0
a64abce4,0
e217545d,0
535cfb25,0
e99e7894,0
ed02de8d,0
b4e64ada,0
12148de9,0
20d419d3,0
802181fa,0
a18852b3,0
d1133c2a,0
9c6205b6,0
74d43823,0
899c4003,0
2e43101a,0
6537ac46,0
e70dfcd7,0
6bc8fa28,0
4a722c92,0
b48a4c46,0
ea21e5d0,0
a525a2f6,0
5d023083,0
37e30b59,0
549419cc,0
4904c0cf,0
08a99354,0
5e20492c,0
e217545d,0
e99e7894,0
ed02de8d,0
b4e64ada,0
12148de9,0
20d419d3,0
802181fa,0
a18852b3,0
d1133c2a,0
9c6205b6,0
81530588,0
74d43823,0
899c4003,0
2e43101a,0
6537ac46,0
e70dfcd7,0
6bc8fa28,0
4a722c92,0
b48a4c46,0
ea21e5d0,0
d2e59f00,0
5f4085d7,0
37e30b59,0
549419cc,0
4904c0cf,0
08a99354,0
e217545d,0
e99e7894,0
ed02de8d,0
b4e64ada,0
12148de9,0
20d419d3,0
802181fa,0
a18852b3,0
d1133c2a,0
9c6205b6,0
00b0dd77,0
74d43823,0
899c4003,0
2e43101a,0
6537ac46,0
e70dfcd7,0
6bc8fa28,0
4a722c92,0
b48a4c46,0
ea21e5d0,0
ea6945b2,0
ead293f3,0
37e30b59,0
549419cc,0
4904c0cf,0
08a99354,0
ceab4601,0
e217545d,0
e99e7894,0
ed02de8d,0
b4e64ada,0
12148de9,0
20d419d3,0
802181fa,0
a18852b3,0
d1133c2a,0
9c6205b6,0
837cbd6e,0
74d43823,0
899c4003,0
2e43101a,0
6537ac46,0
e70dfcd7,0
6bc8fa28,0
4a722c92,0
b48a4c46,0
ea21e5d0,0
7d75ad8f,0
a880cc65,0
37e30b59,0
549419cc,0
4904c0cf,0
08a99354,0
e217545d,0
e99e7894,0
ed02de8d,0
b4e64ada,0
12148de9,0
20d419d3,0
802181fa,0
a18852b3,0
d1133c2a,0
9c6205b6,0
7eba0279,0
74d43823,0
899c4003,0
2e43101a,0
6537ac46,0
e70dfcd7,0
6bc8fa28,0
4a722c92,0
b48a4c46,0
ea21e5d0,0
f1b36b87,0
49dc8e91,0
614e2666,0
549419cc,0
4904c0cf,0
08a99354,0
e217545d,0
e99e7894,0
ed02de8d,0
b4e64ada,0
12148de9,0
20d419d3,0
802181fa,0
a18852b3,0
d1133c2a,0
9c6205b6,0
74d43823,0
899c4003,0
2e43101a,0
6537ac46,0
e70dfcd7,0
6bc8fa28,0
4a722c92,0
b48a4c46,0
ea21e5d0,0
91be55aa,0
97c53eac,0
37e30b59,0
549419cc,0
4904c0cf,0
08a99354,0
e217545d,0
e99e7894,0
ed02de8d,0
b4e64ada,0
12148de9,0
20d419d3,0
802181fa,0
a18852b3,0
d1133c2a,0
9c6205b6,0
9f28ec7c,0
74d43823,0
899c4003,0
2e43101a,0
6537ac46,0
e70dfcd7,0
6bc8fa28,0
4a722c92,0
b48a4c46,0
ea21e5d0,0
f698a587,0
e0119ab3,0
37e30b59,0
549419cc,0
4904c0cf,0
08a99354,0
119d03c1,0
e217545d,0
8579f91d,0
e99e7894,0
ed02de8d,0
b4e64ada,0
12148de9,0
20d419d3,0
802181fa,0
a18852b3,0
d1133c2a,0
9c6205b6,0
1aab3e98,0
74d43823,0
899c4003,0
2e43101a,0
6537ac46,0
e70dfcd7,0
6bc8fa28,0
4a722c92,0
b48a4c46,0
ea21e5d0,0
551da246,0
bc36ada8,0
37e30b59,0
549419cc,0
4904c0cf,0
08a99354,0
54037dab,0
e217545d,0
5643834c,0
e99e7894,0
ed02de8d,0
b4e64ada,0
12148de9,0
20d419d3,0
802181fa,0
a18852b3,0
d1133c2a,0
9c6205b6,0
74d43823,0
899c4003,0
2e43101a,0
6537ac46,0
e70dfcd7,0
6bc8fa28,0
4a722c92,0
b48a4c46,0
ea21e5d0,0
418fb42d,0
22f67e93,0
37e30b59,0
549419cc,0
4904c0cf,0
08a99354,0
ab2870bd,0
e217545d,0
aa4ed64c,0
e99e7894,0
ed02de8d,0
b4e64ada,0
12148de9,0
20d419d3,0
802181fa,0
a18852b3,0
d1133c2a,0
9c6205b6,0
74d43823,0
899c4003,0
2e43101a,0
6537ac46,0
e70dfcd7,0
6bc8fa28,0
4a722c92,0
b48a4c46,0
ea21e5d0,0
d8714f46,0
38ce85d1,0
37e30b59,0
549419cc,0
4904c0cf,0
08a99354,0
e217545d,0
e99e7894,0
ed02de8d,0
b4e64ada,0
12148de9,0
20d419d3,0
802181fa,0
a18852b3,0
d1133c2a,0
9c6205b6,0
74d43823,0
899c4003,0
2e43101a,0
6537ac46,0
e70dfcd7,0
6bc8fa28,0
4a722c92,0
b48a4c46,0
ea21e5d0,0
68a8913e,0
05f9ae04,0
614e2666,0
549419cc,0
4904c0cf,0
08a99354,0
e217545d,0
c45a53d5,0
e99e7894,0
ed02de8d,0
b4e64ada,0
12148de9,0
20d419d3,0
802181fa,0
a18852b3,0
d1133c2a,0
9c6205b6,0
5254b24c,0
74d43823,0
899c4003,0
2e43101a,0
6537ac46,0
e70dfcd7,0
6bc8fa28,0
4a722c92,0
b48a4c46,0
ea21e5d0,0
46b60ec5,0
87b80360,0
614e2666,0
549419cc,0
4904c0cf,0
08a99354,0
76b86301,0
e217545d,0
186ecc24,0
e99e7894,0
ed02de8d,0
b4e64ada,0
12148de9,0
20d419d3,0
802181fa,0
a18852b3,0
d1133c2a,0
9c6205b6,0
74d43823,0
899c4003,0
2e43101a,0
6537ac46,0
e70dfcd7,0
6bc8fa28,0
4a722c92,0
b48a4c46,0
ea21e5d0,0
31e45264,0
ae8e72ce,0
614e2666,0
549419cc,0
4904c0cf,0
08a99354,0
8e72e228,0
e217545d,0
32251de4,0
e99e7894,0
ed02de8d,0
b4e64ada,0
12148de9,0
20d419d3,0
802181fa,0
a18852b3,0
d1133c2a,0
9c6205b6,0
74d43823,0
899c4003,0
2e43101a,0
6537ac46,0
e70dfcd7,0
6bc8fa28,0
4a722c92,0
b48a4c46,0
ea21e5d0,0
e78f871e,0
5885d833,0
37e30b59,0
549419cc,0
4904c0cf,0
08a99354,0
2280861d,0
e217545d,0
50ad73aa,0
e99e7894,0
ed02de8d,0
b4e64ada,0
12148de9,0
20d419d3,0
802181fa,0
a18852b3,0
d1133c2a,0
9c6205b6,0
74d43823,0
899c4003,0
2e43101a,0
6537ac46,0
e70dfcd7,0
6bc8fa28,0
4a722c92,0
b48a4c46,0
ea21e5d0,0
cbdd8a3e,0
61b150a0,0
614e2666,0
549419cc,0
4904c0cf,0
08a99354,0
e217545d,0
e99e7894,0
ed02de8d,0
b4e64ada,0
12148de9,0
20d419d3,0
802181fa,0
a18852b3,0
d1133c2a,0
9c6205b6,0
9574d178,0
74d43823,0
899c4003,0
2e43101a,0
6537ac46,0
e70dfcd7,0
6bc8fa28,0
4a722c92,0
b48a4c46,0
ea21e5d0,0
366b8f62,0
f9dcf8f1,0
37e30b59,0
549419cc,0
4904c0cf,0
08a99354,0
e217545d,0
e99e7894,0
ed02de8d,0
b4e64ada,0
12148de9,0
20d419d3,0
802181fa,0
a18852b3,0
d1133c2a,0
9c6205b6,0
945171d3,0
74d43823,0
899c4003,0
2e43101a,0
6537ac46,0
e70dfcd7,0
6bc8fa28,0
4a722c92,0
b48a4c46,0
ea21e5d0,0
a439ee39,0
dc7a095b,0
37e30b59,0
549419cc,0
4904c0cf,0
08a99354,0
e217545d,0
6cb76ddd,0
e99e7894,0
ed02de8d,0
b4e64ada,0
12148de9,0
20d419d3,0
802181fa,0
a18852b3,0
d1133c2a,0
9c6205b6,0
74d43823,0
899c4003,0
2e43101a,0
6537ac46,0
e70dfcd7,0
6bc8fa28,0
4a722c92,0
b48a4c46,0
ea21e5d0,0
c39a55ee,0
0a1cc0e2,0
614e2666,0
549419cc,0
4904c0cf,0
08a99354,0
73b2ec50,0
e217545d,0
9d290414,0
e99e7894,0
ed02de8d,0
b4e64ada,0
12148de9,0
20d419d3,0
802181fa,0
a18852b3,0
d1133c2a,0
9c6205b6,0
74d43823,0
899c4003,0
2e43101a,0
6537ac46,0
e70dfcd7,0
6bc8fa28,0
4a722c92,0
b48a4c46,0
ea21e5d0,0
adefc72c,0
13879999,0
614e2666,0
549419cc,0
4904c0cf,0
08a99354,0
e217545d,0
3ec7721f,0
e99e7894,0
ed02de8d,0
b4e64ada,0
12148de9,0
20d419d3,0
802181fa,0
a18852b3,0
d1133c2a,0
9c6205b6,0
13ba7c29,0
74d43823,0
899c4003,0
2e43101a,0
6537ac46,0
e70dfcd7,0
6bc8fa28,0
4a722c92,0
b48a4c46,0
ea21e5d0,0
5e41624e,0
84c1ea71,0
37e30b59,0
549419cc,0
4904c0cf,0
08a99354,0
d51fee7d,0
e217545d,0
c09b5b3a,0
e99e7894,0
ed02de8d,0
b4e64ada,0
12148de9,0
20d419d3,0
802181fa,0
a18852b3,0
d1133c2a,0
9c6205b6,0
ec60e2e9,0
74d43823,0
899c4003,0
2e43101a,0
6537ac46,0
e70dfcd7,0
6bc8fa28,0
4a722c92,0
b48a4c46,0
ea21e5d0,0
c7e824be,0
31cb5416,0
37e30b59,0
549419cc,0
4904c0cf,0
08a99354,0
b6b0e209,0
e217545d,0
f5dbbf83,0
e99e7894,0
ed02de8d,0
b4e64ada,0
12148de9,0
20d419d3,0
802181fa,0
a18852b3,0
d1133c2a,0
9c6205b6,0
e9cbf7b8,0
74d43823,0
899c4003,0
2e43101a,0
6537ac46,0
e70dfcd7,0
6bc8fa28,0
4a722c92,0
b48a4c46,0
ea21e5d0,0
d7f8b45b,0
511a472a,0
614e2666,0
549419cc,0
4904c0cf,0
08a99354,0
f2e8473c,0
e217545d,0
76724c00,0
e99e7894,0
ed02de8d,0
b4e64ada,0
12148de9,0
20d419d3,0
802181fa,0
a18852b3,0
d1133c2a,0
9c6205b6,0
7ce05d0f,0
74d43823,0
899c4003,0
2e43101a,0
6537ac46,0
e70dfcd7,0
6bc8fa28,0
4a722c92,0
b48a4c46,0
ea21e5d0,0
b0d10c86,0
781754a2,0
37e30b59,0
549419cc,0
4904c0cf,0
08a99354,0
a5b22947,0
e217545d,0
c33f1363,0
e99e7894,0
ed02de8d,0
b4e64ada,0
12148de9,0
20d419d3,0
802181fa,0
a18852b3,0
d1133c2a,0
9c6205b6,0
aec8a6c1,0
74d43823,0
899c4003,0
2e43101a,0
6537ac46,0
e70dfcd7,0
6bc8fa28,0
4a722c92,0
b48a4c46,0
ea21e5d0,0
01f04bb9,0
3c3cdca4,0
614e2666,0
549419cc,0
4904c0cf,0
08a99354,0
794e37e7,0
e217545d,0
e99e7894,0
ed02de8d,0
b4e64ada,0
12148de9,0
20d419d3,0
802181fa,0
a18852b3,0
d1133c2a,0
9c6205b6,0
b4302abe,0
74d43823,0
899c4003,0
2e43101a,0
6537ac46,0
e70dfcd7,0
6bc8fa28,0
4a722c92,0
b48a4c46,0
ea21e5d0,0
f4dd0fa8,0
e96edd30,0
614e2666,0
549419cc,0
4904c0cf,0
08a99354,0
e52d7ad8,0
e217545d,0
e99e7894,0
ed02de8d,0
b4e64ada,0
12148de9,0
20d419d3,0
802181fa,0
a18852b3,0
d1133c2a,0
9c6205b6,0
48627cd7,0
74d43823,0
899c4003,0
2e43101a,0
6537ac46,0
e70dfcd7,0
6bc8fa28,0
4a722c92,0
b48a4c46,0
ea21e5d0,0
f4315ea9,0
7eab111b,0
614e2666,0
549419cc,0
4904c0cf,0
08a99354,0
e217545d,0
568d6444,0
e99e7894,0
ed02de8d,0
b4e64ada,0
12148de9,0
20d419d3,0
802181fa,0
a18852b3,0
d1133c2a,0
9c6205b6,0
eda7d418,0
74d43823,0
899c4003,0
2e43101a,0
6537ac46,0
e70dfcd7,0
6bc8fa28,0
4a722c92,0
b48a4c46,0
ea21e5d0,0
d4e4e48d,0
b89b6497,0
614e2666,0
549419cc,0
4904c0cf,0
08a99354,0
e217545d,0
e99e7894,0
ed02de8d,0
b4e64ada,0
12148de9,0
20d419d3,0
802181fa,0
a18852b3,0
d1133c2a,0
9c6205b6,0
0eefdf12,0
74d43823,0
899c4003,0
2e43101a,0
6537ac46,0
e70dfcd7,0
6bc8fa28,0
4a722c92,0
b48a4c46,0
ea21e5d0,0
581543fc,0
51d3980b,0
37e30b59,0
549419cc,0
4904c0cf,0
08a99354,0
3dd815d6,0
e217545d,0
097edff2,0
e99e7894,0
ed02de8d,0
b4e64ada,0
12148de9,0
20d419d3,0
802181fa,0
a18852b3,0
d1133c2a,0
9c6205b6,0
3e5e85b6,0
74d43823,0
899c4003,0
2e43101a,0
6537ac46,0
e70dfcd7,0
6bc8fa28,0
4a722c92,0
b48a4c46,0
ea21e5d0,0
e7eec150,0
0b00604c,0
37e30b59,0
549419cc,0
4904c0cf,0
08a99354,0
97ea9b84,0
e217545d,0
20fda6ce,0
e99e7894,0
ed02de8d,0
b4e64ada,0
12148de9,0
20d419d3,0
802181fa,0
a18852b3,0
d1133c2a,0
9c6205b6,0
74d43823,0
899c4003,0
2e43101a,0
6537ac46,0
e70dfcd7,0
6bc8fa28,0
4a722c92,0
b48a4c46,0
ea21e5d0,0
81751a2c,0
0197062c,0
614e2666,0
549419cc,0
4904c0cf,0
08a99354,0
e217545d,0
fda609b6,0
e99e7894,0
ed02de8d,0
b4e64ada,0
12148de9,0
20d419d3,0
802181fa,0
a18852b3,0
d1133c2a,0
9c6205b6,0
218a8d0f,0
74d43823,0
899c4003,0
2e43101a,0
6537ac46,0
e70dfcd7,0
6bc8fa28,0
4a722c92,0
b48a4c46,0
ea21e5d0,0
f1d461ee,0
93190c2c,0
37e30b59,0
549419cc,0
4904c0cf,0
08a99354,0
e217545d,0
9f22a101,0
e99e7894,0
ed02de8d,0
b4e64ada,0
12148de9,0
20d419d3,0
802181fa,0
a18852b3,0
d1133c2a,0
9c6205b6,0
c3b55dcc,0
74d43823,0
899c4003,0
2e43101a,0
6537ac46,0
e70dfcd7,0
6bc8fa28,0
4a722c92,0
b48a4c46,0
ea21e5d0,0
abbe7c16,0
67e39627,0
37e30b59,0
549419cc,0
4904c0cf,0
08a99354,0
4f7c9dd0,0
e217545d,0
e99e7894,0
ed02de8d,0
b4e64ada,0
12148de9,0
20d419d3,0
802181fa,0
a18852b3,0
d1133c2a,0
9c6205b6,0
1aaf4dbb,0
74d43823,0
899c4003,0
2e43101a,0
6537ac46,0
e70dfcd7,0
6bc8fa28,0
4a722c92,0
b48a4c46,0
ea21e5d0,0
5def9d7b,0
3b724e31,0
614e2666,0
549419cc,0
4904c0cf,0
08a99354,0
b21e08e6,0
e217545d,0
e99e7894,0
ed02de8d,0
b4e64ada,0
12148de9,0
20d419d3,0
802181fa,0
a18852b3,0
d1133c2a,0
9c6205b6,0
74d43823,0
899c4003,0
2e43101a,0
6537ac46,0
e70dfcd7,0
6bc8fa28,0
4a722c92,0
b48a4c46,0
ea21e5d0,0
b12c8a29,0
caef1114,0
37e30b59,0
549419cc,0
4904c0cf,0
08a99354,0
e217545d,0
bc97a1f7,0
e99e7894,0
ed02de8d,0
b4e64ada,0
12148de9,0
20d419d3,0
802181fa,0
a18852b3,0
d1133c2a,0
9c6205b6,0
1467a7a4,0
74d43823,0
899c4003,0
2e43101a,0
6537ac46,0
e70dfcd7,0
6bc8fa28,0
4a722c92,0
b48a4c46,0
ea21e5d0,0
4c106f59,0
c8a831c0,0
37e30b59,0
549419cc,0
4904c0cf,0
08a99354,0
46c004bb,0
e217545d,0
fbbf204a,0
e99e7894,0
ed02de8d,0
b4e64ada,0
12148de9,0
20d419d3,0
802181fa,0
a18852b3,0
d1133c2a,0
9c6205b6,0
5bee9671,0
74d43823,0
899c4003,0
2e43101a,0
6537ac46,0
e70dfcd7,0
6bc8fa28,0
4a722c92,0
b48a4c46,0
ea21e5d0,0
b7a0d7a7,0
5648a534,0
614e2666,0
549419cc,0
4904c0cf,0
08a99354,0
ab15baa7,0
e217545d,0
329ce291,0
e99e7894,0
ed02de8d,0
b4e64ada,0
12148de9,0
20d419d3,0
802181fa,0
a18852b3,0
d1133c2a,0
9c6205b6,0
c8534ceb,0
74d43823,0
899c4003,0
2e43101a,0
6537ac46,0
e70dfcd7,0
6bc8fa28,0
4a722c92,0
b48a4c46,0
ea21e5d0,0
c1415ff5,0
44044ca3,0
614e2666,0
549419cc,0
4904c0cf,0
08a99354,0
bec52001,0
e217545d,0
56165316,0
e99e7894,0
ed02de8d,0
b4e64ada,0
12148de9,0
20d419d3,0
802181fa,0
a18852b3,0
d1133c2a,0
9c6205b6,0
310e6c46,0
74d43823,0
899c4003,0
2e43101a,0
6537ac46,0
e70dfcd7,0
6bc8fa28,0
4a722c92,0
b48a4c46,0
ea21e5d0,0
d0d9b0d0,0
9f043294,0
37e30b59,0
549419cc,0
4904c0cf,0
08a99354,0
499950e7,0
e217545d,0
5da678d3,0
e99e7894,0
ed02de8d,0
b4e64ada,0
12148de9,0
20d419d3,0
802181fa,0
a18852b3,0
d1133c2a,0
9c6205b6,0
e8acd4c1,0
74d43823,0
899c4003,0
2e43101a,0
6537ac46,0
e70dfcd7,0
6bc8fa28,0
4a722c92,0
b48a4c46,0
ea21e5d0,0
d9b59e01,0
44f9c80b,0
37e30b59,0
549419cc,0
4904c0cf,0
08a99354,0
e217545d,0
febc1fa0,0
e99e7894,0
ed02de8d,0
b4e64ada,0
12148de9,0
20d419d3,0
802181fa,0
a18852b3,0
d1133c2a,0
9c6205b6,0
74d43823,0
899c4003,0
2e43101a,0
6537ac46,0
e70dfcd7,0
6bc8fa28,0
4a722c92,0
b48a4c46,0
ea21e5d0,0
02058f81,0
59080323,0
614e2666,0
549419cc,0
4904c0cf,0
08a99354,0
e217545d,0
575c48e8,0
e99e7894,0
ed02de8d,0
b4e64ada,0
12148de9,0
20d419d3,0
802181fa,0
a18852b3,0
d1133c2a,0
9c6205b6,0
74d43823,0
899c4003,0
2e43101a,0
6537ac46,0
e70dfcd7,0
6bc8fa28,0
4a722c92,0
b48a4c46,0
ea21e5d0,0
576bb96e,0
26297c70,0
37e30b59,0
549419cc,0
4904c0cf,0
08a99354,0
2629c7db,0
e217545d,0
375a992a,0
e99e7894,0
ed02de8d,0
b4e64ada,0
12148de9,0
20d419d3,0
802181fa,0
a18852b3,0
d1133c2a,0
9c6205b6,0
74d43823,0
899c4003,0
2e43101a,0
6537ac46,0
e70dfcd7,0
6bc8fa28,0
4a722c92,0
b48a4c46,0
ea21e5d0,0
f14c5cdf,0
f9566282,0
37e30b59,0
549419cc,0
4904c0cf,0
08a99354,0
e217545d,0
69a0b721,0
e99e7894,0
ed02de8d,0
b4e64ada,0
12148de9,0
20d419d3,0
802181fa,0
a18852b3,0
d1133c2a,0
9c6205b6,0
f4cc3605,0
74d43823,0
899c4003,0
2e43101a,0
6537ac46,0
e70dfcd7,0
6bc8fa28,0
4a722c92,0
b48a4c46,0
ea21e5d0,0
c0a9c850,0
75fbb1c0,0
37e30b59,0
549419cc,0
4904c0cf,0
08a99354,0
a654c25d,0
e217545d,0
e99e7894,0
ed02de8d,0
b4e64ada,0
12148de9,0
20d419d3,0
802181fa,0
a18852b3,0
d1133c2a,0
9c6205b6,0
74d43823,0
899c4003,0
2e43101a,0
6537ac46,0
e70dfcd7,0
6bc8fa28,0
4a722c92,0
b48a4c46,0
ea21e5d0,0
65727cf0,0
d5c80763,0
37e30b59,0
549419cc,0
4904c0cf,0
08a99354,0
e217545d,0
e99e7894,0
ed02de8d,0
b4e64ada,0
12148de9,0
20d419d3,0
802181fa,0
a18852b3,0
d1133c2a,0
9c6205b6,0
74d43823,0
899c4003,0
2e43101a,0
6537ac46,0
e70dfcd7,0
6bc8fa28,0
4a722c92,0
b48a4c46,0
ea21e5d0,0
69dec04b,0
739c10df,0
614e2666,0
549419cc,0
4904c0cf,0
08a99354,0
e217545d,0
41759399,0
e99e7894,0
ed02de8d,0
b4e64ada,0
12148de9,0
20d419d3,0
802181fa,0
a18852b3,0
d1133c2a,0
9c6205b6,0
07fce22f,0
74d43823,0
899c4003,0
2e43101a,0
6537ac46,0
e70dfcd7,0
6bc8fa28,0
4a722c92,0
b48a4c46,0
ea21e5d0,0
5cbf91e5,0
2ee87a58,0
37e30b59,0
549419cc,0
4904c0cf,0
08a99354,0
e217545d,0
e99e7894,0
ed02de8d,0
b4e64ada,0
12148de9,0
20d419d3,0
802181fa,0
a18852b3,0
d1133c2a,0
9c6205b6,0
74d43823,0
899c4003,0
2e43101a,0
6537ac46,0
e70dfcd7,0
6bc8fa28,0
4a722c92,0
b48a4c46,0
ea21e5d0,0
390a4825,0
a8815adc,0
37e30b59,0
549419cc,0
4904c0cf,0
08a99354,0
41992074,0
e217545d,0
2bb1beab,0
e99e7894,0
ed02de8d,0
b4e64ada,0
12148de9,0
20d419d3,0
802181fa,0
a18852b3,0
d1133c2a,0
9c6205b6,0
eea36225,0
74d43823,0
899c4003,0
2e43101a,0
6537ac46,0
e70dfcd7,0
6bc8fa28,0
4a722c92,0
b48a4c46,0
ea21e5d0,0
b1b5acc3,0
d2291bf8,0
614e2666,0
549419cc,0
4904c0cf,0
08a99354,0
e217545d,0
e99e7894,0
ed02de8d,0
b4e64ada,0
12148de9,0
20d419d3,0
802181fa,0
a18852b3,0
d1133c2a,0
9c6205b6,0
74d43823,0
899c4003,0
2e43101a,0
6537ac46,0
e70dfcd7,0
6bc8fa28,0
4a722c92,0
b48a4c46,0
ea21e5d0,0
d120f489,0
3035d624,0
37e30b59,0
549419cc,0
4904c0cf,0
08a99354,0
45363ac3,0
e217545d,0
e99e7894,0
ed02de8d,0
b4e64ada,0
12148de9,0
20d419d3,0
802181fa,0
a18852b3,0
d1133c2a,0
9c6205b6,0
198761fc,0
74d43823,0
899c4003,0
2e43101a,0
6537ac46,0
e70dfcd7,0
6bc8fa28,0
4a722c92,0
b48a4c46,0
ea21e5d0,0
04c0834a,0
e2fff6e7,0
614e2666,0
549419cc,0
4904c0cf,0
08a99354,0
acc846bb,0
e217545d,0
d0dffa74,0
e99e7894,0
ed02de8d,0
b4e64ada,0
12148de9,0
20d419d3,0
802181fa,0
a18852b3,0
d1133c2a,0
9c6205b6,0
74d43823,0
899c4003,0
2e43101a,0
6537ac46,0
e70dfcd7,0
6bc8fa28,0
4a722c92,0
b48a4c46,0
ea21e5d0,0
4c620437,0
bd1ae40f,0
37e30b59,0
549419cc,0
4904c0cf,0
08a99354,0
e217545d,0
22afec5b,0
e99e7894,0
ed02de8d,0
b4e64ada,0
12148de9,0
20d419d3,0
802181fa,0
a18852b3,0
d1133c2a,0
9c6205b6,0
75a21848,0
74d43823,0
899c4003,0
2e43101a,0
6537ac46,0
e70dfcd7,0
6bc8fa28,0
4a722c92,0
b48a4c46,0
ea21e5d0,0
1edc4dd4,0
75b9d744,0
614e2666,0
549419cc,0
4904c0cf,0
08a99354,0
e217545d,0
986f5c79,0
e99e7894,0
ed02de8d,0
b4e64ada,0
12148de9,0
20d419d3,0
802181fa,0
a18852b3,0
d1133c2a,0
9c6205b6,0
df966415,0
74d43823,0
899c4003,0
2e43101a,0
6537ac46,0
e70dfcd7,0
6bc8fa28,0
4a722c92,0
b48a4c46,0
ea21e5d0,0
ef86c09d,0
00c5e11e,0
37e30b59,0
549419cc,0
4904c0cf,0
08a99354,0
d9d2aaf0,0
e217545d,0
e99e7894,0
ed02de8d,0
b4e64ada,0
12148de9,0
20d419d3,0
802181fa,0
a18852b3,0
d1133c2a,0
9c6205b6,0
96df89c6,0
74d43823,0
899c4003,0
2e43101a,0
6537ac46,0
e70dfcd7,0
6bc8fa28,0
4a722c92,0
b48a4c46,0
ea21e5d0,0
24f353c7,0
0a34d36d,0
614e2666,0
549419cc,0
4904c0cf,0
08a99354,0
e217545d,0
e99e7894,0
ed02de8d,0
b4e64ada,0
12148de9,0
20d419d3,0
802181fa,0
a18852b3,0
d1133c2a,0
9c6205b6,0
deaff298,0
74d43823,0
899c4003,0
2e43101a,0
6537ac46,0
e70dfcd7,0
6bc8fa28,0
4a722c92,0
b48a4c46,0
ea21e5d0,0
db807790,0
199568f5,0
614e2666,0
549419cc,0
4904c0cf,0
08a99354,0
671db983,0
e217545d,0
751148bb,0
e99e7894,0
ed02de8d,0
b4e64ada,0
12148de9,0
20d419d3,0
802181fa,0
a18852b3,0
d1133c2a,0
9c6205b6,0
0a2dc874,0
74d43823,0
899c4003,0
2e43101a,0
6537ac46,0
e70dfcd7,0
6bc8fa28,0
4a722c92,0
b48a4c46,0
ea21e5d0,0
867afaa1,0
4fcf1710,0
614e2666,0
549419cc,0
4904c0cf,0
08a99354,0
29f032b8,0
e217545d,0
5fcb2a71,0
e99e7894,0
ed02de8d,0
b4e64ada,0
12148de9,0
20d419d3,0
802181fa,0
a18852b3,0
d1133c2a,0
9c6205b6,0
2a84c156,0
74d43823,0
899c4003,0
2e43101a,0
6537ac46,0
e70dfcd7,0
6bc8fa28,0
4a722c92,0
b48a4c46,0
ea21e5d0,0
0a2328be,0
a67acbc8,0
614e2666,0
549419cc,0
4904c0cf,0
08a99354,0
a4a566ea,0
e217545d,0
84f2e911,0
e99e7894,0
ed02de8d,0
b4e64ada,0
12148de9,0
20d419d3,0
802181fa,0
a18852b3,0
d1133c2a,0
9c6205b6,0
c2275a13,0
74d43823,0
899c4003,0
2e43101a,0
6537ac46,0
e70dfcd7,0
6bc8fa28,0
4a722c92,0
b48a4c46,0
ea21e5d0,0
e53e4a2d,0
eaec48a0,0
37e30b59,0
549419cc,0
4904c0cf,0
08a99354,0
e217545d,0
e99e7894,0
ed02de8d,0
b4e64ada,0
12148de9,0
20d419d3,0
802181fa,0
a18852b3,0
d1133c2a,0
9c6205b6,0
74d43823,0
899c4003,0
2e43101a,0
6537ac46,0
e70dfcd7,0
6bc8fa28,0
4a722c92,0
b48a4c46,0
ea21e5d0,0
57c0a45c,0
16d3c2a1,0
37e30b59,0
549419cc,0
4904c0cf,0
08a99354,0
f2af111b,0
e217545d,0
e99e7894,0
ed02de8d,0
b4e64ada,0
12148de9,0
20d419d3,0
802181fa,0
a18852b3,0
d1133c2a,0
9c6205b6,0
74d43823,0
899c4003,0
2e43101a,0
6537ac46,0
e70dfcd7,0
6bc8fa28,0
4a722c92,0
b48a4c46,0
ea21e5d0,0
e8a00e6f,0
614e2666,0
549419cc,0
4904c0cf,0
08a99354,0
e217545d,0
e99e7894,0
ed02de8d,0
b4e64ada,0
12148de9,0
20d419d3,0
802181fa,0
a18852b3,0
d1133c2a,0
9c6205b6,0
74d43823,0
899c4003,0
2e43101a,0
6537ac46,0
e70dfcd7,0
6bc8fa28,0
4a722c92,0
b48a4c46,0
ea21e5d0,0
7bade179,0
3f610c77,0
614e2666,0
549419cc,0
4904c0cf,0
08a99354,0
32aca7eb,0
e217545d,0
7fb4e320,0
e99e7894,0
ed02de8d,0
b4e64ada,0
12148de9,0
20d419d3,0
802181fa,0
a18852b3,0
d1133c2a,0
9c6205b6,0
74d43823,0
899c4003,0
2e43101a,0
6537ac46,0
e70dfcd7,0
6bc8fa28,0
4a722c92,0
b48a4c46,0
ea21e5d0,0
fa0215c7,0
331edfc2,0
614e2666,0
549419cc,0
4904c0cf,0
08a99354,0
6bedaa22,0
e217545d,0
e99e7894,0
ed02de8d,0
b4e64ada,0
12148de9,0
20d419d3,0
802181fa,0
a18852b3,0
d1133c2a,0
9c6205b6,0
b6a8baf0,0
74d43823,0
899c4003,0
2e43101a,0
6537ac46,0
e70dfcd7,0
6bc8fa28,0
4a722c92,0
b48a4c46,0
ea21e5d0,0
23b87bb5,0
37e30b59,0
549419cc,0
4904c0cf,0
08a99354,0
1591468f,0
e217545d,0
e99e7894,0
ed02de8d,0
b4e64ada,0
12148de9,0
20d419d3,0
802181fa,0
a18852b3,0
d1133c2a,0
9c6205b6,0
2fbd821d,0
74d43823,0
899c4003,0
2e43101a,0
6537ac46,0
e70dfcd7,0
6bc8fa28,0
4a722c92,0
b48a4c46,0
ea21e5d0,0
b5d84c75,0
c87dc39a,0
37e30b59,0
549419cc,0
4904c0cf,0
08a99354,0
c14f70fb,0
e217545d,0
9ba59a31,0
e99e7894,0
ed02de8d,0
b4e64ada,0
12148de9,0
20d419d3,0
802181fa,0
a18852b3,0
d1133c2a,0
9c6205b6,0
1d6e4549,0
74d43823,0
899c4003,0
2e43101a,0
6537ac46,0
e70dfcd7,0
6bc8fa28,0
4a722c92,0
b48a4c46,0
ea21e5d0,0
f39f7f52,0
1f04dd76,0
37e30b59,0
549419cc,0
4904c0cf,0
08a99354,0
c94cb762,0
e217545d,0
d42eedcd,0
e99e7894,0
ed02de8d,0
b4e64ada,0
12148de9,0
20d419d3,0
802181fa,0
a18852b3,0
d1133c2a,0
9c6205b6,0
74d43823,0
899c4003,0
2e43101a,0
6537ac46,0
e70dfcd7,0
6bc8fa28,0
4a722c92,0
b48a4c46,0
ea21e5d0,0
121ccbd5,0
cc9e39f2,0
37e30b59,0
549419cc,0
4904c0cf,0
08a99354,0
e217545d,0
e99e7894,0
ed02de8d,0
b4e64ada,0
12148de9,0
20d419d3,0
802181fa,0
a18852b3,0
d1133c2a,0
9c6205b6,0
60cd516b,0
74d43823,0
899c4003,0
2e43101a,0
6537ac46,0
e70dfcd7,0
6bc8fa28,0
4a722c92,0
b48a4c46,0
ea21e5d0,0
56244780,0
87187572,0
614e2666,0
549419cc,0
4904c0cf,0
08a99354,0
e217545d,0
75c9d75f,0
e99e7894,0
ed02de8d,0
b4e64ada,0
12148de9,0
20d419d3,0
802181fa,0
a18852b3,0
d1133c2a,0
9c6205b6,0
74d43823,0
899c4003,0
2e43101a,0
6537ac46,0
e70dfcd7,0
6bc8fa28,0
4a722c92,0
b48a4c46,0
ea21e5d0,0
399b922a,0
63980901,0
614e2666,0
549419cc,0
4904c0cf,0
08a99354,0
e217545d,0
e99e7894,0
ed02de8d,0
b4e64ada,0
12148de9,0
20d419d3,0
802181fa,0
a18852b3,0
d1133c2a,0
9c6205b6,0
0ca64681,0
74d43823,0
899c4003,0
2e43101a,0
6537ac46,0
e70dfcd7,0
6bc8fa28,0
4a722c92,0
b48a4c46,0
ea21e5d0,0
b1db59f0,0
6cea9a9c,0
37e30b59,0
549419cc,0
4904c0cf,0
08a99354,0
e217545d,0
d42fd14c,0
e99e7894,0
ed02de8d,0
b4e64ada,0
12148de9,0
20d419d3,0
802181fa,0
a18852b3,0
d1133c2a,0
9c6205b6,0
74d43823,0
899c4003,0
2e43101a,0
6537ac46,0
e70dfcd7,0
6bc8fa28,0
4a722c92,0
b48a4c46,0
ea21e5d0,0
4b4a0491,0
a175597b,0
37e30b59,0
549419cc,0
4904c0cf,0
08a99354,0
e217545d,0
082d41b3,0
e99e7894,0
ed02de8d,0
b4e64ada,0
12148de9,0
20d419d3,0
802181fa,0
a18852b3,0
d1133c2a,0
9c6205b6,0
74d43823,0
899c4003,0
2e43101a,0
6537ac46,0
e70dfcd7,0
6bc8fa28,0
4a722c92,0
b48a4c46,0
ea21e5d0,0
55cf00a1,0
c752f8ad,0
37e30b59,0
549419cc,0
4904c0cf,0
08a99354,0
624cc181,0
e217545d,0
bed19dd9,0
e99e7894,0
ed02de8d,0
b4e64ada,0
12148de9,0
20d419d3,0
802181fa,0
a18852b3,0
d1133c2a,0
9c6205b6,0
74d43823,0
899c4003,0
2e43101a,0
6537ac46,0
e70dfcd7,0
6bc8fa28,0
4a722c92,0
b48a4c46,0
ea21e5d0,0
9dd9ed3a,0
5dc7e9b3,0
614e2666,0
549419cc,0
4904c0cf,0
08a99354,0
e217545d,0
5175188d,0
e99e7894,0
ed02de8d,0
b4e64ada,0
12148de9,0
20d419d3,0
802181fa,0
a18852b3,0
d1133c2a,0
9c6205b6,0
3f34b831,0
74d43823,0
899c4003,0
2e43101a,0
6537ac46,0
e70dfcd7,0
6bc8fa28,0
4a722c92,0
b48a4c46,0
ea21e5d0,0
76ea3645,0
03ca8084,0
614e2666,0
549419cc,0
4904c0cf,0
08a99354,0
4c4f959c,0
e217545d,0
6b4e8b98,0
e99e7894,0
ed02de8d,0
b4e64ada,0
12148de9,0
20d419d3,0
802181fa,0
a18852b3,0
d1133c2a,0
9c6205b6,0
d069d705,0
74d43823,0
899c4003,0
2e43101a,0
6537ac46,0
e70dfcd7,0
6bc8fa28,0
4a722c92,0
b48a4c46,0
ea21e5d0,0
862661e4,0
4af53bdf,0
37e30b59,0
549419cc,0
4904c0cf,0
08a99354,0
e217545d,0
8e42c3d1,0
e99e7894,0
ed02de8d,0
b4e64ada,0
12148de9,0
20d419d3,0
802181fa,0
a18852b3,0
d1133c2a,0
9c6205b6,0
9a00552f,0
74d43823,0
899c4003,0
2e43101a,0
6537ac46,0
e70dfcd7,0
6bc8fa28,0
4a722c92,0
b48a4c46,0
ea21e5d0,0
a90321d0,0
de6cb500,0
614e2666,0
549419cc,0
4904c0cf,0
08a99354,0
08c60465,0
e217545d,0
6819aeb8,0
e99e7894,0
ed02de8d,0
b4e64ada,0
12148de9,0
20d419d3,0
802181fa,0
a18852b3,0
d1133c2a,0
9c6205b6,0
641ceb77,0
74d43823,0
899c4003,0
2e43101a,0
6537ac46,0
e70dfcd7,0
6bc8fa28,0
4a722c92,0
b48a4c46,0
ea21e5d0,0
e6f05af8,0
64f83cee,0
614e2666,0
549419cc,0
4904c0cf,0
08a99354,0
da181d23,0
e217545d,0
e99e7894,0
ed02de8d,0
b4e64ada,0
12148de9,0
20d419d3,0
802181fa,0
a18852b3,0
d1133c2a,0
9c6205b6,0
e0274640,0
74d43823,0
899c4003,0
2e43101a,0
6537ac46,0
e70dfcd7,0
6bc8fa28,0
4a722c92,0
b48a4c46,0
ea21e5d0,0
2d3d945e,0
e1187f79,0
37e30b59,0
549419cc,0
4904c0cf,0
08a99354,0
e217545d,0
e99e7894,0
ed02de8d,0
b4e64ada,0
12148de9,0
20d419d3,0
802181fa,0
a18852b3,0
d1133c2a,0
9c6205b6,0
74d43823,0
899c4003,0
2e43101a,0
6537ac46,0
e70dfcd7,0
6bc8fa28,0
4a722c92,0
b48a4c46,0
ea21e5d0,0
6879cc47,0
ef335574,0
37e30b59,0
549419cc,0
4904c0cf,0
08a99354,0
dd0901eb,0
e217545d,0
5a5c0da9,0
e99e7894,0
ed02de8d,0
b4e64ada,0
12148de9,0
20d419d3,0
802181fa,0
a18852b3,0
d1133c2a,0
9c6205b6,0
a8d20923,0
74d43823,0
899c4003,0
2e43101a,0
6537ac46,0
e70dfcd7,0
6bc8fa28,0
4a722c92,0
b48a4c46,0
ea21e5d0,0
6d0b9d4a,0
79a87d01,0
37e30b59,0
549419cc,0
4904c0cf,0
08a99354,0
e217545d,0
e99e7894,0
ed02de8d,0
b4e64ada,0
12148de9,0
20d419d3,0
802181fa,0
a18852b3,0
d1133c2a,0
9c6205b6,0
da82723b,0
74d43823,0
899c4003,0
2e43101a,0
6537ac46,0
e70dfcd7,0
6bc8fa28,0
4a722c92,0
b48a4c46,0
ea21e5d0,0
f5e02e29,0
599a4363,0
37e30b59,0
549419cc,0
4904c0cf,0
08a99354,0
e217545d,0
e99e7894,0
ed02de8d,0
b4e64ada,0
12148de9,0
20d419d3,0
802181fa,0
a18852b3,0
d1133c2a,0
9c6205b6,0
1b5d2244,0
74d43823,0
899c4003,0
2e43101a,0
6537ac46,0
e70dfcd7,0
6bc8fa28,0
4a722c92,0
b48a4c46,0
ea21e5d0,0
e892aa1a,0
d895b247,0
37e30b59,0
549419cc,0
4904c0cf,0
08a99354,0
ae0723ee,0
e217545d,0
2b37bf54,0
e99e7894,0
ed02de8d,0
b4e64ada,0
12148de9,0
20d419d3,0
802181fa,0
a18852b3,0
d1133c2a,0
9c6205b6,0
4a691948,0
74d43823,0
899c4003,0
2e43101a,0
6537ac46,0
e70dfcd7,0
6bc8fa28,0
4a722c92,0
b48a4c46,0
ea21e5d0,0
150fde8d,0
a99156a1,0
614e2666,0
549419cc,0
4904c0cf,0
08a99354,0
926dff62,0
e217545d,0
e99e7894,0
ed02de8d,0
b4e64ada,0
12148de9,0
20d419d3,0
802181fa,0
a18852b3,0
d1133c2a,0
9c6205b6,0
8e6008b9,0
74d43823,0
899c4003,0
2e43101a,0
6537ac46,0
e70dfcd7,0
6bc8fa28,0
4a722c92,0
b48a4c46,0
ea21e5d0,0
ac16ac5c,0
de7b7364,0
614e2666,0
549419cc,0
4904c0cf,0
08a99354,0
bcda826b,0
e217545d,0
1802897e,0
e99e7894,0
ed02de8d,0
b4e64ada,0
12148de9,0
20d419d3,0
802181fa,0
a18852b3,0
d1133c2a,0
9c6205b6,0
ded83ab0,0
74d43823,0
899c4003,0
2e43101a,0
6537ac46,0
e70dfcd7,0
6bc8fa28,0
4a722c92,0
b48a4c46,0
ea21e5d0,0
f780b422,0
b420b0ef,0
37e30b59,0
549419cc,0
4904c0cf,0
08a99354,0
aa30807f,0
e217545d,0
e99e7894,0
ed02de8d,0
b4e64ada,0
12148de9,0
20d419d3,0
802181fa,0
a18852b3,0
d1133c2a,0
9c6205b6,0
3981d3f7,0
74d43823,0
899c4003,0
2e43101a,0
6537ac46,0
e70dfcd7,0
6bc8fa28,0
4a722c92,0
b48a4c46,0
ea21e5d0,0
1f4c091d,0
7eed2f9b,0
614e2666,0
549419cc,0
4904c0cf,0
08a99354,0
2dab5480,0
e217545d,0
e99e7894,0
ed02de8d,0
b4e64ada,0
12148de9,0
20d419d3,0
802181fa,0
a18852b3,0
d1133c2a,0
9c6205b6,0
74d43823,0
899c4003,0
2e43101a,0
6537ac46,0
e70dfcd7,0
6bc8fa28,0
4a722c92,0
b48a4c46,0
ea21e5d0,0
c1164f59,0
daa73a72,0
37e30b59,0
549419cc,0
4904c0cf,0
08a99354,0
e217545d,0
e99e7894,0
ed02de8d,0
b4e64ada,0
12148de9,0
20d419d3,0
802181fa,0
a18852b3,0
d1133c2a,0
9c6205b6,0
74d43823,0
899c4003,0
2e43101a,0
6537ac46,0
e70dfcd7,0
6bc8fa28,0
4a722c92,0
b48a4c46,0
ea21e5d0,0
e48d4444,0
12a39426,0
37e30b59,0
549419cc,0
4904c0cf,0
08a99354,0
67832bbe,0
e217545d,0
9c9f04e8,0
e99e7894,0
ed02de8d,0
b4e64ada,0
12148de9,0
20d419d3,0
802181fa,0
a18852b3,0
d1133c2a,0
9c6205b6,0
3d42aaed,0
74d43823,0
899c4003,0
2e43101a,0
6537ac46,0
e70dfcd7,0
6bc8fa28,0
4a722c92,0
b48a4c46,0
ea21e5d0,0
186df48e,0
357fcbd7,0
614e2666,0
549419cc,0
4904c0cf,0
08a99354,0
e217545d,0
e99e7894,0
ed02de8d,0
b4e64ada,0
12148de9,0
20d419d3,0
802181fa,0
a18852b3,0
d1133c2a,0
9c6205b6,0
95cda198,0
74d43823,0
899c4003,0
2e43101a,0
6537ac46,0
e70dfcd7,0
6bc8fa28,0
4a722c92,0
b48a4c46,0
ea21e5d0,0
48528fbb,0
f2e20dbf,0
614e2666,0
549419cc,0
4904c0cf,0
08a99354,0
2cee0f12,0
e217545d,0
e99e7894,0
ed02de8d,0
b4e64ada,0
12148de9,0
20d419d3,0
802181fa,0
a18852b3,0
d1133c2a,0
9c6205b6,0
f25e01ed,0
74d43823,0
899c4003,0
2e43101a,0
6537ac46,0
e70dfcd7,0
6bc8fa28,0
4a722c92,0
b48a4c46,0
ea21e5d0,0
24cf6c04,0
1e2a1ebb,0
37e30b59,0
549419cc,0
4904c0cf,0
08a99354,0
e217545d,0
5630330a,0
e99e7894,0
ed02de8d,0
b4e64ada,0
12148de9,0
20d419d3,0
802181fa,0
a18852b3,0
d1133c2a,0
9c6205b6,0
74d43823,0
899c4003,0
2e43101a,0
6537ac46,0
e70dfcd7,0
6bc8fa28,0
4a722c92,0
b48a4c46,0
ea21e5d0,0
b27675c2,0
6236cf77,0
37e30b59,0
549419cc,0
4904c0cf,0
08a99354,0
c9840e2a,0
e217545d,0
ec6d572b,0
e99e7894,0
ed02de8d,0
b4e64ada,0
12148de9,0
20d419d3,0
802181fa,0
a18852b3,0
d1133c2a,0
9c6205b6,0
74d43823,0
899c4003,0
2e43101a,0
6537ac46,0
e70dfcd7,0
6bc8fa28,0
4a722c92,0
b48a4c46,0
ea21e5d0,0
500426ea,0
51acae25,0
614e2666,0
549419cc,0
4904c0cf,0
08a99354,0
e217545d,0
32cdb99e,0
e99e7894,0
ed02de8d,0
b4e64ada,0
12148de9,0
20d419d3,0
802181fa,0
a18852b3,0
d1133c2a,0
9c6205b6,0
2c85b4c3,0
74d43823,0
899c4003,0
2e43101a,0
6537ac46,0
e70dfcd7,0
6bc8fa28,0
4a722c92,0
b48a4c46,0
ea21e5d0,0
43223a5e,0
a57ab451,0
614e2666,0
549419cc,0
4904c0cf,0
08a99354,0
bde9e4af,0
e217545d,0
c677eee4,0
e99e7894,0
ed02de8d,0
b4e64ada,0
12148de9,0
20d419d3,0
802181fa,0
a18852b3,0
d1133c2a,0
9c6205b6,0
74d43823,0
899c4003,0
2e43101a,0
6537ac46,0
e70dfcd7,0
6bc8fa28,0
4a722c92,0
b48a4c46,0
ea21e5d0,0
65b775af,0
00a882ad,0
37e30b59,0
549419cc,0
4904c0cf,0
08a99354,0
e217545d,0
e99e7894,0
ed02de8d,0
b4e64ada,0
12148de9,0
20d419d3,0
802181fa,0
a18852b3,0
d1133c2a,0
9c6205b6,0
74d43823,0
899c4003,0
2e43101a,0
6537ac46,0
e70dfcd7,0
6bc8fa28,0
4a722c92,0
b48a4c46,0
ea21e5d0,0
fa52c3f4,0
3d274abd,0
37e30b59,0
549419cc,0
4904c0cf,0
08a99354,0
e217545d,0
e99e7894,0
ed02de8d,0
b4e64ada,0
12148de9,0
20d419d3,0
802181fa,0
a18852b3,0
d1133c2a,0
9c6205b6,0
cec8e0d7,0
74d43823,0
899c4003,0
2e43101a,0
6537ac46,0
e70dfcd7,0
6bc8fa28,0
4a722c92,0
b48a4c46,0
ea21e5d0,0
75217dc7,0
4b95ff79,0
37e30b59,0
549419cc,0
4904c0cf,0
08a99354,0
e217545d,0
42157e3a,0
e99e7894,0
ed02de8d,0
b4e64ada,0
12148de9,0
20d419d3,0
802181fa,0
a18852b3,0
d1133c2a,0
9c6205b6,0
74d43823,0
899c4003,0
2e43101a,0
6537ac46,0
e70dfcd7,0
6bc8fa28,0
4a722c92,0
b48a4c46,0
ea21e5d0,0
2dad8077,0
3d3e297b,0
37e30b59,0
549419cc,0
4904c0cf,0
08a99354,0
cab1ca10,0
e217545d,0
e99e7894,0
ed02de8d,0
b4e64ada,0
12148de9,0
20d419d3,0
802181fa,0
a18852b3,0
d1133c2a,0
9c6205b6,0
50872d6c,0
74d43823,0
899c4003,0
2e43101a,0
6537ac46,0
e70dfcd7,0
6bc8fa28,0
4a722c92,0
b48a4c46,0
ea21e5d0,0
282fd461,0
3b7aa98e,0
37e30b59,0
549419cc,0
4904c0cf,0
08a99354,0
e217545d,0
e99e7894,0
ed02de8d,0
b4e64ada,0
12148de9,0
20d419d3,0
802181fa,0
a18852b3,0
d1133c2a,0
9c6205b6,0
74d43823,0
899c4003,0
2e43101a,0
6537ac46,0
e70dfcd7,0
6bc8fa28,0
4a722c92,0
b48a4c46,0
ea21e5d0,0
b9805c38,0
37f7b3d1,0
614e2666,0
549419cc,0
4904c0cf,0
08a99354,0
e217545d,0
5e0efcdd,0
e99e7894,0
ed02de8d,0
b4e64ada,0
12148de9,0
20d419d3,0
802181fa,0
a18852b3,0
d1133c2a,0
9c6205b6,0
d1ba1b32,0
74d43823,0
899c4003,0
2e43101a,0
6537ac46,0
e70dfcd7,0
6bc8fa28,0
4a722c92,0
b48a4c46,0
ea21e5d0,0
04fb1adc,0
daa26239,0
614e2666,0
549419cc,0
4904c0cf,0
08a99354,0
e217545d,0
e99e7894,0
ed02de8d,0
b4e64ada,0
12148de9,0
20d419d3,0
802181fa,0
a18852b3,0
d1133c2a,0
9c6205b6,0
0b6f7a57,0
74d43823,0
899c4003,0
2e43101a,0
6537ac46,0
e70dfcd7,0
6bc8fa28,0
4a722c92,0
b48a4c46,0
ea21e5d0,0
b5d84c75,0
e0434314,0
614e2666,0
549419cc,0
4904c0cf,0
08a99354,0
e217545d,0
e99e7894,0
ed02de8d,0
b4e64ada,0
12148de9,0
20d419d3,0
802181fa,0
a18852b3,0
d1133c2a,0
9c6205b6,0
ee928395,0
74d43823,0
899c4003,0
2e43101a,0
6537ac46,0
e70dfcd7,0
6bc8fa28,0
4a722c92,0
b48a4c46,0
ea21e5d0,0
f0b25a1b,0
3daca4a5,0
614e2666,0
549419cc,0
4904c0cf,0
08a99354,0
e217545d,0
a651484b,0
e99e7894,0
ed02de8d,0
b4e64ada,0
12148de9,0
20d419d3,0
802181fa,0
a18852b3,0
d1133c2a,0
9c6205b6,0
74d43823,0
899c4003,0
2e43101a,0
6537ac46,0
e70dfcd7,0
6bc8fa28,0
4a722c92,0
b48a4c46,0
ea21e5d0,0
722cd66a,0
de8524be,0
37e30b59,0
549419cc,0
4904c0cf,0
08a99354,0
e217545d,0
5eafad79,0
e99e7894,0
ed02de8d,0
b4e64ada,0
12148de9,0
20d419d3,0
802181fa,0
a18852b3,0
d1133c2a,0
9c6205b6,0
75f7a940,0
74d43823,0
899c4003,0
2e43101a,0
6537ac46,0
e70dfcd7,0
6bc8fa28,0
4a722c92,0
b48a4c46,0
ea21e5d0,0
9aea42a0,0
3a0a05c6,0
37e30b59,0
549419cc,0
4904c0cf,0
08a99354,0
c2731a0a,0
e217545d,0
6fddc569,0
e99e7894,0
ed02de8d,0
b4e64ada,0
12148de9,0
20d419d3,0
802181fa,0
a18852b3,0
d1133c2a,0
9c6205b6,0
74d43823,0
899c4003,0
2e43101a,0
6537ac46,0
e70dfcd7,0
6bc8fa28,0
4a722c92,0
b48a4c46,0
ea21e5d0,0
68852a70,0
6bd691de,0
614e2666,0
549419cc,0
4904c0cf,0
08a99354,0
171e6685,0
e217545d,0
e99e7894,0
ed02de8d,0
b4e64ada,0
12148de9,0
20d419d3,0
802181fa,0
a18852b3,0
d1133c2a,0
9c6205b6,0
74d43823,0
899c4003,0
2e43101a,0
6537ac46,0
e70dfcd7,0
6bc8fa28,0
4a722c92,0
b48a4c46,0
ea21e5d0,0
8695cc5e,0
9fffa11d,0
37e30b59,0
549419cc,0
4904c0cf,0
08a99354,0
7b1c4407,0
e217545d,0
b828f843,0
e99e7894,0
ed02de8d,0
b4e64ada,0
12148de9,0
20d419d3,0
802181fa,0
a18852b3,0
d1133c2a,0
9c6205b6,0
b0549326,0
74d43823,0
899c4003,0
2e43101a,0
6537ac46,0
e70dfcd7,0
6bc8fa28,0
4a722c92,0
b48a4c46,0
ea21e5d0,0
535040b6,0
b461dd7c,0
37e30b59,0
549419cc,0
4904c0cf,0
08a99354,0
e217545d,0
882a2d9f,0
e99e7894,0
ed02de8d,0
b4e64ada,0
12148de9,0
20d419d3,0
802181fa,0
a18852b3,0
d1133c2a,0
9c6205b6,0
c0801787,0
74d43823,0
899c4003,0
2e43101a,0
6537ac46,0
e70dfcd7,0
6bc8fa28,0
4a722c92,0
b48a4c46,0
ea21e5d0,0
487c2a97,0
826742db,0
614e2666,0
549419cc,0
4904c0cf,0
08a99354,0
e217545d,0
bf562c75,0
e99e7894,0
ed02de8d,0
b4e64ada,0
12148de9,0
20d419d3,0
802181fa,0
a18852b3,0
d1133c2a,0
9c6205b6,0
74d43823,0
899c4003,0
2e43101a,0
6537ac46,0
e70dfcd7,0
6bc8fa28,0
4a722c92,0
b48a4c46,0
ea21e5d0,0
91676c6f,0
743cd86b,0
614e2666,0
549419cc,0
4904c0cf,0
08a99354,0
de64253d,0
e217545d,0
f8672986,0
e99e7894,0
ed02de8d,0
b4e64ada,0
12148de9,0
20d419d3,0
802181fa,0
a18852b3,0
d1133c2a,0
9c6205b6,0
74d43823,0
899c4003,0
2e43101a,0
6537ac46,0
e70dfcd7,0
6bc8fa28,0
4a722c92,0
b48a4c46,0
ea21e5d0,0
1ac168ef,0
7f429208,0
614e2666,0
549419cc,0
4904c0cf,0
08a99354,0
d7daf81a,0
e217545d,0
a8871334,0
e99e7894,0
ed02de8d,0
b4e64ada,0
12148de9,0
20d419d3,0
802181fa,0
a18852b3,0
d1133c2a,0
9c6205b6,0
74d43823,0
899c4003,0
2e43101a,0
6537ac46,0
e70dfcd7,0
6bc8fa28,0
4a722c92,0
b48a4c46,0
ea21e5d0,0
b6353589,0
5a7342a8,0
614e2666,0
549419cc,0
4904c0cf,0
08a99354,0
43a1037b,0
e217545d,0
ab356dc5,0
e99e7894,0
ed02de8d,0
b4e64ada,0
12148de9,0
20d419d3,0
802181fa,0
a18852b3,0
d1133c2a,0
9c6205b6,0
74d43823,0
899c4003,0
2e43101a,0
6537ac46,0
e70dfcd7,0
6bc8fa28,0
4a722c92,0
b48a4c46,0
ea21e5d0,0
a4830774,0
b7ac0fcf,0
37e30b59,0
549419cc,0
4904c0cf,0
08a99354,0
29f4179a,0
e217545d,0
eab73e35,0
e99e7894,0
ed02de8d,0
b4e64ada,0
12148de9,0
20d419d3,0
802181fa,0
a18852b3,0
d1133c2a,0
9c6205b6,0
c0e889fb,0
74d43823,0
899c4003,0
2e43101a,0
6537ac46,0
e70dfcd7,0
6bc8fa28,0
4a722c92,0
b48a4c46,0
ea21e5d0,0
3c63a8bd,0
846d4608,0
37e30b59,0
549419cc,0
4904c0cf,0
08a99354,0
e217545d,0
e99e7894,0
ed02de8d,0
b4e64ada,0
12148de9,0
20d419d3,0
802181fa,0
a18852b3,0
d1133c2a,0
9c6205b6,0
77c6553a,0
74d43823,0
899c4003,0
2e43101a,0
6537ac46,0
e70dfcd7,0
6bc8fa28,0
4a722c92,0
b48a4c46,0
ea21e5d0,0
777623f6,0
665baa5f,0
614e2666,0
549419cc,0
4904c0cf,0
08a99354,0
e217545d,0
db78f972,0
e99e7894,0
ed02de8d,0
b4e64ada,0
12148de9,0
20d419d3,0
802181fa,0
a18852b3,0
d1133c2a,0
9c6205b6,0
74d43823,0
899c4003,0
2e43101a,0
6537ac46,0
e70dfcd7,0
6bc8fa28,0
4a722c92,0
b48a4c46,0
ea21e5d0,0
a456130a,0
80a154fa,0
614e2666,0
549419cc,0
4904c0cf,0
08a99354,0
e217545d,0
656bbb15,0
e99e7894,0
ed02de8d,0
b4e64ada,0
12148de9,0
20d419d3,0
802181fa,0
a18852b3,0
d1133c2a,0
9c6205b6,0
0e11c0e4,0
74d43823,0
899c4003,0
2e43101a,0
6537ac46,0
e70dfcd7,0
6bc8fa28,0
4a722c92,0
b48a4c46,0
ea21e5d0,0
bf06bf60,0
28adf135,0
614e2666,0
549419cc,0
4904c0cf,0
08a99354,0
e217545d,0
db9bc96d,0
e99e7894,0
ed02de8d,0
b4e64ada,0
12148de9,0
20d419d3,0
802181fa,0
a18852b3,0
d1133c2a,0
9c6205b6,0
b3d7592f,0
74d43823,0
899c4003,0
2e43101a,0
6537ac46,0
e70dfcd7,0
6bc8fa28,0
4a722c92,0
b48a4c46,0
ea21e5d0,0
f39f7f52,0
44708ddd,0
37e30b59,0
549419cc,0
4904c0cf,0
08a99354,0
3c891875,0
e217545d,0
e99e7894,0
ed02de8d,0
b4e64ada,0
12148de9,0
20d419d3,0
802181fa,0
a18852b3,0
d1133c2a,0
9c6205b6,0
82e9073a,0
74d43823,0
899c4003,0
2e43101a,0
6537ac46,0
e70dfcd7,0
6bc8fa28,0
4a722c92,0
b48a4c46,0
ea21e5d0,0
c0b7b144,0
7c571ea3,0
37e30b59,0
549419cc,0
4904c0cf,0
08a99354,0
e217545d,0
5ee413ec,0
e99e7894,0
ed02de8d,0
b4e64ada,0
12148de9,0
20d419d3,0
802181fa,0
a18852b3,0
d1133c2a,0
9c6205b6,0
52374fd8,0
74d43823,0
899c4003,0
2e43101a,0
6537ac46,0
e70dfcd7,0
6bc8fa28,0
4a722c92,0
b48a4c46,0
ea21e5d0,0
a212c8de,0
48fdf217,0
37e30b59,0
549419cc,0
4904c0cf,0
08a99354,0
e217545d,0
c68e6b3d,0
e99e7894,0
ed02de8d,0
b4e64ada,0
12148de9,0
20d419d3,0
802181fa,0
a18852b3,0
d1133c2a,0
9c6205b6,0
74d43823,0
899c4003,0
2e43101a,0
6537ac46,0
e70dfcd7,0
6bc8fa28,0
4a722c92,0
b48a4c46,0
ea21e5d0,0
b1b5acc3,0
33b182f0,0
37e30b59,0
549419cc,0
4904c0cf,0
08a99354,0
e217545d,0
e99e7894,0
ed02de8d,0
b4e64ada,0
12148de9,0
20d419d3,0
802181fa,0
a18852b3,0
d1133c2a,0
9c6205b6,0
74d43823,0
899c4003,0
2e43101a,0
6537ac46,0
e70dfcd7,0
6bc8fa28,0
4a722c92,0
b48a4c46,0
ea21e5d0,0
60d9a59c,0
1e5032ae,0
614e2666,0
549419cc,0
4904c0cf,0
08a99354,0
e217545d,0
d7a2c881,0
e99e7894,0
ed02de8d,0
b4e64ada,0
12148de9,0
20d419d3,0
802181fa,0
a18852b3,0
d1133c2a,0
9c6205b6,0
74d43823,0
899c4003,0
2e43101a,0
6537ac46,0
e70dfcd7,0
6bc8fa28,0
4a722c92,0
b48a4c46,0
ea21e5d0,0
b4fa4bc2,0
37e30b59,0
549419cc,0
4904c0cf,0
08a99354,0
b37d1b1f,0
e217545d,0
96fcfbcc,0
e99e7894,0
ed02de8d,0
b4e64ada,0
12148de9,0
20d419d3,0
802181fa,0
a18852b3,0
d1133c2a,0
9c6205b6,0
fc94f599,0
74d43823,0
899c4003,0
2e43101a,0
6537ac46,0
e70dfcd7,0
6bc8fa28,0
4a722c92,0
b48a4c46,0
ea21e5d0,0
517192d3,0
cbf6e31c,0
37e30b59,0
549419cc,0
4904c0cf,0
08a99354,0
a1971c2c,0
e217545d,0
ec9190d8,0
e99e7894,0
ed02de8d,0
b4e64ada,0
12148de9,0
20d419d3,0
802181fa,0
a18852b3,0
d1133c2a,0
9c6205b6,0
74d43823,0
899c4003,0
2e43101a,0
6537ac46,0
e70dfcd7,0
6bc8fa28,0
4a722c92,0
b48a4c46,0
ea21e5d0,0
2d63c5f2,0
5b10137c,0
614e2666,0
549419cc,0
4904c0cf,0
08a99354,0
e217545d,0
7fb0e67d,0
e99e7894,0
ed02de8d,0
b4e64ada,0
12148de9,0
20d419d3,0
802181fa,0
a18852b3,0
d1133c2a,0
9c6205b6,0
74d43823,0
899c4003,0
2e43101a,0
6537ac46,0
e70dfcd7,0
6bc8fa28,0
4a722c92,0
b48a4c46,0
ea21e5d0,0
f1d461ee,0
f9d5d1ad,0
614e2666,0
549419cc,0
4904c0cf,0
08a99354,0
6ba6e3b5,0
e217545d,0
e99e7894,0
ed02de8d,0
b4e64ada,0
12148de9,0
20d419d3,0
802181fa,0
a18852b3,0
d1133c2a,0
9c6205b6,0
74d43823,0
899c4003,0
2e43101a,0
6537ac46,0
e70dfcd7,0
6bc8fa28,0
4a722c92,0
b48a4c46,0
ea21e5d0,0
160e4cb7,0
334f716b,0
37e30b59,0
549419cc,0
4904c0cf,0
08a99354,0
3cd1b50a,0
e217545d,0
e99e7894,0
ed02de8d,0
b4e64ada,0
12148de9,0
20d419d3,0
802181fa,0
a18852b3,0
d1133c2a,0
9c6205b6,0
74d43823,0
899c4003,0
2e43101a,0
6537ac46,0
e70dfcd7,0
6bc8fa28,0
4a722c92,0
b48a4c46,0
ea21e5d0,0
73908d23,0
324d2964,0
614e2666,0
549419cc,0
4904c0cf,0
08a99354,0
214fe526,0
e217545d,0
ccd8f1ea,0
e99e7894,0
ed02de8d,0
b4e64ada,0
12148de9,0
20d419d3,0
802181fa,0
a18852b3,0
d1133c2a,0
9c6205b6,0
710c6ff4,0
74d43823,0
899c4003,0
2e43101a,0
6537ac46,0
e70dfcd7,0
6bc8fa28,0
4a722c92,0
b48a4c46,0
ea21e5d0,0
899c955a,0
4c757ac9,0
614e2666,0
549419cc,0
4904c0cf,0
08a99354,0
e217545d,0
e99e7894,0
ed02de8d,0
b4e64ada,0
12148de9,0
20d419d3,0
802181fa,0
a18852b3,0
d1133c2a,0
9c6205b6,0
74d43823,0
899c4003,0
2e43101a,0
6537ac46,0
e70dfcd7,0
6bc8fa28,0
4a722c92,0
b48a4c46,0
ea21e5d0,0
cacba50f,0
a56e2c4e,0
614e2666,0
549419cc,0
4904c0cf,0
08a99354,0
e217545d,0
47743150,0
e99e7894,0
ed02de8d,0
b4e64ada,0
12148de9,0
20d419d3,0
802181fa,0
a18852b3,0
d1133c2a,0
9c6205b6,0
74d43823,0
899c4003,0
2e43101a,0
6537ac46,0
e70dfcd7,0
6bc8fa28,0
4a722c92,0
b48a4c46,0
ea21e5d0,0
78b27245,0
61ff0a6e,0
614e2666,0
549419cc,0
4904c0cf,0
08a99354,0
dd91b323,0
e217545d,0
e99e7894,0
ed02de8d,0
b4e64ada,0
12148de9,0
20d419d3,0
802181fa,0
a18852b3,0
d1133c2a,0
9c6205b6,0
74d43823,0
899c4003,0
2e43101a,0
6537ac46,0
e70dfcd7,0
6bc8fa28,0
4a722c92,0
b48a4c46,0
ea21e5d0,0
1ac93901,0
37e30b59,0
549419cc,0
4904c0cf,0
08a99354,0
e217545d,0
71059573,0
e99e7894,0
ed02de8d,0
b4e64ada,0
12148de9,0
20d419d3,0
802181fa,0
a18852b3,0
d1133c2a,0
9c6205b6,0
cfabfed2,0
74d43823,0
899c4003,0
2e43101a,0
6537ac46,0
e70dfcd7,0
6bc8fa28,0
4a722c92,0
b48a4c46,0
ea21e5d0,0
84488335,0
64fd219b,0
37e30b59,0
549419cc,0
4904c0cf,0
08a99354,0
e7584202,0
e217545d,0
e99e7894,0
ed02de8d,0
b4e64ada,0
12148de9,0
20d419d3,0
802181fa,0
a18852b3,0
d1133c2a,0
9c6205b6,0
74d43823,0
899c4003,0
2e43101a,0
6537ac46,0
e70dfcd7,0
6bc8fa28,0
4a722c92,0
b48a4c46,0
ea21e5d0,0
28723cef,0
802c7148,0
37e30b59,0
549419cc,0
4904c0cf,0
08a99354,0
793d2159,0
e217545d,0
58238ec0,0
e99e7894,0
ed02de8d,0
b4e64ada,0
12148de9,0
20d419d3,0
802181fa,0
a18852b3,0
d1133c2a,0
9c6205b6,0
fa8b7553,0
74d43823,0
899c4003,0
2e43101a,0
6537ac46,0
e70dfcd7,0
6bc8fa28,0
4a722c92,0
b48a4c46,0
ea21e5d0,0
9aeb4422,0
42aa4705,0
37e30b59,0
549419cc,0
4904c0cf,0
08a99354,0
e217545d,0
e99e7894,0
ed02de8d,0
b4e64ada,0
12148de9,0
20d419d3,0
802181fa,0
a18852b3,0
d1133c2a,0
9c6205b6,0
74d43823,0
899c4003,0
2e43101a,0
6537ac46,0
e70dfcd7,0
6bc8fa28,0
4a722c92,0
b48a4c46,0
ea21e5d0,0
8a9d72be,0
fc01d051,0
614e2666,0
549419cc,0
4904c0cf,0
08a99354,0
01ab9c0b,0
e217545d,0
2aa9e876,0
e99e7894,0
ed02de8d,0
b4e64ada,0
12148de9,0
20d419d3,0
802181fa,0
a18852b3,0
d1133c2a,0
9c6205b6,0
51fbb4d7,0
74d43823,0
899c4003,0
2e43101a,0
6537ac46,0
e70dfcd7,0
6bc8fa28,0
4a722c92,0
b48a4c46,0
ea21e5d0,0
3e4da3ba,0
7b23c743,0
37e30b59,0
549419cc,0
4904c0cf,0
08a99354,0
13c2a9bc,0
e217545d,0
4626e9d6,0
e99e7894,0
ed02de8d,0
b4e64ada,0
12148de9,0
20d419d3,0
802181fa,0
a18852b3,0
d1133c2a,0
9c6205b6,0
c66fa3e2,0
74d43823,0
899c4003,0
2e43101a,0
6537ac46,0
e70dfcd7,0
6bc8fa28,0
4a722c92,0
b48a4c46,0
ea21e5d0,0
e6bb683e,0
e8c29719,0
37e30b59,0
549419cc,0
4904c0cf,0
08a99354,0
e217545d,0
d63cd3bf,0
e99e7894,0
ed02de8d,0
b4e64ada,0
12148de9,0
20d419d3,0
802181fa,0
a18852b3,0
d1133c2a,0
9c6205b6,0
74d43823,0
899c4003,0
2e43101a,0
6537ac46,0
e70dfcd7,0
6bc8fa28,0
4a722c92,0
b48a4c46,0
ea21e5d0,0
38ac29b2,0
2a0726a6,0
37e30b59,0
549419cc,0
4904c0cf,0
08a99354,0
f90a8ae7,0
e217545d,0
8da862f3,0
e99e7894,0
ed02de8d,0
b4e64ada,0
12148de9,0
20d419d3,0
802181fa,0
a18852b3,0
d1133c2a,0
9c6205b6,0
75b14e78,0
74d43823,0
899c4003,0
2e43101a,0
6537ac46,0
e70dfcd7,0
6bc8fa28,0
4a722c92,0
b48a4c46,0
ea21e5d0,0
d6c30dbc,0
4e2122ac,0
614e2666,0
549419cc,0
4904c0cf,0
08a99354,0
44110183,0
e217545d,0
0828d272,0
e99e7894,0
ed02de8d,0
b4e64ada,0
12148de9,0
20d419d3,0
802181fa,0
a18852b3,0
d1133c2a,0
9c6205b6,0
74d43823,0
899c4003,0
2e43101a,0
6537ac46,0
e70dfcd7,0
6bc8fa28,0
4a722c92,0
b48a4c46,0
ea21e5d0,0
e0e93dd8,0
e70cf658,0
37e30b59,0
549419cc,0
4904c0cf,0
08a99354,0
6d929124,0
e217545d,0
e99e7894,0
ed02de8d,0
b4e64ada,0
12148de9,0
20d419d3,0
802181fa,0
a18852b3,0
d1133c2a,0
9c6205b6,0
74d43823,0
899c4003,0
2e43101a,0
6537ac46,0
e70dfcd7,0
6bc8fa28,0
4a722c92,0
b48a4c46,0
ea21e5d0,0
47c552fb,0
e53a6747,0
37e30b59,0
549419cc,0
4904c0cf,0
08a99354,0
e217545d,0
e99e7894,0
ed02de8d,0
b4e64ada,0
12148de9,0
20d419d3,0
802181fa,0
a18852b3,0
d1133c2a,0
9c6205b6,0
a72944a6,0
74d43823,0
899c4003,0
2e43101a,0
6537ac46,0
e70dfcd7,0
6bc8fa28,0
4a722c92,0
b48a4c46,0
ea21e5d0,0
eaffec55,0
dda717db,0
37e30b59,0
549419cc,0
4904c0cf,0
08a99354,0
f193cd23,0
e217545d,0
e99e7894,0
ed02de8d,0
b4e64ada,0
12148de9,0
20d419d3,0
802181fa,0
a18852b3,0
d1133c2a,0
9c6205b6,0
0d2dc98f,0
74d43823,0
899c4003,0
2e43101a,0
6537ac46,0
e70dfcd7,0
6bc8fa28,0
4a722c92,0
b48a4c46,0
ea21e5d0,0
55bb26af,0
07490685,0
614e2666,0
549419cc,0
4904c0cf,0
08a99354,0
e217545d,0
e99e7894,0
ed02de8d,0
b4e64ada,0
12148de9,0
20d419d3,0
802181fa,0
a18852b3,0
d1133c2a,0
9c6205b6,0
d508de0a,0
74d43823,0
899c4003,0
2e43101a,0
6537ac46,0
e70dfcd7,0
6bc8fa28,0
4a722c92,0
b48a4c46,0
ea21e5d0,0
2a21788f,0
668d2426,0
614e2666,0
549419cc,0
4904c0cf,0
08a99354,0
067223c4,0
e217545d,0
e845c7f1,0
e99e7894,0
ed02de8d,0
b4e64ada,0
12148de9,0
20d419d3,0
802181fa,0
a18852b3,0
d1133c2a,0
9c6205b6,0
74d43823,0
899c4003,0
2e43101a,0
6537ac46,0
e70dfcd7,0
6bc8fa28,0
4a722c92,0
b48a4c46,0
ea21e5d0,0
1c4c0946,0
e59aacb8,0
614e2666,0
549419cc,0
4904c0cf,0
08a99354,0
e217545d,0
c900df2e,0
e99e7894,0
ed02de8d,0
b4e64ada,0
12148de9,0
20d419d3,0
802181fa,0
a18852b3,0
d1133c2a,0
9c6205b6,0
e9bfdd48,0
74d43823,0
899c4003,0
2e43101a,0
6537ac46,0
e70dfcd7,0
6bc8fa28,0
4a722c92,0
b48a4c46,0
ea21e5d0,0
d422c627,0
58adcaa1,0
614e2666,0
549419cc,0
4904c0cf,0
08a99354,0
e217545d,0
e99e7894,0
ed02de8d,0
b4e64ada,0
12148de9,0
20d419d3,0
802181fa,0
a18852b3,0
d1133c2a,0
9c6205b6,0
0e23f5b1,0
74d43823,0
899c4003,0
2e43101a,0
6537ac46,0
e70dfcd7,0
6bc8fa28,0
4a722c92,0
b48a4c46,0
ea21e5d0,0
3462567d,0
84193eae,0
37e30b59,0
549419cc,0
4904c0cf,0
08a99354,0
e217545d,0
e99e7894,0
ed02de8d,0
b4e64ada,0
12148de9,0
20d419d3,0
802181fa,0
a18852b3,0
d1133c2a,0
9c6205b6,0
74d43823,0
899c4003,0
2e43101a,0
6537ac46,0
e70dfcd7,0
6bc8fa28,0
4a722c92,0
b48a4c46,0
ea21e5d0,0
4069e395,0
02d7f4b6,0
614e2666,0
549419cc,0
4904c0cf,0
08a99354,0
e217545d,0
3195469c,0
e99e7894,0
ed02de8d,0
b4e64ada,0
12148de9,0
20d419d3,0
802181fa,0
a18852b3,0
d1133c2a,0
9c6205b6,0
d6fd8f7b,0
74d43823,0
899c4003,0
2e43101a,0
6537ac46,0
e70dfcd7,0
6bc8fa28,0
4a722c92,0
b48a4c46,0
ea21e5d0,0
d68e4cda,0
e1b5763b,0
37e30b59,0
549419cc,0
4904c0cf,0
08a99354,0
e217545d,0
e99e7894,0
ed02de8d,0
b4e64ada,0
12148de9,0
20d419d3,0
802181fa,0
a18852b3,0
d1133c2a,0
9c6205b6,0
74d43823,0
899c4003,0
2e43101a,0
6537ac46,0
e70dfcd7,0
6bc8fa28,0
4a722c92,0
b48a4c46,0
ea21e5d0,0
2a3c4d8f,0
cde6bda0,0
614e2666,0
549419cc,0
4904c0cf,0
08a99354,0
e217545d,0
2e53dc21,0
e99e7894,0
ed02de8d,0
b4e64ada,0
12148de9,0
20d419d3,0
802181fa,0
a18852b3,0
d1133c2a,0
9c6205b6,0
6d4bf4eb,0
74d43823,0
899c4003,0
2e43101a,0
6537ac46,0
e70dfcd7,0
6bc8fa28,0
4a722c92,0
b48a4c46,0
ea21e5d0,0
4d87cd7e,0
f80767b5,0
614e2666,0
549419cc,0
4904c0cf,0
08a99354,0
0926f3b7,0
e217545d,0
e99e7894,0
ed02de8d,0
b4e64ada,0
12148de9,0
20d419d3,0
802181fa,0
a18852b3,0
d1133c2a,0
9c6205b6,0
74d43823,0
899c4003,0
2e43101a,0
6537ac46,0
e70dfcd7,0
6bc8fa28,0
4a722c92,0
b48a4c46,0
ea21e5d0,0
55bb26af,0
c14be7d2,0
614e2666,0
549419cc,0
4904c0cf,0
08a99354,0
e217545d,0
e99e7894,0
ed02de8d,0
b4e64ada,0
12148de9,0
20d419d3,0
802181fa,0
a18852b3,0
d1133c2a,0
9c6205b6,0
74d43823,0
899c4003,0
2e43101a,0
6537ac46,0
e70dfcd7,0
6bc8fa28,0
4a722c92,0
b48a4c46,0
ea21e5d0,0
5b681602,0
0c109391,0
37e30b59,0
549419cc,0
4904c0cf,0
08a99354,0
741df16b,0
e217545d,0
903b0eef,0
e99e7894,0
ed02de8d,0
b4e64ada,0
12148de9,0
20d419d3,0
802181fa,0
a18852b3,0
d1133c2a,0
9c6205b6,0
7fa0e4b7,0
74d43823,0
899c4003,0
2e43101a,0
6537ac46,0
e70dfcd7,0
6bc8fa28,0
4a722c92,0
b48a4c46,0
ea21e5d0,0
fd97c008,0
bdc8f7d5,0
614e2666,0
549419cc,0
4904c0cf,0
08a99354,0
22956013,0
e217545d,0
834a41dc,0
e99e7894,0
ed02de8d,0
b4e64ada,0
12148de9,0
20d419d3,0
802181fa,0
a18852b3,0
d1133c2a,0
9c6205b6,0
74d43823,0
899c4003,0
2e43101a,0
6537ac46,0
e70dfcd7,0
6bc8fa28,0
4a722c92,0
b48a4c46,0
ea21e5d0,0
e0b8156b,0
32d6ece5,0
614e2666,0
549419cc,0
4904c0cf,0
08a99354,0
8b47416c,0
e217545d,0
9c8cdb29,0
e99e7894,0
ed02de8d,0
b4e64ada,0
12148de9,0
20d419d3,0
802181fa,0
a18852b3,0
d1133c2a,0
9c6205b6,0
12527443,0
74d43823,0
899c4003,0
2e43101a,0
6537ac46,0
e70dfcd7,0
6bc8fa28,0
4a722c92,0
b48a4c46,0
ea21e5d0,0
22058202,0
ae05e5ee,0
614e2666,0
549419cc,0
4904c0cf,0
08a99354,0
e217545d,0
7a934caa,0
e99e7894,0
ed02de8d,0
b4e64ada,0
12148de9,0
20d419d3,0
802181fa,0
a18852b3,0
d1133c2a,0
9c6205b6,0
9afc1e08,0
74d43823,0
899c4003,0
2e43101a,0
6537ac46,0
e70dfcd7,0
6bc8fa28,0
4a722c92,0
b48a4c46,0
ea21e5d0,0
618de47f,0
9020e064,0
614e2666,0
549419cc,0
4904c0cf,0
08a99354,0
e217545d,0
122b1c6b,0
e99e7894,0
ed02de8d,0
b4e64ada,0
12148de9,0
20d419d3,0
802181fa,0
a18852b3,0
d1133c2a,0
9c6205b6,0
feadb26f,0
74d43823,0
899c4003,0
2e43101a,0
6537ac46,0
e70dfcd7,0
6bc8fa28,0
4a722c92,0
b48a4c46,0
ea21e5d0,0
36c7e842,0
bad2c7a6,0
37e30b59,0
549419cc,0
4904c0cf,0
08a99354,0
57b122ad,0
e217545d,0
722ab2a3,0
e99e7894,0
ed02de8d,0
b4e64ada,0
12148de9,0
20d419d3,0
802181fa,0
a18852b3,0
d1133c2a,0
9c6205b6,0
0859bb03,0
74d43823,0
899c4003,0
2e43101a,0
6537ac46,0
e70dfcd7,0
6bc8fa28,0
4a722c92,0
b48a4c46,0
ea21e5d0,0
84c4fd72,0
124612fb,0
614e2666,0
549419cc,0
4904c0cf,0
08a99354,0
e217545d,0
6cbfb4a2,0
e99e7894,0
ed02de8d,0
b4e64ada,0
12148de9,0
20d419d3,0
802181fa,0
a18852b3,0
d1133c2a,0
9c6205b6,0
74d43823,0
899c4003,0
2e43101a,0
6537ac46,0
e70dfcd7,0
6bc8fa28,0
4a722c92,0
b48a4c46,0
ea21e5d0,0
b1081577,0
9b4adf4a,0
37e30b59,0
549419cc,0
4904c0cf,0
08a99354,0
e217545d,0
6090b1b3,0
e99e7894,0
ed02de8d,0
b4e64ada,0
12148de9,0
20d419d3,0
802181fa,0
a18852b3,0
d1133c2a,0
9c6205b6,0
19598956,0
74d43823,0
899c4003,0
2e43101a,0
6537ac46,0
e70dfcd7,0
6bc8fa28,0
4a722c92,0
b48a4c46,0
ea21e5d0,0
ed86e692,0
57723a6f,0
37e30b59,0
549419cc,0
4904c0cf,0
08a99354,0
e217545d,0
e99e7894,0
ed02de8d,0
b4e64ada,0
12148de9,0
20d419d3,0
802181fa,0
a18852b3,0
d1133c2a,0
9c6205b6,0
53238ae6,0
74d43823,0
899c4003,0
2e43101a,0
6537ac46,0
e70dfcd7,0
6bc8fa28,0
4a722c92,0
b48a4c46,0
ea21e5d0,0
84e7dfa7,0
2a953e9e,0
614e2666,0
549419cc,0
4904c0cf,0
08a99354,0
14d54931,0
e217545d,0
7369fd24,0
e99e7894,0
ed02de8d,0
b4e64ada,0
12148de9,0
20d419d3,0
802181fa,0
a18852b3,0
d1133c2a,0
9c6205b6,0
38a45419,0
74d43823,0
899c4003,0
2e43101a,0
6537ac46,0
e70dfcd7,0
6bc8fa28,0
4a722c92,0
b48a4c46,0
ea21e5d0,0
8a1f6f32,0
7f95998a,0
37e30b59,0
549419cc,0
4904c0cf,0
08a99354,0
bdc656b8,0
e217545d,0
e99e7894,0
ed02de8d,0
b4e64ada,0
12148de9,0
20d419d3,0
802181fa,0
a18852b3,0
d1133c2a,0
9c6205b6,0
74d43823,0
899c4003,0
2e43101a,0
6537ac46,0
e70dfcd7,0
6bc8fa28,0
4a722c92,0
b48a4c46,0
ea21e5d0,0
6c4bec84,0
1d08196d,0
614e2666,0
549419cc,0
4904c0cf,0
08a99354,0
e217545d,0
e99e7894,0
ed02de8d,0
b4e64ada,0
12148de9,0
20d419d3,0
802181fa,0
a18852b3,0
d1133c2a,0
9c6205b6,0
edf3faaa,0
74d43823,0
899c4003,0
2e43101a,0
6537ac46,0
e70dfcd7,0
6bc8fa28,0
4a722c92,0
b48a4c46,0
ea21e5d0,0
e2777f61,0
e96603eb,0
614e2666,0
549419cc,0
4904c0cf,0
08a99354,0
b7b55aea,0
e217545d,0
a2243832,0
e99e7894,0
ed02de8d,0
b4e64ada,0
12148de9,0
20d419d3,0
802181fa,0
a18852b3,0
d1133c2a,0
9c6205b6,0
15c985c1,0
74d43823,0
899c4003,0
2e43101a,0
6537ac46,0
e70dfcd7,0
6bc8fa28,0
4a722c92,0
b48a4c46,0
ea21e5d0,0
c66d8df0,0
52523ae2,0
37e30b59,0
549419cc,0
4904c0cf,0
08a99354,0
e217545d,0
f6c88041,0
e99e7894,0
ed02de8d,0
b4e64ada,0
12148de9,0
20d419d3,0
802181fa,0
a18852b3,0
d1133c2a,0
9c6205b6,0
f85ccc9e,0
74d43823,0
899c4003,0
2e43101a,0
6537ac46,0
e70dfcd7,0
6bc8fa28,0
4a722c92,0
b48a4c46,0
ea21e5d0,0
f342caa6,0
66b090a0,0
614e2666,0
549419cc,0
4904c0cf,0
08a99354,0
e217545d,0
eb5b4410,0
e99e7894,0
ed02de8d,0
b4e64ada,0
12148de9,0
20d419d3,0
802181fa,0
a18852b3,0
d1133c2a,0
9c6205b6,0
c2bea75e,0
74d43823,0
899c4003,0
2e43101a,0
6537ac46,0
e70dfcd7,0
6bc8fa28,0
4a722c92,0
b48a4c46,0
ea21e5d0,0
f1d461ee,0
72ecacc6,0
37e30b59,0
549419cc,0
4904c0cf,0
08a99354,0
c4486de6,0
e217545d,0
be131064,0
e99e7894,0
ed02de8d,0
b4e64ada,0
12148de9,0
20d419d3,0
802181fa,0
a18852b3,0
d1133c2a,0
9c6205b6,0
74d43823,0
899c4003,0
2e43101a,0
6537ac46,0
e70dfcd7,0
6bc8fa28,0
4a722c92,0
b48a4c46,0
ea21e5d0,0
ff865f1e,0
819cb7b3,0
614e2666,0
549419cc,0
4904c0cf,0
08a99354,0
36ca943c,0
e217545d,0
e99e7894,0
ed02de8d,0
b4e64ada,0
12148de9,0
20d419d3,0
802181fa,0
a18852b3,0
d1133c2a,0
9c6205b6,0
74d43823,0
899c4003,0
2e43101a,0
6537ac46,0
e70dfcd7,0
6bc8fa28,0
4a722c92,0
b48a4c46,0
ea21e5d0,0
30775c93,0
782565cf,0
37e30b59,0
549419cc,0
4904c0cf,0
08a99354,0
75220fc6,0
e217545d,0
bcbf1384,0
e99e7894,0
ed02de8d,0
b4e64ada,0
12148de9,0
20d419d3,0
802181fa,0
a18852b3,0
d1133c2a,0
9c6205b6,0
d4fd7448,0
74d43823,0
899c4003,0
2e43101a,0
6537ac46,0
e70dfcd7,0
6bc8fa28,0
4a722c92,0
b48a4c46,0
ea21e5d0,0
f780b422,0
f89c3aec,0
37e30b59,0
549419cc,0
4904c0cf,0
08a99354,0
45f5c3f8,0
e217545d,0
e99e7894,0
ed02de8d,0
b4e64ada,0
12148de9,0
20d419d3,0
802181fa,0
a18852b3,0
d1133c2a,0
9c6205b6,0
74d43823,0
899c4003,0
2e43101a,0
6537ac46,0
e70dfcd7,0
6bc8fa28,0
4a722c92,0
b48a4c46,0
ea21e5d0,0
679f3181,0
2c551c91,0
37e30b59,0
549419cc,0
4904c0cf,0
08a99354,0
099d430b,0
e217545d,0
e99e7894,0
ed02de8d,0
b4e64ada,0
12148de9,0
20d419d3,0
802181fa,0
a18852b3,0
d1133c2a,0
9c6205b6,0
74d43823,0
899c4003,0
2e43101a,0
6537ac46,0
e70dfcd7,0
6bc8fa28,0
4a722c92,0
b48a4c46,0
ea21e5d0,0
10a303fa,0
52890e7c,0
37e30b59,0
549419cc,0
4904c0cf,0
08a99354,0
e217545d,0
11854ad2,0
e99e7894,0
ed02de8d,0
b4e64ada,0
12148de9,0
20d419d3,0
802181fa,0
a18852b3,0
d1133c2a,0
9c6205b6,0
74d43823,0
899c4003,0
2e43101a,0
6537ac46,0
e70dfcd7,0
6bc8fa28,0
4a722c92,0
b48a4c46,0
ea21e5d0,0
826d0c16,0
bc1b3c9d,0
37e30b59,0
549419cc,0
4904c0cf,0
08a99354,0
4e1081b2,0
e217545d,0
e99e7894,0
ed02de8d,0
b4e64ada,0
12148de9,0
20d419d3,0
802181fa,0
a18852b3,0
d1133c2a,0
9c6205b6,0
9229a6d1,0
74d43823,0
899c4003,0
2e43101a,0
6537ac46,0
e70dfcd7,0
6bc8fa28,0
4a722c92,0
b48a4c46,0
ea21e5d0,0
607201eb,0
48cce38b,0
614e2666,0
549419cc,0
4904c0cf,0
08a99354,0
e217545d,0
04ace9b1,0
e99e7894,0
ed02de8d,0
b4e64ada,0
12148de9,0
20d419d3,0
802181fa,0
a18852b3,0
d1133c2a,0
9c6205b6,0
74d43823,0
899c4003,0
2e43101a,0
6537ac46,0
e70dfcd7,0
6bc8fa28,0
4a722c92,0
b48a4c46,0
ea21e5d0,0
df660375,0
d5d603a9,0
614e2666,0
549419cc,0
4904c0cf,0
08a99354,0
e217545d,0
e99e7894,0
ed02de8d,0
b4e64ada,0
12148de9,0
20d419d3,0
802181fa,0
a18852b3,0
d1133c2a,0
9c6205b6,0
7f813f4a,0
74d43823,0
899c4003,0
2e43101a,0
6537ac46,0
e70dfcd7,0
6bc8fa28,0
4a722c92,0
b48a4c46,0
ea21e5d0,0
68c01f4f,0
151d00c7,0
614e2666,0
549419cc,0
4904c0cf,0
08a99354,0
5d8f2557,0
e217545d,0
e99e7894,0
ed02de8d,0
b4e64ada,0
12148de9,0
20d419d3,0
802181fa,0
a18852b3,0
d1133c2a,0
9c6205b6,0
403ffa27,0
74d43823,0
899c4003,0
2e43101a,0
6537ac46,0
e70dfcd7,0
6bc8fa28,0
4a722c92,0
b48a4c46,0
ea21e5d0,0
8294befe,0
17597586,0
37e30b59,0
549419cc,0
4904c0cf,0
08a99354,0
cbaa6a19,0
e217545d,0
fbe0bb65,0
e99e7894,0
ed02de8d,0
b4e64ada,0
12148de9,0
20d419d3,0
802181fa,0
a18852b3,0
d1133c2a,0
9c6205b6,0
74d43823,0
899c4003,0
2e43101a,0
6537ac46,0
e70dfcd7,0
6bc8fa28,0
4a722c92,0
b48a4c46,0
ea21e5d0,0
556e040b,0
cc4312a5,0
37e30b59,0
549419cc,0
4904c0cf,0
08a99354,0
c8e66315,0
e217545d,0
67b3b274,0
e99e7894,0
ed02de8d,0
b4e64ada,0
12148de9,0
20d419d3,0
802181fa,0
a18852b3,0
d1133c2a,0
9c6205b6,0
2a30d97a,0
74d43823,0
899c4003,0
2e43101a,0
6537ac46,0
e70dfcd7,0
6bc8fa28,0
4a722c92,0
b48a4c46,0
ea21e5d0,0
3bcb30cc,0
89414ae4,0
37e30b59,0
549419cc,0
4904c0cf,0
08a99354,0
8d989a58,0
e217545d,0
a3bba8e0,0
e99e7894,0
ed02de8d,0
b4e64ada,0
12148de9,0
20d419d3,0
802181fa,0
a18852b3,0
d1133c2a,0
9c6205b6,0
74d43823,0
899c4003,0
2e43101a,0
6537ac46,0
e70dfcd7,0
6bc8fa28,0
4a722c92,0
b48a4c46,0
ea21e5d0,0
948ef214,0
d45d8a54,0
614e2666,0
549419cc,0
4904c0cf,0
08a99354,0
e8bdc1ed,0
e217545d,0
485813b2,0
e99e7894,0
ed02de8d,0
b4e64ada,0
12148de9,0
20d419d3,0
802181fa,0
a18852b3,0
d1133c2a,0
9c6205b6,0
fa9bfcb5,0
74d43823,0
899c4003,0
2e43101a,0
6537ac46,0
e70dfcd7,0
6bc8fa28,0
4a722c92,0
b48a4c46,0
ea21e5d0,0
942b021f,0
33c2f298,0
37e30b59,0
549419cc,0
4904c0cf,0
08a99354,0
d048e592,0
e217545d,0
e99e7894,0
ed02de8d,0
b4e64ada,0
12148de9,0
20d419d3,0
802181fa,0
a18852b3,0
d1133c2a,0
9c6205b6,0
6d2b5786,0
74d43823,0
899c4003,0
2e43101a,0
6537ac46,0
e70dfcd7,0
6bc8fa28,0
4a722c92,0
b48a4c46,0
ea21e5d0,0
584de57d,0
9b62cb21,0
614e2666,0
549419cc,0
4904c0cf,0
08a99354,0
e217545d,0
035d2857,0
e99e7894,0
ed02de8d,0
b4e64ada,0
12148de9,0
20d419d3,0
802181fa,0
a18852b3,0
d1133c2a,0
9c6205b6,0
10897d0f,0
74d43823,0
899c4003,0
2e43101a,0
6537ac46,0
e70dfcd7,0
6bc8fa28,0
4a722c92,0
b48a4c46,0
ea21e5d0,0
e2c44c60,0
13d51e03,0
37e30b59,0
549419cc,0
4904c0cf,0
08a99354,0
1f6991ed,0
e217545d,0
679fbd50,0
e99e7894,0
ed02de8d,0
b4e64ada,0
12148de9,0
20d419d3,0
802181fa,0
a18852b3,0
d1133c2a,0
9c6205b6,0
306d43e5,0
74d43823,0
899c4003,0
2e43101a,0
6537ac46,0
e70dfcd7,0
6bc8fa28,0
4a722c92,0
b48a4c46,0
ea21e5d0,0
0910b4fd,0
724a4a8a,0
614e2666,0
549419cc,0
4904c0cf,0
08a99354,0
e217545d,0
cca7a58b,0
e99e7894,0
ed02de8d,0
b4e64ada,0
12148de9,0
20d419d3,0
802181fa,0
a18852b3,0
d1133c2a,0
9c6205b6,0
1e1c114d,0
74d43823,0
899c4003,0
2e43101a,0
6537ac46,0
e70dfcd7,0
6bc8fa28,0
4a722c92,0
b48a4c46,0
ea21e5d0,0
bae09a46,0
a813c869,0
37e30b59,0
549419cc,0
4904c0cf,0
08a99354,0
e217545d,0
feed59d2,0
e99e7894,0
ed02de8d,0
b4e64ada,0
12148de9,0
20d419d3,0
802181fa,0
a18852b3,0
d1133c2a,0
9c6205b6,0
920b3f35,0
74d43823,0
899c4003,0
2e43101a,0
6537ac46,0
e70dfcd7,0
6bc8fa28,0
4a722c92,0
b48a4c46,0
ea21e5d0,0
2dc4e2bc,0
688ae992,0
614e2666,0
549419cc,0
4904c0cf,0
08a99354,0
e217545d,0
e99e7894,0
ed02de8d,0
b4e64ada,0
12148de9,0
20d419d3,0
802181fa,0
a18852b3,0
d1133c2a,0
9c6205b6,0
98b08167,0
74d43823,0
899c4003,0
2e43101a,0
6537ac46,0
e70dfcd7,0
6bc8fa28,0
4a722c92,0
b48a4c46,0
ea21e5d0,0
261e4bab,0
bc3da845,0
614e2666,0
549419cc,0
4904c0cf,0
08a99354,0
e217545d,0
e99e7894,0
ed02de8d,0
b4e64ada,0
12148de9,0
20d419d3,0
802181fa,0
a18852b3,0
d1133c2a,0
9c6205b6,0
3b069eb3,0
74d43823,0
899c4003,0
2e43101a,0
6537ac46,0
e70dfcd7,0
6bc8fa28,0
4a722c92,0
b48a4c46,0
ea21e5d0,0
52ba18a8,0
928634a9,0
37e30b59,0
549419cc,0
4904c0cf,0
08a99354,0
d70f2a9d,0
e217545d,0
2d380ad5,0
e99e7894,0
ed02de8d,0
b4e64ada,0
12148de9,0
20d419d3,0
802181fa,0
a18852b3,0
d1133c2a,0
9c6205b6,0
2d49f8f3,0
74d43823,0
899c4003,0
2e43101a,0
6537ac46,0
e70dfcd7,0
6bc8fa28,0
4a722c92,0
b48a4c46,0
ea21e5d0,0
ee9c3f53,0
c5475631,0
37e30b59,0
549419cc,0
4904c0cf,0
08a99354,0
d41d1725,0
e217545d,0
d8f041a3,0
e99e7894,0
ed02de8d,0
b4e64ada,0
12148de9,0
20d419d3,0
802181fa,0
a18852b3,0
d1133c2a,0
9c6205b6,0
61865b41,0
74d43823,0
899c4003,0
2e43101a,0
6537ac46,0
e70dfcd7,0
6bc8fa28,0
4a722c92,0
b48a4c46,0
ea21e5d0,0
957e6ae3,0
02a2214a,0
37e30b59,0
549419cc,0
4904c0cf,0
08a99354,0
9a29d544,0
e217545d,0
c5c39ddf,0
e99e7894,0
ed02de8d,0
b4e64ada,0
12148de9,0
20d419d3,0
802181fa,0
a18852b3,0
d1133c2a,0
9c6205b6,0
74d43823,0
899c4003,0
2e43101a,0
6537ac46,0
e70dfcd7,0
6bc8fa28,0
4a722c92,0
b48a4c46,0
ea21e5d0,0
95e655a1,0
f7a24f6d,0
37e30b59,0
549419cc,0
4904c0cf,0
08a99354,0
e217545d,0
e99e7894,0
ed02de8d,0
b4e64ada,0
12148de9,0
20d419d3,0
802181fa,0
a18852b3,0
d1133c2a,0
9c6205b6,0
74d43823,0
899c4003,0
2e43101a,0
6537ac46,0
e70dfcd7,0
6bc8fa28,0
4a722c92,0
b48a4c46,0
ea21e5d0,0
bd4d2770,0
141e2a26,0
614e2666,0
549419cc,0
4904c0cf,0
08a99354,0
e217545d,0
e99e7894,0
ed02de8d,0
b4e64ada,0
12148de9,0
20d419d3,0
802181fa,0
a18852b3,0
d1133c2a,0
9c6205b6,0
9b549664,0
74d43823,0
899c4003,0
2e43101a,0
6537ac46,0
e70dfcd7,0
6bc8fa28,0
4a722c92,0
b48a4c46,0
ea21e5d0,0
f7de412c,0
c06013ab,0
614e2666,0
549419cc,0
4904c0cf,0
08a99354,0
e217545d,0
ef550072,0
e99e7894,0
ed02de8d,0
b4e64ada,0
12148de9,0
20d419d3,0
802181fa,0
a18852b3,0
d1133c2a,0
9c6205b6,0
c84a18e0,0
74d43823,0
899c4003,0
2e43101a,0
6537ac46,0
e70dfcd7,0
6bc8fa28,0
4a722c92,0
b48a4c46,0
ea21e5d0,0
dfa65693,0
4610d373,0
614e2666,0
549419cc,0
4904c0cf,0
08a99354,0
e217545d,0
e99e7894,0
ed02de8d,0
b4e64ada,0
12148de9,0
20d419d3,0
802181fa,0
a18852b3,0
d1133c2a,0
9c6205b6,0
74d43823,0
899c4003,0
2e43101a,0
6537ac46,0
e70dfcd7,0
6bc8fa28,0
4a722c92,0
b48a4c46,0
ea21e5d0,0
3bcb30cc,0
dbdbe701,0
614e2666,0
549419cc,0
4904c0cf,0
08a99354,0
6199f399,0
e217545d,0
709b286f,0
e99e7894,0
ed02de8d,0
b4e64ada,0
12148de9,0
20d419d3,0
802181fa,0
a18852b3,0
d1133c2a,0
9c6205b6,0
8d295664,0
74d43823,0
899c4003,0
2e43101a,0
6537ac46,0
e70dfcd7,0
6bc8fa28,0
4a722c92,0
b48a4c46,0
ea21e5d0,0
e8a00e6f,0
f93f113e,0
614e2666,0
549419cc,0
4904c0cf,0
08a99354,0
e217545d,0
2b5ebeef,0
e99e7894,0
ed02de8d,0
b4e64ada,0
12148de9,0
20d419d3,0
802181fa,0
a18852b3,0
d1133c2a,0
9c6205b6,0
da75d787,0
74d43823,0
899c4003,0
2e43101a,0
6537ac46,0
e70dfcd7,0
6bc8fa28,0
4a722c92,0
b48a4c46,0
ea21e5d0,0
238fb5f6,0
82c0c749,0
37e30b59,0
549419cc,0
4904c0cf,0
08a99354,0
e217545d,0
e99e7894,0
ed02de8d,0
b4e64ada,0
12148de9,0
20d419d3,0
802181fa,0
a18852b3,0
d1133c2a,0
9c6205b6,0
74d43823,0
899c4003,0
2e43101a,0
6537ac46,0
e70dfcd7,0
6bc8fa28,0
4a722c92,0
b48a4c46,0
ea21e5d0,0
350ab6fe,0
614e2666,0
549419cc,0
4904c0cf,0
08a99354,0
e217545d,0
a059e564,0
e99e7894,0
ed02de8d,0
b4e64ada,0
12148de9,0
20d419d3,0
802181fa,0
a18852b3,0
d1133c2a,0
9c6205b6,0
74d43823,0
899c4003,0
2e43101a,0
6537ac46,0
e70dfcd7,0
6bc8fa28,0
4a722c92,0
b48a4c46,0
ea21e5d0,0
f5e02e29,0
e4b0d3eb,0
37e30b59,0
549419cc,0
4904c0cf,0
08a99354,0
aea76e35,0
e217545d,0
f07b582e,0
e99e7894,0
ed02de8d,0
b4e64ada,0
12148de9,0
20d419d3,0
802181fa,0
a18852b3,0
d1133c2a,0
9c6205b6,0
74d43823,0
899c4003,0
2e43101a,0
6537ac46,0
e70dfcd7,0
6bc8fa28,0
4a722c92,0
b48a4c46,0
ea21e5d0,0
e79906e8,0
a56f094f,0
614e2666,0
549419cc,0
4904c0cf,0
08a99354,0
e217545d,0
b8aabf52,0
e99e7894,0
ed02de8d,0
b4e64ada,0
12148de9,0
20d419d3,0
802181fa,0
a18852b3,0
d1133c2a,0
9c6205b6,0
74d43823,0
899c4003,0
2e43101a,0
6537ac46,0
e70dfcd7,0
6bc8fa28,0
4a722c92,0
b48a4c46,0
ea21e5d0,0
41ba838d,0
614e2666,0
549419cc,0
4904c0cf,0
08a99354,0
e217545d,0
1aceebb7,0
e99e7894,0
ed02de8d,0
b4e64ada,0
12148de9,0
20d419d3,0
802181fa,0
a18852b3,0
d1133c2a,0
9c6205b6,0
38d1686d,0
74d43823,0
899c4003,0
2e43101a,0
6537ac46,0
e70dfcd7,0
6bc8fa28,0
4a722c92,0
b48a4c46,0
ea21e5d0,0
ad348c76,0
6f5f53ce,0
37e30b59,0
549419cc,0
4904c0cf,0
08a99354,0
e217545d,0
e99e7894,0
ed02de8d,0
b4e64ada,0
12148de9,0
20d419d3,0
802181fa,0
a18852b3,0
d1133c2a,0
9c6205b6,0
a1538b7c,0
74d43823,0
899c4003,0
2e43101a,0
6537ac46,0
e70dfcd7,0
6bc8fa28,0
4a722c92,0
b48a4c46,0
ea21e5d0,0
8f7421db,0
5c847d6f,0
614e2666,0
549419cc,0
4904c0cf,0
08a99354,0
a33122a3,0
e217545d,0
0cae9e58,0
e99e7894,0
ed02de8d,0
b4e64ada,0
12148de9,0
20d419d3,0
802181fa,0
a18852b3,0
d1133c2a,0
9c6205b6,0
bbd14951,0
74d43823,0
899c4003,0
2e43101a,0
6537ac46,0
e70dfcd7,0
6bc8fa28,0
4a722c92,0
b48a4c46,0
ea21e5d0,0
e5baca54,0
5a4325ea,0
37e30b59,0
549419cc,0
4904c0cf,0
08a99354,0
1c07c223,0
e217545d,0
2dbe9164,0
e99e7894,0
ed02de8d,0
b4e64ada,0
12148de9,0
20d419d3,0
802181fa,0
a18852b3,0
d1133c2a,0
9c6205b6,0
125e417e,0
74d43823,0
899c4003,0
2e43101a,0
6537ac46,0
e70dfcd7,0
6bc8fa28,0
4a722c92,0
b48a4c46,0
ea21e5d0,0
65f157e9,0
dc6a2f08,0
614e2666,0
549419cc,0
4904c0cf,0
08a99354,0
2d8ee038,0
e217545d,0
fd7a9acf,0
e99e7894,0
ed02de8d,0
b4e64ada,0
12148de9,0
20d419d3,0
802181fa,0
a18852b3,0
d1133c2a,0
9c6205b6,0
fe6ffc64,0
74d43823,0
899c4003,0
2e43101a,0
6537ac46,0
e70dfcd7,0
6bc8fa28,0
4a722c92,0
b48a4c46,0
ea21e5d0,0
33ab2189,0
6534ec06,0
37e30b59,0
549419cc,0
4904c0cf,0
08a99354,0
1068441d,0
e217545d,0
c077dcbe,0
e99e7894,0
ed02de8d,0
b4e64ada,0
12148de9,0
20d419d3,0
802181fa,0
a18852b3,0
d1133c2a,0
9c6205b6,0
5129f017,0
74d43823,0
899c4003,0
2e43101a,0
6537ac46,0
e70dfcd7,0
6bc8fa28,0
4a722c92,0
b48a4c46,0
ea21e5d0,0
410bcce4,0
0bc2cad0,0
614e2666,0
549419cc,0
4904c0cf,0
08a99354,0
e217545d,0
3f33bec1,0
e99e7894,0
ed02de8d,0
b4e64ada,0
12148de9,0
20d419d3,0
802181fa,0
a18852b3,0
d1133c2a,0
9c6205b6,0
82474ad4,0
74d43823,0
899c4003,0
2e43101a,0
6537ac46,0
e70dfcd7,0
6bc8fa28,0
4a722c92,0
b48a4c46,0
ea21e5d0,0
f50e662e,0
1c40e862,0
614e2666,0
549419cc,0
4904c0cf,0
08a99354,0
e217545d,0
97103822,0
e99e7894,0
ed02de8d,0
b4e64ada,0
12148de9,0
20d419d3,0
802181fa,0
a18852b3,0
d1133c2a,0
9c6205b6,0
74d43823,0
899c4003,0
2e43101a,0
6537ac46,0
e70dfcd7,0
6bc8fa28,0
4a722c92,0
b48a4c46,0
ea21e5d0,0
7cf68d05,0
795b694a,0
614e2666,0
549419cc,0
4904c0cf,0
08a99354,0
ccaff344,0
e217545d,0
b6ee1a03,0
e99e7894,0
ed02de8d,0
b4e64ada,0
12148de9,0
20d419d3,0
802181fa,0
a18852b3,0
d1133c2a,0
9c6205b6,0
74d43823,0
899c4003,0
2e43101a,0
6537ac46,0
e70dfcd7,0
6bc8fa28,0
4a722c92,0
b48a4c46,0
ea21e5d0,0
40de04c0,0
c26cde2a,0
37e30b59,0
549419cc,0
4904c0cf,0
08a99354,0
e217545d,0
e99e7894,0
ed02de8d,0
b4e64ada,0
12148de9,0
20d419d3,0
802181fa,0
a18852b3,0
d1133c2a,0
9c6205b6,0
ab789d36,0
74d43823,0
899c4003,0
2e43101a,0
6537ac46,0
e70dfcd7,0
6bc8fa28,0
4a722c92,0
b48a4c46,0
ea21e5d0,0
15df2872,0
26f99bf1,0
37e30b59,0
549419cc,0
4904c0cf,0
08a99354,0
d8840eec,0
e217545d,0
e99e7894,0
ed02de8d,0
b4e64ada,0
12148de9,0
20d419d3,0
802181fa,0
a18852b3,0
d1133c2a,0
9c6205b6,0
74d43823,0
899c4003,0
2e43101a,0
6537ac46,0
e70dfcd7,0
6bc8fa28,0
4a722c92,0
b48a4c46,0
ea21e5d0,0
f815c21d,0
37e30b59,0
549419cc,0
4904c0cf,0
08a99354,0
e217545d,0
e1e44ced,0
e99e7894,0
ed02de8d,0
b4e64ada,0
12148de9,0
20d419d3,0
802181fa,0
a18852b3,0
d1133c2a,0
9c6205b6,0
74d43823,0
899c4003,0
2e43101a,0
6537ac46,0
e70dfcd7,0
6bc8fa28,0
4a722c92,0
b48a4c46,0
ea21e5d0,0
0e6cdf55,0
d5d4e5d4,0
614e2666,0
549419cc,0
4904c0cf,0
08a99354,0
e217545d,0
a47d3ef4,0
e99e7894,0
ed02de8d,0
b4e64ada,0
12148de9,0
20d419d3,0
802181fa,0
a18852b3,0
d1133c2a,0
9c6205b6,0
74d43823,0
899c4003,0
2e43101a,0
6537ac46,0
e70dfcd7,0
6bc8fa28,0
4a722c92,0
b48a4c46,0
ea21e5d0,0
77ed76d7,0
83b0f865,0
37e30b59,0
549419cc,0
4904c0cf,0
08a99354,0
e217545d,0
c5e51801,0
e99e7894,0
ed02de8d,0
b4e64ada,0
12148de9,0
20d419d3,0
802181fa,0
a18852b3,0
d1133c2a,0
9c6205b6,0
74d43823,0
899c4003,0
2e43101a,0
6537ac46,0
e70dfcd7,0
6bc8fa28,0
4a722c92,0
b48a4c46,0
ea21e5d0,0
2839ea3d,0
5601d052,0
614e2666,0
549419cc,0
4904c0cf,0
08a99354,0
ef4ad5a1,0
e217545d,0
4ef98886,0
e99e7894,0
ed02de8d,0
b4e64ada,0
12148de9,0
20d419d3,0
802181fa,0
a18852b3,0
d1133c2a,0
9c6205b6,0
74d43823,0
899c4003,0
2e43101a,0
6537ac46,0
e70dfcd7,0
6bc8fa28,0
4a722c92,0
b48a4c46,0
ea21e5d0,0
45e0dacb,0
b7c1117f,0
37e30b59,0
549419cc,0
4904c0cf,0
08a99354,0
e217545d,0
a5d839f6,0
e99e7894,0
ed02de8d,0
b4e64ada,0
12148de9,0
20d419d3,0
802181fa,0
a18852b3,0
d1133c2a,0
9c6205b6,0
74d43823,0
899c4003,0
2e43101a,0
6537ac46,0
e70dfcd7,0
6bc8fa28,0
4a722c92,0
b48a4c46,0
ea21e5d0,0
3402501e,0
f6da73cb,0
614e2666,0
549419cc,0
4904c0cf,0
08a99354,0
e217545d,0
5e59b27f,0
e99e7894,0
ed02de8d,0
b4e64ada,0
12148de9,0
20d419d3,0
802181fa,0
a18852b3,0
d1133c2a,0
9c6205b6,0
cbed40b8,0
74d43823,0
899c4003,0
2e43101a,0
6537ac46,0
e70dfcd7,0
6bc8fa28,0
4a722c92,0
b48a4c46,0
ea21e5d0,0
f173e49f,0
9533258b,0
614e2666,0
549419cc,0
4904c0cf,0
08a99354,0
6ac1c7b4,0
e217545d,0
e99e7894,0
ed02de8d,0
b4e64ada,0
12148de9,0
20d419d3,0
802181fa,0
a18852b3,0
d1133c2a,0
9c6205b6,0
4b67dde4,0
74d43823,0
899c4003,0
2e43101a,0
6537ac46,0
e70dfcd7,0
6bc8fa28,0
4a722c92,0
b48a4c46,0
ea21e5d0,0
78d4968b,0
9491232c,0
37e30b59,0
549419cc,0
4904c0cf,0
08a99354,0
e217545d,0
26c0458a,0
e99e7894,0
ed02de8d,0
b4e64ada,0
12148de9,0
20d419d3,0
802181fa,0
a18852b3,0
d1133c2a,0
9c6205b6,0
9c4a3595,0
74d43823,0
899c4003,0
2e43101a,0
6537ac46,0
e70dfcd7,0
6bc8fa28,0
4a722c92,0
b48a4c46,0
ea21e5d0,0
178a03c0,0
1b3decbd,0
614e2666,0
549419cc,0
4904c0cf,0
08a99354,0
e217545d,0
e99e7894,0
ed02de8d,0
b4e64ada,0
12148de9,0
20d419d3,0
802181fa,0
a18852b3,0
d1133c2a,0
9c6205b6,0
39fb15b7,0
74d43823,0
899c4003,0
2e43101a,0
6537ac46,0
e70dfcd7,0
6bc8fa28,0
4a722c92,0
b48a4c46,0
ea21e5d0,0
d3d84ab4,0
d4878f73,0
614e2666,0
549419cc,0
4904c0cf,0
08a99354,0
e217545d,0
3d458562,0
e99e7894,0
ed02de8d,0
b4e64ada,0
12148de9,0
20d419d3,0
802181fa,0
a18852b3,0
d1133c2a,0
9c6205b6,0
fd8db74b,0
74d43823,0
899c4003,0
2e43101a,0
6537ac46,0
e70dfcd7,0
6bc8fa28,0
4a722c92,0
b48a4c46,0
ea21e5d0,0
b232accb,0
bf408150,0
614e2666,0
549419cc,0
4904c0cf,0
08a99354,0
d9d2aaf0,0
e217545d,0
e99e7894,0
ed02de8d,0
b4e64ada,0
12148de9,0
20d419d3,0
802181fa,0
a18852b3,0
d1133c2a,0
9c6205b6,0
77136dcf,0
74d43823,0
899c4003,0
2e43101a,0
6537ac46,0
e70dfcd7,0
6bc8fa28,0
4a722c92,0
b48a4c46,0
ea21e5d0,0
d4ec412d,0
f26d72c4,0
37e30b59,0
549419cc,0
4904c0cf,0
08a99354,0
b2c4dffa,0
e217545d,0
ffb11b40,0
e99e7894,0
ed02de8d,0
b4e64ada,0
12148de9,0
20d419d3,0
802181fa,0
a18852b3,0
d1133c2a,0
9c6205b6,0
f474914d,0
74d43823,0
899c4003,0
2e43101a,0
6537ac46,0
e70dfcd7,0
6bc8fa28,0
4a722c92,0
b48a4c46,0
ea21e5d0,0
622b729a,0
5dbc48d4,0
37e30b59,0
549419cc,0
4904c0cf,0
08a99354,0
e217545d,0
4452df48,0
e99e7894,0
ed02de8d,0
b4e64ada,0
12148de9,0
20d419d3,0
802181fa,0
a18852b3,0
d1133c2a,0
9c6205b6,0
6b4809be,0
74d43823,0
899c4003,0
2e43101a,0
6537ac46,0
e70dfcd7,0
6bc8fa28,0
4a722c92,0
b48a4c46,0
ea21e5d0,0
ebae62b7,0
a40d8cc0,0
37e30b59,0
549419cc,0
4904c0cf,0
08a99354,0
e217545d,0
e99e7894,0
ed02de8d,0
b4e64ada,0
12148de9,0
20d419d3,0
802181fa,0
a18852b3,0
d1133c2a,0
9c6205b6,0
74d43823,0
899c4003,0
2e43101a,0
6537ac46,0
e70dfcd7,0
6bc8fa28,0
4a722c92,0
b48a4c46,0
ea21e5d0,0
388340d3,0
00980b8b,0
614e2666,0
549419cc,0
4904c0cf,0
08a99354,0
45befae9,0
e217545d,0
34d4168b,0
e99e7894,0
ed02de8d,0
b4e64ada,0
12148de9,0
20d419d3,0
802181fa,0
a18852b3,0
d1133c2a,0
9c6205b6,0
74d43823,0
899c4003,0
2e43101a,0
6537ac46,0
e70dfcd7,0
6bc8fa28,0
4a722c92,0
b48a4c46,0
ea21e5d0,0
098373b2,0
e5a062b4,0
37e30b59,0
549419cc,0
4904c0cf,0
08a99354,0
e217545d,0
e99e7894,0
ed02de8d,0
b4e64ada,0
12148de9,0
20d419d3,0
802181fa,0
a18852b3,0
d1133c2a,0
9c6205b6,0
74d43823,0
899c4003,0
2e43101a,0
6537ac46,0
e70dfcd7,0
6bc8fa28,0
4a722c92,0
b48a4c46,0
ea21e5d0,0
da32606c,0
17bb3cfd,0
614e2666,0
549419cc,0
4904c0cf,0
08a99354,0
b6512431,0
e217545d,0
7cb12bd9,0
e99e7894,0
ed02de8d,0
b4e64ada,0
12148de9,0
20d419d3,0
802181fa,0
a18852b3,0
d1133c2a,0
9c6205b6,0
74d43823,0
899c4003,0
2e43101a,0
6537ac46,0
e70dfcd7,0
6bc8fa28,0
4a722c92,0
b48a4c46,0
ea21e5d0,0
f0e30d56,0
6c5f5a85,0
37e30b59,0
549419cc,0
4904c0cf,0
08a99354,0
1f21b9d8,0
e217545d,0
0aac015d,0
e99e7894,0
ed02de8d,0
b4e64ada,0
12148de9,0
20d419d3,0
802181fa,0
a18852b3,0
d1133c2a,0
9c6205b6,0
74d43823,0
899c4003,0
2e43101a,0
6537ac46,0
e70dfcd7,0
6bc8fa28,0
4a722c92,0
b48a4c46,0
ea21e5d0,0
92e1ae3a,0
36e9bef5,0
614e2666,0
549419cc,0
4904c0cf,0
08a99354,0
95905b08,0
e217545d,0
e99e7894,0
ed02de8d,0
b4e64ada,0
12148de9,0
20d419d3,0
802181fa,0
a18852b3,0
d1133c2a,0
9c6205b6,0
9f7ce2ec,0
74d43823,0
899c4003,0
2e43101a,0
6537ac46,0
e70dfcd7,0
6bc8fa28,0
4a722c92,0
b48a4c46,0
ea21e5d0,0
4a4cac6b,0
4e8b9c67,0
614e2666,0
549419cc,0
4904c0cf,0
08a99354,0
9a569bc4,0
e217545d,0
e99e7894,0
ed02de8d,0
b4e64ada,0
12148de9,0
20d419d3,0
802181fa,0
a18852b3,0
d1133c2a,0
9c6205b6,0
120780ed,0
74d43823,0
899c4003,0
2e43101a,0
6537ac46,0
e70dfcd7,0
6bc8fa28,0
4a722c92,0
b48a4c46,0
ea21e5d0,0
7cdb4c1b,0
40fe6b61,0
37e30b59,0
549419cc,0
4904c0cf,0
08a99354,0
c2731a0a,0
e217545d,0
e99e7894,0
ed02de8d,0
b4e64ada,0
12148de9,0
20d419d3,0
802181fa,0
a18852b3,0
d1133c2a,0
9c6205b6,0
74d43823,0
899c4003,0
2e43101a,0
6537ac46,0
e70dfcd7,0
6bc8fa28,0
4a722c92,0
b48a4c46,0
ea21e5d0,0
30410af4,0
dbeb72b4,0
37e30b59,0
549419cc,0
4904c0cf,0
08a99354,0
e217545d,0
8dbbe6d0,0
e99e7894,0
ed02de8d,0
b4e64ada,0
12148de9,0
20d419d3,0
802181fa,0
a18852b3,0
d1133c2a,0
9c6205b6,0
74d43823,0
899c4003,0
2e43101a,0
6537ac46,0
e70dfcd7,0
6bc8fa28,0
4a722c92,0
b48a4c46,0
ea21e5d0,0
46f87051,0
50acd74c,0
614e2666,0
549419cc,0
4904c0cf,0
08a99354,0
f6be2772,0
e217545d,0
36d155ea,0
e99e7894,0
ed02de8d,0
b4e64ada,0
12148de9,0
20d419d3,0
802181fa,0
a18852b3,0
d1133c2a,0
9c6205b6,0
b43c583f,0
74d43823,0
899c4003,0
2e43101a,0
6537ac46,0
e70dfcd7,0
6bc8fa28,0
4a722c92,0
b48a4c46,0
ea21e5d0,0
85f20945,0
9e69e074,0
614e2666,0
549419cc,0
4904c0cf,0
08a99354,0
e217545d,0
1549f9fa,0
e99e7894,0
ed02de8d,0
b4e64ada,0
12148de9,0
20d419d3,0
802181fa,0
a18852b3,0
d1133c2a,0
9c6205b6,0
74d43823,0
899c4003,0
2e43101a,0
6537ac46,0
e70dfcd7,0
6bc8fa28,0
4a722c92,0
b48a4c46,0
ea21e5d0,0
24cf6c04,0
7484ccaa,0
37e30b59,0
549419cc,0
4904c0cf,0
08a99354,0
2f8d149c,0
e217545d,0
bdcf7a7f,0
e99e7894,0
ed02de8d,0
b4e64ada,0
12148de9,0
20d419d3,0
802181fa,0
a18852b3,0
d1133c2a,0
9c6205b6,0
aba3004a,0
74d43823,0
899c4003,0
2e43101a,0
6537ac46,0
e70dfcd7,0
6bc8fa28,0
4a722c92,0
b48a4c46,0
ea21e5d0,0
f252908a,0
6be265fa,0
614e2666,0
549419cc,0
4904c0cf,0
08a99354,0
1406740a,0
e217545d,0
e99e7894,0
ed02de8d,0
b4e64ada,0
12148de9,0
20d419d3,0
802181fa,0
a18852b3,0
d1133c2a,0
9c6205b6,0
74d43823,0
899c4003,0
2e43101a,0
6537ac46,0
e70dfcd7,0
6bc8fa28,0
4a722c92,0
b48a4c46,0
ea21e5d0,0
2abeaacc,0
19a98c94,0
614e2666,0
549419cc,0
4904c0cf,0
08a99354,0
a1dfef53,0
e217545d,0
6e2065c8,0
e99e7894,0
ed02de8d,0
b4e64ada,0
12148de9,0
20d419d3,0
802181fa,0
a18852b3,0
d1133c2a,0
9c6205b6,0
dbde2f83,0
74d43823,0
899c4003,0
2e43101a,0
6537ac46,0
e70dfcd7,0
6bc8fa28,0
4a722c92,0
b48a4c46,0
ea21e5d0,0
86ab49e4,0
f1a5fcc8,0
614e2666,0
549419cc,0
4904c0cf,0
08a99354,0
b00799fe,0
e217545d,0
b838633c,0
e99e7894,0
ed02de8d,0
b4e64ada,0
12148de9,0
20d419d3,0
802181fa,0
a18852b3,0
d1133c2a,0
9c6205b6,0
dbe1d516,0
74d43823,0
899c4003,0
2e43101a,0
6537ac46,0
e70dfcd7,0
6bc8fa28,0
4a722c92,0
b48a4c46,0
ea21e5d0,0
442cc4f6,0
066380ba,0
37e30b59,0
549419cc,0
4904c0cf,0
08a99354,0
e217545d,0
e99e7894,0
ed02de8d,0
b4e64ada,0
12148de9,0
20d419d3,0
802181fa,0
a18852b3,0
d1133c2a,0
9c6205b6,0
74d43823,0
899c4003,0
2e43101a,0
6537ac46,0
e70dfcd7,0
6bc8fa28,0
4a722c92,0
b48a4c46,0
ea21e5d0,0
9a7c9ab5,0
00d6c79c,0
614e2666,0
549419cc,0
4904c0cf,0
08a99354,0
e217545d,0
e99e7894,0
ed02de8d,0
b4e64ada,0
12148de9,0
20d419d3,0
802181fa,0
a18852b3,0
d1133c2a,0
9c6205b6,0
853d7d40,0
74d43823,0
899c4003,0
2e43101a,0
6537ac46,0
e70dfcd7,0
6bc8fa28,0
4a722c92,0
b48a4c46,0
ea21e5d0,0
6ae53f68,0
5b9d5945,0
37e30b59,0
549419cc,0
4904c0cf,0
08a99354,0
e217545d,0
c7a6604a,0
e99e7894,0
ed02de8d,0
b4e64ada,0
12148de9,0
20d419d3,0
802181fa,0
a18852b3,0
d1133c2a,0
9c6205b6,0
2438cefc,0
74d43823,0
899c4003,0
2e43101a,0
6537ac46,0
e70dfcd7,0
6bc8fa28,0
4a722c92,0
b48a4c46,0
ea21e5d0,0
a0ee602d,0
78666433,0
37e30b59,0
549419cc,0
4904c0cf,0
08a99354,0
e217545d,0
e99e7894,0
ed02de8d,0
b4e64ada,0
12148de9,0
20d419d3,0
802181fa,0
a18852b3,0
d1133c2a,0
9c6205b6,0
74d43823,0
899c4003,0
2e43101a,0
6537ac46,0
e70dfcd7,0
6bc8fa28,0
4a722c92,0
b48a4c46,0
ea21e5d0,0
d7a9631e,0
204b160d,0
37e30b59,0
549419cc,0
4904c0cf,0
08a99354,0
25e2766d,0
e217545d,0
f08b7847,0
e99e7894,0
ed02de8d,0
b4e64ada,0
12148de9,0
20d419d3,0
802181fa,0
a18852b3,0
d1133c2a,0
9c6205b6,0
7434a6a3,0
74d43823,0
899c4003,0
2e43101a,0
6537ac46,0
e70dfcd7,0
6bc8fa28,0
4a722c92,0
b48a4c46,0
ea21e5d0,0
ee51a558,0
4cb7272e,0
614e2666,0
549419cc,0
4904c0cf,0
08a99354,0
e217545d,0
10f5dbe6,0
e99e7894,0
ed02de8d,0
b4e64ada,0
12148de9,0
20d419d3,0
802181fa,0
a18852b3,0
d1133c2a,0
9c6205b6,0
66a99ce1,0
74d43823,0
899c4003,0
2e43101a,0
6537ac46,0
e70dfcd7,0
6bc8fa28,0
4a722c92,0
b48a4c46,0
ea21e5d0,0
9bc640b8,0
6b9f2bd3,0
37e30b59,0
549419cc,0
4904c0cf,0
08a99354,0
e217545d,0
e99e7894,0
ed02de8d,0
b4e64ada,0
12148de9,0
20d419d3,0
802181fa,0
a18852b3,0
d1133c2a,0
9c6205b6,0
74d43823,0
899c4003,0
2e43101a,0
6537ac46,0
e70dfcd7,0
6bc8fa28,0
4a722c92,0
b48a4c46,0
ea21e5d0,0
9c5c0dc2,0
00eb11ba,0
37e30b59,0
549419cc,0
4904c0cf,0
08a99354,0
68165493,0
e217545d,0
e99e7894,0
ed02de8d,0
b4e64ada,0
12148de9,0
20d419d3,0
802181fa,0
a18852b3,0
d1133c2a,0
9c6205b6,0
79259890,0
74d43823,0
899c4003,0
2e43101a,0
6537ac46,0
e70dfcd7,0
6bc8fa28,0
4a722c92,0
b48a4c46,0
ea21e5d0,0
757338fa,0
7182d568,0
37e30b59,0
549419cc,0
4904c0cf,0
08a99354,0
e217545d,0
38a7bdcd,0
e99e7894,0
ed02de8d,0
b4e64ada,0
12148de9,0
20d419d3,0
802181fa,0
a18852b3,0
d1133c2a,0
9c6205b6,0
f4a7e867,0
74d43823,0
899c4003,0
2e43101a,0
6537ac46,0
e70dfcd7,0
6bc8fa28,0
4a722c92,0
b48a4c46,0
ea21e5d0,0
6422ca68,0
88270950,0
37e30b59,0
549419cc,0
4904c0cf,0
08a99354,0
e217545d,0
e99e7894,0
ed02de8d,0
b4e64ada,0
12148de9,0
20d419d3,0
802181fa,0
a18852b3,0
d1133c2a,0
9c6205b6,0
6cabee3d,0
74d43823,0
899c4003,0
2e43101a,0
6537ac46,0
e70dfcd7,0
6bc8fa28,0
4a722c92,0
b48a4c46,0
ea21e5d0,0
d6a73ed2,0
6fa2762c,0
614e2666,0
549419cc,0
4904c0cf,0
08a99354,0
7a61c775,0
e217545d,0
e99e7894,0
ed02de8d,0
b4e64ada,0
12148de9,0
20d419d3,0
802181fa,0
a18852b3,0
d1133c2a,0
9c6205b6,0
74d43823,0
899c4003,0
2e43101a,0
6537ac46,0
e70dfcd7,0
6bc8fa28,0
4a722c92,0
b48a4c46,0
ea21e5d0,0
01166489,0
ed861134,0
614e2666,0
549419cc,0
4904c0cf,0
08a99354,0
ccf748d0,0
e217545d,0
0a596dca,0
e99e7894,0
ed02de8d,0
b4e64ada,0
12148de9,0
20d419d3,0
802181fa,0
a18852b3,0
d1133c2a,0
9c6205b6,0
74d43823,0
899c4003,0
2e43101a,0
6537ac46,0
e70dfcd7,0
6bc8fa28,0
4a722c92,0
b48a4c46,0
ea21e5d0,0
da32606c,0
43152345,0
614e2666,0
549419cc,0
4904c0cf,0
08a99354,0
e217545d,0
32dec8b7,0
e99e7894,0
ed02de8d,0
b4e64ada,0
12148de9,0
20d419d3,0
802181fa,0
a18852b3,0
d1133c2a,0
9c6205b6,0
ed9f214e,0
74d43823,0
899c4003,0
2e43101a,0
6537ac46,0
e70dfcd7,0
6bc8fa28,0
4a722c92,0
b48a4c46,0
ea21e5d0,0
c39cdf3a,0
5601b96c,0
37e30b59,0
549419cc,0
4904c0cf,0
08a99354,0
e217545d,0
66e2b392,0
e99e7894,0
ed02de8d,0
b4e64ada,0
12148de9,0
20d419d3,0
802181fa,0
a18852b3,0
d1133c2a,0
9c6205b6,0
74d43823,0
899c4003,0
2e43101a,0
6537ac46,0
e70dfcd7,0
6bc8fa28,0
4a722c92,0
b48a4c46,0
ea21e5d0,0
725d5780,0
409c05a8,0
37e30b59,0
549419cc,0
4904c0cf,0
08a99354,0
1cec9ecf,0
e217545d,0
28cd8ac8,0
e99e7894,0
ed02de8d,0
b4e64ada,0
12148de9,0
20d419d3,0
802181fa,0
a18852b3,0
d1133c2a,0
9c6205b6,0
63c6ca0e,0
74d43823,0
899c4003,0
2e43101a,0
6537ac46,0
e70dfcd7,0
6bc8fa28,0
4a722c92,0
b48a4c46,0
ea21e5d0,0
f26a7e8f,0
dfe3acae,0
614e2666,0
549419cc,0
4904c0cf,0
08a99354,0
f4a701c1,0
e217545d,0
100ba614,0
e99e7894,0
ed02de8d,0
b4e64ada,0
12148de9,0
20d419d3,0
802181fa,0
a18852b3,0
d1133c2a,0
9c6205b6,0
e831f804,0
74d43823,0
899c4003,0
2e43101a,0
6537ac46,0
e70dfcd7,0
6bc8fa28,0
4a722c92,0
b48a4c46,0
ea21e5d0,0
892102fd,0
a87f4cd1,0
614e2666,0
549419cc,0
4904c0cf,0
08a99354,0
e217545d,0
e99e7894,0
ed02de8d,0
b4e64ada,0
12148de9,0
20d419d3,0
802181fa,0
a18852b3,0
d1133c2a,0
9c6205b6,0
74d43823,0
899c4003,0
2e43101a,0
6537ac46,0
e70dfcd7,0
6bc8fa28,0
4a722c92,0
b48a4c46,0
ea21e5d0,0
ed788d3e,0
fb601dcb,0
37e30b59,0
549419cc,0
4904c0cf,0
08a99354,0
e217545d,0
0f93fe04,0
e99e7894,0
ed02de8d,0
b4e64ada,0
12148de9,0
20d419d3,0
802181fa,0
a18852b3,0
d1133c2a,0
9c6205b6,0
74d43823,0
899c4003,0
2e43101a,0
6537ac46,0
e70dfcd7,0
6bc8fa28,0
4a722c92,0
b48a4c46,0
ea21e5d0,0
09ea87cb,0
6e2d4385,0
37e30b59,0
549419cc,0
4904c0cf,0
08a99354,0
e217545d,0
045d1f7d,0
e99e7894,0
ed02de8d,0
b4e64ada,0
12148de9,0
20d419d3,0
802181fa,0
a18852b3,0
d1133c2a,0
9c6205b6,0
142415fd,0
74d43823,0
899c4003,0
2e43101a,0
6537ac46,0
e70dfcd7,0
6bc8fa28,0
4a722c92,0
b48a4c46,0
ea21e5d0,0
154ec073,0
614e2666,0
549419cc,0
4904c0cf,0
08a99354,0
e217545d,0
e99e7894,0
ed02de8d,0
b4e64ada,0
12148de9,0
20d419d3,0
802181fa,0
a18852b3,0
d1133c2a,0
9c6205b6,0
c25f6a31,0
74d43823,0
899c4003,0
2e43101a,0
6537ac46,0
e70dfcd7,0
6bc8fa28,0
4a722c92,0
b48a4c46,0
ea21e5d0,0
6560a380,0
f120014d,0
37e30b59,0
549419cc,0
4904c0cf,0
08a99354,0
e217545d,0
e99e7894,0
ed02de8d,0
b4e64ada,0
12148de9,0
20d419d3,0
802181fa,0
a18852b3,0
d1133c2a,0
9c6205b6,0
96c3dd01,0
74d43823,0
899c4003,0
2e43101a,0
6537ac46,0
e70dfcd7,0
6bc8fa28,0
4a722c92,0
b48a4c46,0
ea21e5d0,0
3d39b65e,0
30d1fe07,0
37e30b59,0
549419cc,0
4904c0cf,0
08a99354,0
ab2870bd,0
e217545d,0
d5601325,0
e99e7894,0
ed02de8d,0
b4e64ada,0
12148de9,0
20d419d3,0
802181fa,0
a18852b3,0
d1133c2a,0
9c6205b6,0
74d43823,0
899c4003,0
2e43101a,0
6537ac46,0
e70dfcd7,0
6bc8fa28,0
4a722c92,0
b48a4c46,0
ea21e5d0,0
9362c55b,0
f37bbcb6,0
614e2666,0
549419cc,0
4904c0cf,0
08a99354,0
e217545d,0
e99e7894,0
ed02de8d,0
b4e64ada,0
12148de9,0
20d419d3,0
802181fa,0
a18852b3,0
d1133c2a,0
9c6205b6,0
c47d9bb6,0
74d43823,0
899c4003,0
2e43101a,0
6537ac46,0
e70dfcd7,0
6bc8fa28,0
4a722c92,0
b48a4c46,0
ea21e5d0,0
1f4c091d,0
e733088a,0
37e30b59,0
549419cc,0
4904c0cf,0
08a99354,0
e217545d,0
90433db5,0
e99e7894,0
ed02de8d,0
b4e64ada,0
12148de9,0
20d419d3,0
802181fa,0
a18852b3,0
d1133c2a,0
9c6205b6,0
857e5466,0
74d43823,0
899c4003,0
2e43101a,0
6537ac46,0
e70dfcd7,0
6bc8fa28,0
4a722c92,0
b48a4c46,0
ea21e5d0,0
e71be68f,0
614e2666,0
549419cc,0
4904c0cf,0
08a99354,0
e217545d,0
e99e7894,0
ed02de8d,0
b4e64ada,0
12148de9,0
20d419d3,0
802181fa,0
a18852b3,0
d1133c2a,0
9c6205b6,0
74d43823,0
899c4003,0
2e43101a,0
6537ac46,0
e70dfcd7,0
6bc8fa28,0
4a722c92,0
b48a4c46,0
ea21e5d0,0
6ffc07e5,0
f4b2e32c,0
614e2666,0
549419cc,0
4904c0cf,0
08a99354,0
14148176,0
e217545d,0
fa5efafe,0
e99e7894,0
ed02de8d,0
b4e64ada,0
12148de9,0
20d419d3,0
802181fa,0
a18852b3,0
d1133c2a,0
9c6205b6,0
74d43823,0
899c4003,0
2e43101a,0
6537ac46,0
e70dfcd7,0
6bc8fa28,0
4a722c92,0
b48a4c46,0
ea21e5d0,0
af4682f1,0
b2306d4c,0
37e30b59,0
549419cc,0
4904c0cf,0
08a99354,0
e217545d,0
ae450c64,0
e99e7894,0
ed02de8d,0
b4e64ada,0
12148de9,0
20d419d3,0
802181fa,0
a18852b3,0
d1133c2a,0
9c6205b6,0
14b286e9,0
74d43823,0
899c4003,0
2e43101a,0
6537ac46,0
e70dfcd7,0
6bc8fa28,0
4a722c92,0
b48a4c46,0
ea21e5d0,0
7634a6d4,0
614e2666,0
549419cc,0
4904c0cf,0
08a99354,0
a87778ce,0
e217545d,0
e99e7894,0
ed02de8d,0
b4e64ada,0
12148de9,0
20d419d3,0
802181fa,0
a18852b3,0
d1133c2a,0
9c6205b6,0
759f4735,0
74d43823,0
899c4003,0
2e43101a,0
6537ac46,0
e70dfcd7,0
6bc8fa28,0
4a722c92,0
b48a4c46,0
ea21e5d0,0
309cfbbd,0
5becb4ab,0
37e30b59,0
549419cc,0
4904c0cf,0
08a99354,0
8e2b8e21,0
e217545d,0
e99e7894,0
ed02de8d,0
b4e64ada,0
12148de9,0
20d419d3,0
802181fa,0
a18852b3,0
d1133c2a,0
9c6205b6,0
74d43823,0
899c4003,0
2e43101a,0
6537ac46,0
e70dfcd7,0
6bc8fa28,0
4a722c92,0
b48a4c46,0
ea21e5d0,0
7a0bf0bf,0
0db88d5e,0
614e2666,0
549419cc,0
4904c0cf,0
08a99354,0
e217545d,0
0e440d49,0
e99e7894,0
ed02de8d,0
b4e64ada,0
12148de9,0
20d419d3,0
802181fa,0
a18852b3,0
d1133c2a,0
9c6205b6,0
0ec89bd9,0
74d43823,0
899c4003,0
2e43101a,0
6537ac46,0
e70dfcd7,0
6bc8fa28,0
4a722c92,0
b48a4c46,0
ea21e5d0,0
1ca49ac0,0
71c35fd9,0
614e2666,0
549419cc,0
4904c0cf,0
08a99354,0
e217545d,0
5dd98924,0
e99e7894,0
ed02de8d,0
b4e64ada,0
12148de9,0
20d419d3,0
802181fa,0
a18852b3,0
d1133c2a,0
9c6205b6,0
74d43823,0
899c4003,0
2e43101a,0
6537ac46,0
e70dfcd7,0
6bc8fa28,0
4a722c92,0
b48a4c46,0
ea21e5d0,0
2a7d18f5,0
fe2ef08b,0
614e2666,0
549419cc,0
4904c0cf,0
08a99354,0
d0071953,0
e217545d,0
bd70ea0a,0
e99e7894,0
ed02de8d,0
b4e64ada,0
12148de9,0
20d419d3,0
802181fa,0
a18852b3,0
d1133c2a,0
9c6205b6,0
74d43823,0
899c4003,0
2e43101a,0
6537ac46,0
e70dfcd7,0
6bc8fa28,0
4a722c92,0
b48a4c46,0
ea21e5d0,0
af43b25b,0
682544bf,0
37e30b59,0
549419cc,0
4904c0cf,0
08a99354,0
e217545d,0
e99e7894,0
ed02de8d,0
b4e64ada,0
12148de9,0
20d419d3,0
802181fa,0
a18852b3,0
d1133c2a,0
9c6205b6,0
74d43823,0
899c4003,0
2e43101a,0
6537ac46,0
e70dfcd7,0
6bc8fa28,0
4a722c92,0
b48a4c46,0
ea21e5d0,0
d06d4ce0,0
bef18c87,0
37e30b59,0
549419cc,0
4904c0cf,0
08a99354,0
e217545d,0
dbd59864,0
e99e7894,0
ed02de8d,0
b4e64ada,0
12148de9,0
20d419d3,0
802181fa,0
a18852b3,0
d1133c2a,0
9c6205b6,0
dfe808f3,0
74d43823,0
899c4003,0
2e43101a,0
6537ac46,0
e70dfcd7,0
6bc8fa28,0
4a722c92,0
b48a4c46,0
ea21e5d0,0
9f595526,0
c73b7818,0
614e2666,0
549419cc,0
4904c0cf,0
08a99354,0
e217545d,0
b62871d8,0
e99e7894,0
ed02de8d,0
b4e64ada,0
12148de9,0
20d419d3,0
802181fa,0
a18852b3,0
d1133c2a,0
9c6205b6,0
828155f2,0
74d43823,0
899c4003,0
2e43101a,0
6537ac46,0
e70dfcd7,0
6bc8fa28,0
4a722c92,0
b48a4c46,0
ea21e5d0,0
2695e0be,0
bb7cc353,0
614e2666,0
549419cc,0
4904c0cf,0
08a99354,0
e217545d,0
e99e7894,0
ed02de8d,0
b4e64ada,0
12148de9,0
20d419d3,0
802181fa,0
a18852b3,0
d1133c2a,0
9c6205b6,0
ed52b56a,0
74d43823,0
899c4003,0
2e43101a,0
6537ac46,0
e70dfcd7,0
6bc8fa28,0
4a722c92,0
b48a4c46,0
ea21e5d0,0
a25365db,0
6289a656,0
614e2666,0
549419cc,0
4904c0cf,0
08a99354,0
776ea857,0
e217545d,0
585918e8,0
e99e7894,0
ed02de8d,0
b4e64ada,0
12148de9,0
20d419d3,0
802181fa,0
a18852b3,0
d1133c2a,0
9c6205b6,0
74d43823,0
899c4003,0
2e43101a,0
6537ac46,0
e70dfcd7,0
6bc8fa28,0
4a722c92,0
b48a4c46,0
ea21e5d0,0
3f512b67,0
652ca9d0,0
37e30b59,0
549419cc,0
4904c0cf,0
08a99354,0
df1589ec,0
e217545d,0
1ebef625,0
e99e7894,0
ed02de8d,0
b4e64ada,0
12148de9,0
20d419d3,0
802181fa,0
a18852b3,0
d1133c2a,0
9c6205b6,0
74d43823,0
899c4003,0
2e43101a,0
6537ac46,0
e70dfcd7,0
6bc8fa28,0
4a722c92,0
b48a4c46,0
ea21e5d0,0
a4830774,0
4404b137,0
614e2666,0
549419cc,0
4904c0cf,0
08a99354,0
e217545d,0
91ca6866,0
e99e7894,0
ed02de8d,0
b4e64ada,0
12148de9,0
20d419d3,0
802181fa,0
a18852b3,0
d1133c2a,0
9c6205b6,0
74d43823,0
899c4003,0
2e43101a,0
6537ac46,0
e70dfcd7,0
6bc8fa28,0
4a722c92,0
b48a4c46,0
ea21e5d0,0
b57f5763,0
fac2cebd,0
37e30b59,0
549419cc,0
4904c0cf,0
08a99354,0
122cc290,0
e217545d,0
505aa463,0
e99e7894,0
ed02de8d,0
b4e64ada,0
12148de9,0
20d419d3,0
802181fa,0
a18852b3,0
d1133c2a,0
9c6205b6,0
12174593,0
74d43823,0
899c4003,0
2e43101a,0
6537ac46,0
e70dfcd7,0
6bc8fa28,0
4a722c92,0
b48a4c46,0
ea21e5d0,0
983ebe57,0
bdce9875,0
37e30b59,0
549419cc,0
4904c0cf,0
08a99354,0
e217545d,0
d423be1d,0
e99e7894,0
ed02de8d,0
b4e64ada,0
12148de9,0
20d419d3,0
802181fa,0
a18852b3,0
d1133c2a,0
9c6205b6,0
74d43823,0
899c4003,0
2e43101a,0
6537ac46,0
e70dfcd7,0
6bc8fa28,0
4a722c92,0
b48a4c46,0
ea21e5d0,0
a6c526b2,0
2a3ce2b1,0
37e30b59,0
549419cc,0
4904c0cf,0
08a99354,0
757e3497,0
e217545d,0
e99e7894,0
ed02de8d,0
b4e64ada,0
12148de9,0
20d419d3,0
802181fa,0
a18852b3,0
d1133c2a,0
9c6205b6,0
3aa3a064,0
74d43823,0
899c4003,0
2e43101a,0
6537ac46,0
e70dfcd7,0
6bc8fa28,0
4a722c92,0
b48a4c46,0
ea21e5d0,0
c7e824be,0
fe9e5e95,0
614e2666,0
549419cc,0
4904c0cf,0
08a99354,0
e217545d,0
31212421,0
e99e7894,0
ed02de8d,0
b4e64ada,0
12148de9,0
20d419d3,0
802181fa,0
a18852b3,0
d1133c2a,0
9c6205b6,0
74d43823,0
899c4003,0
2e43101a,0
6537ac46,0
e70dfcd7,0
6bc8fa28,0
4a722c92,0
b48a4c46,0
ea21e5d0,0
7398b94a,0
6756d3a9,0
614e2666,0
549419cc,0
4904c0cf,0
08a99354,0
e217545d,0
1ab35dec,0
e99e7894,0
ed02de8d,0
b4e64ada,0
12148de9,0
20d419d3,0
802181fa,0
a18852b3,0
d1133c2a,0
9c6205b6,0
95a2b5a2,0
74d43823,0
899c4003,0
2e43101a,0
6537ac46,0
e70dfcd7,0
6bc8fa28,0
4a722c92,0
b48a4c46,0
ea21e5d0,0
e254c8ca,0
d021e116,0
614e2666,0
549419cc,0
4904c0cf,0
08a99354,0
e217545d,0
e99e7894,0
ed02de8d,0
b4e64ada,0
12148de9,0
20d419d3,0
802181fa,0
a18852b3,0
d1133c2a,0
9c6205b6,0
66c7cee6,0
74d43823,0
899c4003,0
2e43101a,0
6537ac46,0
e70dfcd7,0
6bc8fa28,0
4a722c92,0
b48a4c46,0
ea21e5d0,0
1555e8c0,0
c6c8936e,0
37e30b59,0
549419cc,0
4904c0cf,0
08a99354,0
e217545d,0
1944cf01,0
e99e7894,0
ed02de8d,0
b4e64ada,0
12148de9,0
20d419d3,0
802181fa,0
a18852b3,0
d1133c2a,0
9c6205b6,0
c51e9a29,0
74d43823,0
899c4003,0
2e43101a,0
6537ac46,0
e70dfcd7,0
6bc8fa28,0
4a722c92,0
b48a4c46,0
ea21e5d0,0
72b40634,0
a1e3225c,0
37e30b59,0
549419cc,0
4904c0cf,0
08a99354,0
e217545d,0
27bc349a,0
e99e7894,0
ed02de8d,0
b4e64ada,0
12148de9,0
20d419d3,0
802181fa,0
a18852b3,0
d1133c2a,0
9c6205b6,0
74d43823,0
899c4003,0
2e43101a,0
6537ac46,0
e70dfcd7,0
6bc8fa28,0
4a722c92,0
b48a4c46,0
ea21e5d0,0
a1941f4a,0
7108965c,0
37e30b59,0
549419cc,0
4904c0cf,0
08a99354,0
e217545d,0
e99e7894,0
ed02de8d,0
b4e64ada,0
12148de9,0
20d419d3,0
802181fa,0
a18852b3,0
d1133c2a,0
9c6205b6,0
402330e9,0
74d43823,0
899c4003,0
2e43101a,0
6537ac46,0
e70dfcd7,0
6bc8fa28,0
4a722c92,0
b48a4c46,0
ea21e5d0,0
0ef746f2,0
515f8808,0
37e30b59,0
549419cc,0
4904c0cf,0
08a99354,0
e217545d,0
93f146a8,0
e99e7894,0
ed02de8d,0
b4e64ada,0
12148de9,0
20d419d3,0
802181fa,0
a18852b3,0
d1133c2a,0
9c6205b6,0
8367903c,0
74d43823,0
899c4003,0
2e43101a,0
6537ac46,0
e70dfcd7,0
6bc8fa28,0
4a722c92,0
b48a4c46,0
ea21e5d0,0
914e8320,0
a6dacfc4,0
614e2666,0
549419cc,0
4904c0cf,0
08a99354,0
cbc10fc2,0
e217545d,0
2bfae990,0
e99e7894,0
ed02de8d,0
b4e64ada,0
12148de9,0
20d419d3,0
802181fa,0
a18852b3,0
d1133c2a,0
9c6205b6,0
74d43823,0
899c4003,0
2e43101a,0
6537ac46,0
e70dfcd7,0
6bc8fa28,0
4a722c92,0
b48a4c46,0
ea21e5d0,0
61dd705a,0
b6543f4b,0
614e2666,0
549419cc,0
4904c0cf,0
08a99354,0
e217545d,0
e99e7894,0
ed02de8d,0
b4e64ada,0
12148de9,0
20d419d3,0
802181fa,0
a18852b3,0
d1133c2a,0
9c6205b6,0
3c647be1,0
74d43823,0
899c4003,0
2e43101a,0
6537ac46,0
e70dfcd7,0
6bc8fa28,0
4a722c92,0
b48a4c46,0
ea21e5d0,0
b430908b,0
f01b6c31,0
37e30b59,0
549419cc,0
4904c0cf,0
08a99354,0
e217545d,0
ccfc5305,0
e99e7894,0
ed02de8d,0
b4e64ada,0
12148de9,0
20d419d3,0
802181fa,0
a18852b3,0
d1133c2a,0
9c6205b6,0
74d43823,0
899c4003,0
2e43101a,0
6537ac46,0
e70dfcd7,0
6bc8fa28,0
4a722c92,0
b48a4c46,0
ea21e5d0,0
b48488e1,0
11a70d9b,0
37e30b59,0
549419cc,0
4904c0cf,0
08a99354,0
366fae0b,0
e217545d,0
82d7d619,0
e99e7894,0
ed02de8d,0
b4e64ada,0
12148de9,0
20d419d3,0
802181fa,0
a18852b3,0
d1133c2a,0
9c6205b6,0
74d43823,0
899c4003,0
2e43101a,0
6537ac46,0
e70dfcd7,0
6bc8fa28,0
4a722c92,0
b48a4c46,0
ea21e5d0,0
84488335,0
09bcc50c,0
614e2666,0
549419cc,0
4904c0cf,0
08a99354,0
e217545d,0
bc8f4c81,0
e99e7894,0
ed02de8d,0
b4e64ada,0
12148de9,0
20d419d3,0
802181fa,0
a18852b3,0
d1133c2a,0
9c6205b6,0
74d43823,0
899c4003,0
2e43101a,0
6537ac46,0
e70dfcd7,0
6bc8fa28,0
4a722c92,0
b48a4c46,0
ea21e5d0,0
ac15ec4e,0
a9a46b03,0
614e2666,0
549419cc,0
4904c0cf,0
08a99354,0
eddbf3d9,0
e217545d,0
0428a513,0
e99e7894,0
ed02de8d,0
b4e64ada,0
12148de9,0
20d419d3,0
802181fa,0
a18852b3,0
d1133c2a,0
9c6205b6,0
74d43823,0
899c4003,0
2e43101a,0
6537ac46,0
e70dfcd7,0
6bc8fa28,0
4a722c92,0
b48a4c46,0
ea21e5d0,0
dfee1e58,0
1267c31f,0
614e2666,0
549419cc,0
4904c0cf,0
08a99354,0
e217545d,0
e99e7894,0
ed02de8d,0
b4e64ada,0
12148de9,0
20d419d3,0
802181fa,0
a18852b3,0
d1133c2a,0
9c6205b6,0
74d43823,0
899c4003,0
2e43101a,0
6537ac46,0
e70dfcd7,0
6bc8fa28,0
4a722c92,0
b48a4c46,0
ea21e5d0,0
269cc1ec,0
a2c73298,0
37e30b59,0
549419cc,0
4904c0cf,0
08a99354,0
e217545d,0
e4eef828,0
e99e7894,0
ed02de8d,0
b4e64ada,0
12148de9,0
20d419d3,0
802181fa,0
a18852b3,0
d1133c2a,0
9c6205b6,0
e4ef7c33,0
74d43823,0
899c4003,0
2e43101a,0
6537ac46,0
e70dfcd7,0
6bc8fa28,0
4a722c92,0
b48a4c46,0
ea21e5d0,0
7812dfa0,0
7f6aaf85,0
614e2666,0
549419cc,0
4904c0cf,0
08a99354,0
ac727927,0
e217545d,0
5f1d90c9,0
e99e7894,0
ed02de8d,0
b4e64ada,0
12148de9,0
20d419d3,0
802181fa,0
a18852b3,0
d1133c2a,0
9c6205b6,0
ccd07df6,0
74d43823,0
899c4003,0
2e43101a,0
6537ac46,0
e70dfcd7,0
6bc8fa28,0
4a722c92,0
b48a4c46,0
ea21e5d0,0
93523e9d,0
6cb93ed4,0
37e30b59,0
549419cc,0
4904c0cf,0
08a99354,0
b33d6e1e,0
e217545d,0
09b4fc97,0
e99e7894,0
ed02de8d,0
b4e64ada,0
12148de9,0
20d419d3,0
802181fa,0
a18852b3,0
d1133c2a,0
9c6205b6,0
f3d36b11,0
74d43823,0
899c4003,0
2e43101a,0
6537ac46,0
e70dfcd7,0
6bc8fa28,0
4a722c92,0
b48a4c46,0
ea21e5d0,0
d2646c2e,0
b73ac81c,0
614e2666,0
549419cc,0
4904c0cf,0
08a99354,0
e217545d,0
e99e7894,0
ed02de8d,0
b4e64ada,0
12148de9,0
20d419d3,0
802181fa,0
a18852b3,0
d1133c2a,0
9c6205b6,0
77419621,0
74d43823,0
899c4003,0
2e43101a,0
6537ac46,0
e70dfcd7,0
6bc8fa28,0
4a722c92,0
b48a4c46,0
ea21e5d0,0
e38c074f,0
df303873,0
37e30b59,0
549419cc,0
4904c0cf,0
08a99354,0
3b19f8fc,0
e217545d,0
33aedeef,0
e99e7894,0
ed02de8d,0
b4e64ada,0
12148de9,0
20d419d3,0
802181fa,0
a18852b3,0
d1133c2a,0
9c6205b6,0
8d03d131,0
74d43823,0
899c4003,0
2e43101a,0
6537ac46,0
e70dfcd7,0
6bc8fa28,0
4a722c92,0
b48a4c46,0
ea21e5d0,0
8b961048,0
614e2666,0
549419cc,0
4904c0cf,0
08a99354,0
6e8cf42d,0
e217545d,0
e99e7894,0
ed02de8d,0
b4e64ada,0
12148de9,0
20d419d3,0
802181fa,0
a18852b3,0
d1133c2a,0
9c6205b6,0
74d43823,0
899c4003,0
2e43101a,0
6537ac46,0
e70dfcd7,0
6bc8fa28,0
4a722c92,0
b48a4c46,0
ea21e5d0,0
850fc5b8,0
f85592fa,0
614e2666,0
549419cc,0
4904c0cf,0
08a99354,0
e217545d,0
1853042b,0
e99e7894,0
ed02de8d,0
b4e64ada,0
12148de9,0
20d419d3,0
802181fa,0
a18852b3,0
d1133c2a,0
9c6205b6,0
7b522a60,0
74d43823,0
899c4003,0
2e43101a,0
6537ac46,0
e70dfcd7,0
6bc8fa28,0
4a722c92,0
b48a4c46,0
ea21e5d0,0
bd9f93ab,0
b12a756b,0
37e30b59,0
549419cc,0
4904c0cf,0
08a99354,0
4bdbedd2,0
e217545d,0
e99e7894,0
ed02de8d,0
b4e64ada,0
12148de9,0
20d419d3,0
802181fa,0
a18852b3,0
d1133c2a,0
9c6205b6,0
09179168,0
74d43823,0
899c4003,0
2e43101a,0
6537ac46,0
e70dfcd7,0
6bc8fa28,0
4a722c92,0
b48a4c46,0
ea21e5d0,0
f4dd0fa8,0
2dd91af8,0
37e30b59,0
549419cc,0
4904c0cf,0
08a99354,0
5c2c8346,0
e217545d,0
2502052e,0
e99e7894,0
ed02de8d,0
b4e64ada,0
12148de9,0
20d419d3,0
802181fa,0
a18852b3,0
d1133c2a,0
9c6205b6,0
94bdf81c,0
74d43823,0
899c4003,0
2e43101a,0
6537ac46,0
e70dfcd7,0
6bc8fa28,0
4a722c92,0
b48a4c46,0
ea21e5d0,0
baa76ae0,0
bf901a52,0
37e30b59,0
549419cc,0
4904c0cf,0
08a99354,0
e217545d,0
e32d4a14,0
e99e7894,0
ed02de8d,0
b4e64ada,0
12148de9,0
20d419d3,0
802181fa,0
a18852b3,0
d1133c2a,0
9c6205b6,0
74d43823,0
899c4003,0
2e43101a,0
6537ac46,0
e70dfcd7,0
6bc8fa28,0
4a722c92,0
b48a4c46,0
ea21e5d0,0
475e55be,0
f2de7677,0
37e30b59,0
549419cc,0
4904c0cf,0
08a99354,0
a6fda5ad,0
e217545d,0
e99e7894,0
ed02de8d,0
b4e64ada,0
12148de9,0
20d419d3,0
802181fa,0
a18852b3,0
d1133c2a,0
9c6205b6,0
74d43823,0
899c4003,0
2e43101a,0
6537ac46,0
e70dfcd7,0
6bc8fa28,0
4a722c92,0
b48a4c46,0
ea21e5d0,0
b72a07a7,0
5e71a741,0
614e2666,0
549419cc,0
4904c0cf,0
08a99354,0
5509acde,0
e217545d,0
e99e7894,0
ed02de8d,0
b4e64ada,0
12148de9,0
20d419d3,0
802181fa,0
a18852b3,0
d1133c2a,0
9c6205b6,0
74d43823,0
899c4003,0
2e43101a,0
6537ac46,0
e70dfcd7,0
6bc8fa28,0
4a722c92,0
b48a4c46,0
ea21e5d0,0
01166489,0
60285a53,0
614e2666,0
549419cc,0
4904c0cf,0
08a99354,0
0279c224,0
e217545d,0
e99e7894,0
ed02de8d,0
b4e64ada,0
12148de9,0
20d419d3,0
802181fa,0
a18852b3,0
d1133c2a,0
9c6205b6,0
acfdc97c,0
74d43823,0
899c4003,0
2e43101a,0
6537ac46,0
e70dfcd7,0
6bc8fa28,0
4a722c92,0
b48a4c46,0
ea21e5d0,0
305a02a8,0
4b6b6b44,0
614e2666,0
549419cc,0
4904c0cf,0
08a99354,0
2683c39f,0
e217545d,0
e99e7894,0
ed02de8d,0
b4e64ada,0
12148de9,0
20d419d3,0
802181fa,0
a18852b3,0
d1133c2a,0
9c6205b6,0
74d43823,0
899c4003,0
2e43101a,0
6537ac46,0
e70dfcd7,0
6bc8fa28,0
4a722c92,0
b48a4c46,0
ea21e5d0,0
a56a22e0,0
104231cb,0
37e30b59,0
549419cc,0
4904c0cf,0
08a99354,0
472a9eef,0
e217545d,0
e99e7894,0
ed02de8d,0
b4e64ada,0
12148de9,0
20d419d3,0
802181fa,0
a18852b3,0
d1133c2a,0
9c6205b6,0
2da2ac60,0
74d43823,0
899c4003,0
2e43101a,0
6537ac46,0
e70dfcd7,0
6bc8fa28,0
4a722c92,0
b48a4c46,0
ea21e5d0,0
8641940f,0
cc83bb7c,0
37e30b59,0
549419cc,0
4904c0cf,0
08a99354,0
e217545d,0
e99e7894,0
ed02de8d,0
b4e64ada,0
12148de9,0
20d419d3,0
802181fa,0
a18852b3,0
d1133c2a,0
9c6205b6,0
99a00640,0
74d43823,0
899c4003,0
2e43101a,0
6537ac46,0
e70dfcd7,0
6bc8fa28,0
4a722c92,0
b48a4c46,0
ea21e5d0,0
2250177a,0
46e93bdb,0
614e2666,0
549419cc,0
4904c0cf,0
08a99354,0
0c73d8a5,0
e217545d,0
4c7d725b,0
e99e7894,0
ed02de8d,0
b4e64ada,0
12148de9,0
20d419d3,0
802181fa,0
a18852b3,0
d1133c2a,0
9c6205b6,0
74d43823,0
899c4003,0
2e43101a,0
6537ac46,0
e70dfcd7,0
6bc8fa28,0
4a722c92,0
b48a4c46,0
ea21e5d0,0
76d8d0bc,0
8481d243,0
37e30b59,0
549419cc,0
4904c0cf,0
08a99354,0
6a241576,0
e217545d,0
6c2ee54c,0
e99e7894,0
ed02de8d,0
b4e64ada,0
12148de9,0
20d419d3,0
802181fa,0
a18852b3,0
d1133c2a,0
9c6205b6,0
642fcb3d,0
74d43823,0
899c4003,0
2e43101a,0
6537ac46,0
e70dfcd7,0
6bc8fa28,0
4a722c92,0
b48a4c46,0
ea21e5d0,0
850fc5b8,0
67aea546,0
37e30b59,0
549419cc,0
4904c0cf,0
08a99354,0
e217545d,0
e24e3aee,0
e99e7894,0
ed02de8d,0
b4e64ada,0
12148de9,0
20d419d3,0
802181fa,0
a18852b3,0
d1133c2a,0
9c6205b6,0
74d43823,0
899c4003,0
2e43101a,0
6537ac46,0
e70dfcd7,0
6bc8fa28,0
4a722c92,0
b48a4c46,0
ea21e5d0,0
30f95158,0
e9c4bcfc,0
614e2666,0
549419cc,0
4904c0cf,0
08a99354,0
e217545d,0
44a5a484,0
e99e7894,0
ed02de8d,0
b4e64ada,0
12148de9,0
20d419d3,0
802181fa,0
a18852b3,0
d1133c2a,0
9c6205b6,0
74d43823,0
899c4003,0
2e43101a,0
6537ac46,0
e70dfcd7,0
6bc8fa28,0
4a722c92,0
b48a4c46,0
ea21e5d0,0
d1f59ed7,0
6c1285a4,0
37e30b59,0
549419cc,0
4904c0cf,0
08a99354,0
e217545d,0
e99e7894,0
ed02de8d,0
b4e64ada,0
12148de9,0
20d419d3,0
802181fa,0
a18852b3,0
d1133c2a,0
9c6205b6,0
2fc5f394,0
74d43823,0
899c4003,0
2e43101a,0
6537ac46,0
e70dfcd7,0
6bc8fa28,0
4a722c92,0
b48a4c46,0
ea21e5d0,0
2c74173b,0
2620a1af,0
37e30b59,0
549419cc,0
4904c0cf,0
08a99354,0
e217545d,0
0890722e,0
e99e7894,0
ed02de8d,0
b4e64ada,0
12148de9,0
20d419d3,0
802181fa,0
a18852b3,0
d1133c2a,0
9c6205b6,0
d7705115,0
74d43823,0
899c4003,0
2e43101a,0
6537ac46,0
e70dfcd7,0
6bc8fa28,0
4a722c92,0
b48a4c46,0
ea21e5d0,0
da9401b9,0
614e2666,0
549419cc,0
4904c0cf,0
08a99354,0
8c6d7c79,0
e217545d,0
970ad3e1,0
e99e7894,0
ed02de8d,0
b4e64ada,0
12148de9,0
20d419d3,0
802181fa,0
a18852b3,0
d1133c2a,0
9c6205b6,0
74d43823,0
899c4003,0
2e43101a,0
6537ac46,0
e70dfcd7,0
6bc8fa28,0
4a722c92,0
b48a4c46,0
ea21e5d0,0
593d8725,0
d3d7a4fe,0
37e30b59,0
549419cc,0
4904c0cf,0
08a99354,0
181a1e8f,0
e217545d,0
c653ca74,0
e99e7894,0
ed02de8d,0
b4e64ada,0
12148de9,0
20d419d3,0
802181fa,0
a18852b3,0
d1133c2a,0
9c6205b6,0
0e47dda7,0
74d43823,0
899c4003,0
2e43101a,0
6537ac46,0
e70dfcd7,0
6bc8fa28,0
4a722c92,0
b48a4c46,0
ea21e5d0,0
e4d004f4,0
ec01f54f,0
614e2666,0
549419cc,0
4904c0cf,0
08a99354,0
e1138196,0
e217545d,0
8580ebe3,0
e99e7894,0
ed02de8d,0
b4e64ada,0
12148de9,0
20d419d3,0
802181fa,0
a18852b3,0
d1133c2a,0
9c6205b6,0
74d43823,0
899c4003,0
2e43101a,0
6537ac46,0
e70dfcd7,0
6bc8fa28,0
4a722c92,0
b48a4c46,0
ea21e5d0,0
68a8913e,0
1dbc0221,0
37e30b59,0
549419cc,0
4904c0cf,0
08a99354,0
e217545d,0
1aaa4b13,0
e99e7894,0
ed02de8d,0
b4e64ada,0
12148de9,0
20d419d3,0
802181fa,0
a18852b3,0
d1133c2a,0
9c6205b6,0
d01a2b71,0
74d43823,0
899c4003,0
2e43101a,0
6537ac46,0
e70dfcd7,0
6bc8fa28,0
4a722c92,0
b48a4c46,0
ea21e5d0,0
ff82cc8e,0
4a1c0638,0
37e30b59,0
549419cc,0
4904c0cf,0
08a99354,0
e217545d,0
5cfdb30d,0
e99e7894,0
ed02de8d,0
b4e64ada,0
12148de9,0
20d419d3,0
802181fa,0
a18852b3,0
d1133c2a,0
9c6205b6,0
74d43823,0
899c4003,0
2e43101a,0
6537ac46,0
e70dfcd7,0
6bc8fa28,0
4a722c92,0
b48a4c46,0
ea21e5d0,0
d93767c7,0
617190cd,0
614e2666,0
549419cc,0
4904c0cf,0
08a99354,0
e217545d,0
00cdac24,0
e99e7894,0
ed02de8d,0
b4e64ada,0
12148de9,0
20d419d3,0
802181fa,0
a18852b3,0
d1133c2a,0
9c6205b6,0
74d43823,0
899c4003,0
2e43101a,0
6537ac46,0
e70dfcd7,0
6bc8fa28,0
4a722c92,0
b48a4c46,0
ea21e5d0,0
3b89b2b3,0
11efac2d,0
614e2666,0
549419cc,0
4904c0cf,0
08a99354,0
e217545d,0
85d4e640,0
e99e7894,0
ed02de8d,0
b4e64ada,0
12148de9,0
20d419d3,0
802181fa,0
a18852b3,0
d1133c2a,0
9c6205b6,0
74d43823,0
899c4003,0
2e43101a,0
6537ac46,0
e70dfcd7,0
6bc8fa28,0
4a722c92,0
b48a4c46,0
ea21e5d0,0
805afd0f,0
15b35ce0,0
614e2666,0
549419cc,0
4904c0cf,0
08a99354,0
e217545d,0
f009ffa9,0
e99e7894,0
ed02de8d,0
b4e64ada,0
12148de9,0
20d419d3,0
802181fa,0
a18852b3,0
d1133c2a,0
9c6205b6,0
5ce7d4bf,0
74d43823,0
899c4003,0
2e43101a,0
6537ac46,0
e70dfcd7,0
6bc8fa28,0
4a722c92,0
b48a4c46,0
ea21e5d0,0
33ab2189,0
66986a4c,0
37e30b59,0
549419cc,0
4904c0cf,0
08a99354,0
c04a7cfa,0
e217545d,0
e99e7894,0
ed02de8d,0
b4e64ada,0
12148de9,0
20d419d3,0
802181fa,0
a18852b3,0
d1133c2a,0
9c6205b6,0
74d43823,0
899c4003,0
2e43101a,0
6537ac46,0
e70dfcd7,0
6bc8fa28,0
4a722c92,0
b48a4c46,0
ea21e5d0,0
499dad8b,0
6c941f93,0
614e2666,0
549419cc,0
4904c0cf,0
08a99354,0
e217545d,0
7ee162f5,0
e99e7894,0
ed02de8d,0
b4e64ada,0
12148de9,0
20d419d3,0
802181fa,0
a18852b3,0
d1133c2a,0
9c6205b6,0
0fc87bc1,0
74d43823,0
899c4003,0
2e43101a,0
6537ac46,0
e70dfcd7,0
6bc8fa28,0
4a722c92,0
b48a4c46,0
ea21e5d0,0
d7736c36,0
36e4d6a3,0
37e30b59,0
549419cc,0
4904c0cf,0
08a99354,0
e217545d,0
e99e7894,0
ed02de8d,0
b4e64ada,0
12148de9,0
20d419d3,0
802181fa,0
a18852b3,0
d1133c2a,0
9c6205b6,0
74d43823,0
899c4003,0
2e43101a,0
6537ac46,0
e70dfcd7,0
6bc8fa28,0
4a722c92,0
b48a4c46,0
ea21e5d0,0
6cc52696,0
d4a0528f,0
614e2666,0
549419cc,0
4904c0cf,0
08a99354,0
4a27542b,0
e217545d,0
e99e7894,0
ed02de8d,0
b4e64ada,0
12148de9,0
20d419d3,0
802181fa,0
a18852b3,0
d1133c2a,0
9c6205b6,0
a50c4164,0
74d43823,0
899c4003,0
2e43101a,0
6537ac46,0
e70dfcd7,0
6bc8fa28,0
4a722c92,0
b48a4c46,0
ea21e5d0,0
cceb63c0,0
6ef3f299,0
37e30b59,0
549419cc,0
4904c0cf,0
08a99354,0
e217545d,0
7549de96,0
e99e7894,0
ed02de8d,0
b4e64ada,0
12148de9,0
20d419d3,0
802181fa,0
a18852b3,0
d1133c2a,0
9c6205b6,0
74d43823,0
899c4003,0
2e43101a,0
6537ac46,0
e70dfcd7,0
6bc8fa28,0
4a722c92,0
b48a4c46,0
ea21e5d0,0
4199cbb9,0
9501cca0,0
37e30b59,0
549419cc,0
4904c0cf,0
08a99354,0
e217545d,0
d2bc5c16,0
e99e7894,0
ed02de8d,0
b4e64ada,0
12148de9,0
20d419d3,0
802181fa,0
a18852b3,0
d1133c2a,0
9c6205b6,0
d178c093,0
74d43823,0
899c4003,0
2e43101a,0
6537ac46,0
e70dfcd7,0
6bc8fa28,0
4a722c92,0
b48a4c46,0
ea21e5d0,0
d0d8d386,0
0cb23e73,0
37e30b59,0
549419cc,0
4904c0cf,0
08a99354,0
d2403a93,0
e217545d,0
8960ca0a,0
e99e7894,0
ed02de8d,0
b4e64ada,0
12148de9,0
20d419d3,0
802181fa,0
a18852b3,0
d1133c2a,0
9c6205b6,0
74d43823,0
899c4003,0
2e43101a,0
6537ac46,0
e70dfcd7,0
6bc8fa28,0
4a722c92,0
b48a4c46,0
ea21e5d0,0
4789891d,0
d253fbcd,0
614e2666,0
549419cc,0
4904c0cf,0
08a99354,0
4c18acc5,0
e217545d,0
8764ede3,0
e99e7894,0
ed02de8d,0
b4e64ada,0
12148de9,0
20d419d3,0
802181fa,0
a18852b3,0
d1133c2a,0
9c6205b6,0
b4e6dd37,0
74d43823,0
899c4003,0
2e43101a,0
6537ac46,0
e70dfcd7,0
6bc8fa28,0
4a722c92,0
b48a4c46,0
ea21e5d0,0
012424c7,0
21da13b9,0
37e30b59,0
549419cc,0
4904c0cf,0
08a99354,0
b13fa544,0
e217545d,0
e99e7894,0
ed02de8d,0
b4e64ada,0
12148de9,0
20d419d3,0
802181fa,0
a18852b3,0
d1133c2a,0
9c6205b6,0
55f509e7,0
74d43823,0
899c4003,0
2e43101a,0
6537ac46,0
e70dfcd7,0
6bc8fa28,0
4a722c92,0
b48a4c46,0
ea21e5d0,0
3a87d347,0
7fb5aaa4,0
37e30b59,0
549419cc,0
4904c0cf,0
08a99354,0
5b2f0ffa,0
e217545d,0
252b57dd,0
e99e7894,0
ed02de8d,0
b4e64ada,0
12148de9,0
20d419d3,0
802181fa,0
a18852b3,0
d1133c2a,0
9c6205b6,0
b448bd9a,0
74d43823,0
899c4003,0
2e43101a,0
6537ac46,0
e70dfcd7,0
6bc8fa28,0
4a722c92,0
b48a4c46,0
ea21e5d0,0
72b40634,0
3224fdde,0
37e30b59,0
549419cc,0
4904c0cf,0
08a99354,0
e217545d,0
4773ece9,0
e99e7894,0
ed02de8d,0
b4e64ada,0
12148de9,0
20d419d3,0
802181fa,0
a18852b3,0
d1133c2a,0
9c6205b6,0
5aab95ac,0
74d43823,0
899c4003,0
2e43101a,0
6537ac46,0
e70dfcd7,0
6bc8fa28,0
4a722c92,0
b48a4c46,0
ea21e5d0,0
378cdd8f,0
cb32ba21,0
614e2666,0
549419cc,0
4904c0cf,0
08a99354,0
e217545d,0
4c2739de,0
e99e7894,0
ed02de8d,0
b4e64ada,0
12148de9,0
20d419d3,0
802181fa,0
a18852b3,0
d1133c2a,0
9c6205b6,0
74d43823,0
899c4003,0
2e43101a,0
6537ac46,0
e70dfcd7,0
6bc8fa28,0
4a722c92,0
b48a4c46,0
ea21e5d0,0
a3196f5a,0
3493f15e,0
37e30b59,0
549419cc,0
4904c0cf,0
08a99354,0
d96e5e36,0
e217545d,0
e99e7894,0
ed02de8d,0
b4e64ada,0
12148de9,0
20d419d3,0
802181fa,0
a18852b3,0
d1133c2a,0
9c6205b6,0
74d43823,0
899c4003,0
2e43101a,0
6537ac46,0
e70dfcd7,0
6bc8fa28,0
4a722c92,0
b48a4c46,0
ea21e5d0,0
2c74173b,0
abe0545b,0
614e2666,0
549419cc,0
4904c0cf,0
08a99354,0
eec4f740,0
e217545d,0
cfa25827,0
e99e7894,0
ed02de8d,0
b4e64ada,0
12148de9,0
20d419d3,0
802181fa,0
a18852b3,0
d1133c2a,0
9c6205b6,0
e6f60c44,0
74d43823,0
899c4003,0
2e43101a,0
6537ac46,0
e70dfcd7,0
6bc8fa28,0
4a722c92,0
b48a4c46,0
ea21e5d0,0
fec10e2e,0
b6554506,0
614e2666,0
549419cc,0
4904c0cf,0
08a99354,0
e217545d,0
e99e7894,0
ed02de8d,0
b4e64ada,0
12148de9,0
20d419d3,0
802181fa,0
a18852b3,0
d1133c2a,0
9c6205b6,0
74d43823,0
899c4003,0
2e43101a,0
6537ac46,0
e70dfcd7,0
6bc8fa28,0
4a722c92,0
b48a4c46,0
ea21e5d0,0
2b1d8f2b,0
f909d71a,0
614e2666,0
549419cc,0
4904c0cf,0
08a99354,0
e217545d,0
bf142752,0
e99e7894,0
ed02de8d,0
b4e64ada,0
12148de9,0
20d419d3,0
802181fa,0
a18852b3,0
d1133c2a,0
9c6205b6,0
9ecd4160,0
74d43823,0
899c4003,0
2e43101a,0
6537ac46,0
e70dfcd7,0
6bc8fa28,0
4a722c92,0
b48a4c46,0
ea21e5d0,0
68137bb6,0
e9717014,0
37e30b59,0
549419cc,0
4904c0cf,0
08a99354,0
f3e91f3a,0
e217545d,0
e99e7894,0
ed02de8d,0
b4e64ada,0
12148de9,0
20d419d3,0
802181fa,0
a18852b3,0
d1133c2a,0
9c6205b6,0
d7293b1e,0
74d43823,0
899c4003,0
2e43101a,0
6537ac46,0
e70dfcd7,0
6bc8fa28,0
4a722c92,0
b48a4c46,0
ea21e5d0,0
95301ec9,0
7efd1060,0
37e30b59,0
549419cc,0
4904c0cf,0
08a99354,0
0007f102,0
e217545d,0
7eb82dcb,0
e99e7894,0
ed02de8d,0
b4e64ada,0
12148de9,0
20d419d3,0
802181fa,0
a18852b3,0
d1133c2a,0
9c6205b6,0
74d43823,0
899c4003,0
2e43101a,0
6537ac46,0
e70dfcd7,0
6bc8fa28,0
4a722c92,0
b48a4c46,0
ea21e5d0,0
3329707c,0
9347f7ef,0
614e2666,0
549419cc,0
4904c0cf,0
08a99354,0
e217545d,0
e99e7894,0
ed02de8d,0
b4e64ada,0
12148de9,0
20d419d3,0
802181fa,0
a18852b3,0
d1133c2a,0
9c6205b6,0
74d43823,0
899c4003,0
2e43101a,0
6537ac46,0
e70dfcd7,0
6bc8fa28,0
4a722c92,0
b48a4c46,0
ea21e5d0,0
6f43a93f,0
713ef080,0
37e30b59,0
549419cc,0
4904c0cf,0
08a99354,0
e217545d,0
c82ceaa9,0
e99e7894,0
ed02de8d,0
b4e64ada,0
12148de9,0
20d419d3,0
802181fa,0
a18852b3,0
d1133c2a,0
9c6205b6,0
fc4f50e7,0
74d43823,0
899c4003,0
2e43101a,0
6537ac46,0
e70dfcd7,0
6bc8fa28,0
4a722c92,0
e4484141,0
92c43c55,0
4b61d597,0
7bdb09de,0
22342758,0
c86c0008,0
3bf36905,0
d2cff674,0
dc68514c,0
802361f2,0
22342758,0
bda84258,0
3bf36905,0
0dc2b17a,0
093ac53c,0
5e2d7e6d,0
7bdb09de,0
22342758,0
3bf36905,0
4e88766b,0
2b0e1681,0
7bdb09de,0
22342758,0
0bc69cf1,0
15079a05,0
3bf36905,0
d9ae7a4b,0
3487014a,0
802361f2,0
22342758,0
c04a77ed,0
3bf36905,0
27c6eccc,0
0d10ef86,0
802361f2,0
0631c924,1
7ad1195b,1
ebcd71d6,1
8acc0616,1
36c4d162,1
9502f5ad,1
7284837d,1
aabafb3a,1
af743787,1
aabafb3a,1
aabafb3a,1
aa6d5602,1
e2d2a2df,1
e9a9fd67,1
8aa942c9,1
a97bff89,1
db6095bf,1
617f4bd6,1
a97bff89,1
d2c76edd,1
a97bff89,1
8dc9703f,1
2105454a,1
77141347,1
caac80da,1
21063f9a,1
b1437bc0,1
a97bff89,1
d8b54b50,1
773fe7be,1
0bc960c4,1
19bb4097,1
e1683554,1
5e885ca1,1
5f105712,1
2105454a,1
326359c0,1
60b456bc,1
d377a7ad,1
5c5e6f1f,1
3829c0b4,1
c9e140f4,1
0ab7c923,1
4c4b602a,1
3137a56d,1
ef2566be,1
ed1905f0,1
19bb4097,1
0e6a4530,1
53e6d064,1
3137a56d,1
8d0b62f8,1
5787b739,1
b931d883,1
015ae7fa,1
a97bff89,1
19bb4097,1
27bc5081,1
3e90f32a,1
00200fa7,1
0495acc5,1
6e2b51d3,1
8a06bd84,1
3398d27a,1
6e2b51d3,1
57dc3775,1
6e2b51d3,1
5ce4a8aa,1
d209e392,1
d09fa922,1
bdbfd427,1
4c1cda09,1
ba8cb87d,1
6e2b51d3,1
16b928b0,1
cda0cdc4,1
f76679c6,1
ac6f9d75,1
bf7869e0,1
d2d97e95,1
cf6df91c,1
d209e392,1
849dbd27,1
14056e4c,1
2162ff2f,1
02fa13c4,1
d641e445,1
279bfd9e,1
2093572b,1
2093572b,1
e442224b,1
e44b9aa1,1
839c4517,1
9d634631,1
94729160,1
46b17346,1
61369958,1
2093572b,1
f266139d,1
ed76150c,1
2a5f9646,1
a20fa8d2,1
df8f612f,1
b1ded4d5,1
61ddee09,1
fa80e8e8,1
0cd0fdcb,1
c01c1db0,1
273517db,1
cc35fc55,1
da98f239,1
11c7196e,1
a8d2d23f,1
5e0050cf,1
125ac477,1
915fa5a3,1
abdd0474,1
050ef17c,1
2093572b,1
46b17346,1
35bc4064,1
9c4af07c,1
e8e6177e,1
fc582f95,1
db98b90b,1
46b17346,1
c35659ad,1
59c107f0,1
47779a0d,1
269628f0,1
2093572b,1
439004c8,1
95fd0aa2,1
96eee329,1
84ded5f5,1
570ecb37,1
570ecb37,1
0ba3b8a5,1
533e76ab,1
d9ff56d0,1
6bc8ddac,1
ba12a91b,1
273a22f9,1
532225ba,1
570ecb37,1
ddb2bb0e,1
28053eb1,1
1f377310,1
72a3356a,1
919cc10a,1
2c4ee694,1
7cd93a50,1
e4efdd21,1
044d27ea,1
5d7a1fdd,1
a6a38d16,1
fd316ec9,1
a72bd5b6,1
d767aaa1,1
575e8a2e,1
7b1bfd44,1
3248bc94,1
ebf81cf2,1
3248bc94,1
eeb2f95b,1
33053873,1
9941b9a2,1
6a4acf1a,1
d4213658,1
591eb6f5,1
2b3565d2,1
5d250b63,1
b030bc36,1
c188c6e2,1
174d0a86,1
b066b31b,1
74b8eb50,1
f595c952,1
bbbfa3cb,1
d331f823,1
851449dc,1
d331f823,1
4ea3a605,1
c31fcc2a,1
19a67b65,1
422c430d,1
5ed1ecaf,1
37c67748,1
c31fcc2a,1
cc7877d9,1
6479c2e7,1
d5f16616,1
b120212d,1
cbadfcb0,1
9ae1ad89,1
fe64dfe0,1
9a2a42f1,1
c03a6739,1
5ed1ecaf,1
9ae1ad89,1
07c6633a,1
de4f6536,1
fb512cc2,1
b120212d,1
b120212d,1
a316a180,1
1f5abe70,1
9ae1ad89,1
2a744084,1
5ed1ecaf,1
c31fcc2a,1
5ed1ecaf,1
5ed1ecaf,1
37c67748,1
5ed1ecaf,1
6479c2e7,1
2a744084,1
6de477c6,1
9ae1ad89,1
c31fcc2a,1
3812d24d,1
6479c2e7,1
37c67748,1
c31fcc2a,1
b120212d,1
2a744084,1
6479c2e7,1
d382b40b,1
d382b40b,1
9ae1ad89,1
5ed1ecaf,1
cbadfcb0,1
9a2a42f1,1
33092583,1
b120212d,1
3b75680c,1
9a2a42f1,1
8cffc2ac,1
9ae1ad89,1
c03a6739,1
c31fcc2a,1
c31fcc2a,1
d382b40b,1
5ed1ecaf,1
14498d24,1
b872fcc2,1
e688744d,1
17a37d90,1
2a744084,1
c31fcc2a,1
9ae1ad89,1
eb615ea1,1
10b308c7,1
62c2cceb,1
3751aaa7,1
2d3104b5,1
eb615ea1,1
0842133b,1
0ba46a7b,1
74ab5fcb,1
1638cbda,1
5d784633,1
ca21e4e0,1
ec07abe2,1
735b5466,1
3ad16498,1
3751aaa7,1
ca21e4e0,1
16af36d5,1
f9b8a7fd,1
a93a2238,1
1638cbda,1
1638cbda,1
12d6ee9b,1
7fc23cc8,1
ca21e4e0,1
4470f14e,1
3751aaa7,1
eb615ea1,1
3751aaa7,1
3751aaa7,1
2d3104b5,1
3751aaa7,1
0ba46a7b,1
4470f14e,1
7a556a4f,1
ca21e4e0,1
55bf3ae2,1
2293e7c1,1
49aa8b45,1
00d2faaf,1
9dd048f0,1
9bc916bf,1
f823fb95,1
f3ea9a36,1
a2a67e53,1
7b3f8769,1
6cbb9912,1
ee567900,1
051c9d2d,1
60159be9,1
f69d5ed7,1
9dd048f0,1
829db6ee,1
ef140c49,1
7b3f8769,1
54aea4de,1
cd6fd760,1
71a9f718,1
0f0427cb,1
9c978713,1
9dd048f0,1
7b3f8769,1
320cc46a,1
e4a7e27d,1
445f5080,1
e228c534,1
dff3388d,1
1f2710c5,1
409b6fd2,1
6a193188,1
88940f84,1
98ed14ce,1
44df0a96,1
412b22ea,1
1d698333,1
3ca32aca,1
f0ab4341,1
0fc5cec2,1
de871cb6,1
d4240269,1
486742d0,1
7b3f8769,1
4433c58c,1
9bc916bf,1
9dd048f0,1
0fc5cec2,1
e81d66af,1
2cf18fae,1
15ec00fa,1
9cee2430,1
67682505,1
d2fbf213,1
b5e1e52d,1
f24cde39,1
68b867e6,1
cf2972cf,1
318abd7b,1
e9db03f5,1
9bc916bf,1
15ec00fa,1
6b776575,1
90e36ad5,1
8c95f40d,1
413cb71a,1
8495b08b,1
33034342,1
e9db03f5,1
412b22ea,1
0893d7e4,1
98ed14ce,1
2bdc45d6,1
fb5675fc,1
64456917,1
811ed825,1
2dd2bc06,1
e3c5f56e,1
ee76b962,1
86ecb7ad,1
a675c628,1
d6e3f4f4,1
1f2710c5,1
8b1a7cbf,1
9bc916bf,1
43bc1248,1
c69b5ae6,1
652243b6,1
26b1ad92,1
434b937f,1
7cdc6bc5,1
6e05d38c,1
88cc2863,1
2410bdc2,1
50932391,1
9dd048f0,1
a630e200,1
54b7da88,1
c1d69d36,1
de871cb6,1
ffcfcf09,1
4cbda1fb,1
98ed14ce,1
389e65be,1
1ad98ae0,1
15ec00fa,1
9dd048f0,1
a303f19c,1
5f769f68,1
82f05b47,1
2aade99e,1
0b3c2b3d,1
88da5cd1,1
9bc916bf,1
3ca32aca,1
15ec00fa,1
3c69cccb,1
9464e6c0,1
3ca32aca,1
37d41bea,1
c1d69d36,1
c1d69d36,1
767502fa,1
0fc5cec2,1
71a9f718,1
8b1a7cbf,1
1e21bd2d,1
c17e313c,1
4a41120e,1
90523111,1
c37c810e,1
15ec00fa,1
9dd048f0,1
de24b6fe,1
0fc5cec2,1
ff93b00d,1
06490466,1
583df1e6,1
c1d69d36,1
e9db03f5,1
15ec00fa,1
98ed14ce,1
ee76b962,1
4bd41a58,1
64456917,1
1f17c459,1
4bc00b73,1
4fabdf9d,1
a7442b92,1
e9db03f5,1
fd3f692d,1
a984b3cf,1
d951e6c5,1
71a9f718,1
412b22ea,1
4a41120e,1
ec1d7333,1
ee76b962,1
91db9b0b,1
8b1a7cbf,1
8ba2e06a,1
64456917,1
dbb1ee7f,1
15ec00fa,1
f96bba91,1
9d08bd4b,1
64144b47,1
ed8ba932,1
a9c07c67,1
5b9abc64,1
ef48f1c7,1
628f992c,1
583df1e6,1
1f2710c5,1
ad89d8f4,1
b7e4cc84,1
ce53f2e5,1
91e7c51b,1
62c623ee,1
7b3f8769,1
dc8be432,1
9dd048f0,1
5c623b20,1
9dd048f0,1
64456917,1
2c988b1a,1
f3c1a898,1
71a9f718,1
c1d69d36,1
15ec00fa,1
214dfb85,1
1d698333,1
f6e705ab,1
5c1de34b,1
3e848884,1
3ca32aca,1
8529d92b,1
64456917,1
cdb4c7c1,1
34855e31,1
07e06dce,1
d2fe7bf9,1
64456917,1
0fc5cec2,1
412b22ea,1
a4ff5c31,1
ff19f62d,1
06a217da,1
0fc5cec2,1
8b1a7cbf,1
ed9ce5f7,1
91985c41,1
e9db03f5,1
8ae98ec1,1
f3332e0a,1
9be38a38,1
8b1a7cbf,1
a8f90a04,1
2b683426,1
e19c9a4e,1
aefc04bd,1
10350d02,1
4a41120e,1
71a9f718,1
1047b8da,1
f760326e,1
4a4d8f27,1
003bd718,1
ad5540c1,1
795e4cc0,1
af7f87dc,1
a483f1d8,1
7745d48a,1
15ec00fa,1
173628be,1
25b97e0e,1
bfb33d95,1
4467ca10,1
e9db03f5,1
6af1a28b,1
1f2710c5,1
88940f84,1
d22640d6,1
b76a4c4b,1
1d698333,1
8b1a7cbf,1
9fa258cd,1
7b3f8769,1
64456917,1
5cf3c10c,1
3444b05a,1
60275732,1
f0905aeb,1
0fc5cec2,1
88a98ae0,1
9dd048f0,1
71a9f718,1
4bc00b73,1
194acf3a,1
c1d69d36,1
0e847383,1
ddb346df,1
3c6a59b1,1
1f2710c5,1
82dee547,1
3ecbfffe,1
d0c151cc,1
aba94f03,1
4550d6dc,1
d1e4f6ef,1
fa7ec1da,1
4d5b61d7,1
ca517ae3,1
7b3f8769,1
be96527a,1
6253a3f8,1
7d7f1d9e,1
91afe71e,1
f9360ae9,1
c1d69d36,1
6ff63b4f,1
9bc916bf,1
6b382e8f,1
e9db03f5,1
704452df,1
412b22ea,1
3fb05557,1
41df84f1,1
1f2710c5,1
412b22ea,1
51ef0fc8,1
ee76b962,1
ec2d9fe2,1
2955086b,1
03618127,1
ee76b962,1
e58e91d3,1
824a2c19,1
3ca32aca,1
4750208c,1
8f1c8397,1
8779bf8a,1
71a9f718,1
16f3a18f,1
d7e01cd1,1
98ed14ce,1
8b1a7cbf,1
412b22ea,1
e848e2e0,1
7b3f8769,1
05f255bc,1
3ca32aca,1
f80e6272,1
ad5540c1,1
9bc916bf,1
9dd048f0,1
54bcfebf,1
c1d69d36,1
da0c51b1,1
8484be8f,1
1d48f70d,1
fe467cb6,1
e0a0dc45,1
2036621a,1
a803028b,1
0cbc7f2f,1
c8d2d004,1
a43d0633,1
d846ccf0,1
6cd6dbf0,1
8d9e9030,1
e6357752,1
82470ddf,1
07c1d155,1
cd75847b,1
a803028b,1
67bc5ec3,1
ab895681,1
6cd6dbf0,1
31ba431b,1
a5ce96f8,1
2c72a94f,1
7a98a8cb,1
1219c24d,1
a803028b,1
6cd6dbf0,1
6c3adfb6,1
a6ebe858,1
90ade710,1
35b967ed,1
9da1c003,1
76694ca0,1
8a8be095,1
78a57043,1
4327e7e2,1
068965e6,1
b477b396,1
d423ec3a,1
5a6437be,1
69b46654,1
3cf23ea4,1
a2c63198,1
84c20b99,1
cda4d051,1
78689db1,1
6cd6dbf0,1
252db9d0,1
0cbc7f2f,1
a803028b,1
a2c63198,1
391cc989,1
da7f2443,1
7c47134c,1
2fda8e1b,1
ce7dd6e8,1
f364bef8,1
9ac5e2f9,1
8dbcdd19,1
dd0b274b,1
1ee8d2b3,1
f810f44d,1
dc5dad5c,1
0cbc7f2f,1
7c47134c,1
05a94f46,1
be3552ff,1
ad7a8136,1
1b8a7e60,1
0829c584,1
8706a627,1
dc5dad5c,1
d423ec3a,1
88e92b15,1
068965e6,1
3f097516,1
0f461e44,1
9e85a4c9,1
ba87a4dc,1
57cdf134,1
91c4c8b7,1
942fa984,1
f8ff085f,1
3ebdedec,1
90a80ffa,1
76694ca0,1
84c8062f,1
0cbc7f2f,1
70c46357,1
a00eeed2,1
22a7d093,1
b6ad2fb4,1
7f515c49,1
ac6d8129,1
43d1a245,1
263f95d5,1
a95f858a,1
f722fdb4,1
a803028b,1
5be2acc7,1
8804a752,1
ff0d95d1,1
84c20b99,1
225ef471,1
249b9cf6,1
068965e6,1
5acc8ebf,1
b4061c40,1
7c47134c,1
a803028b,1
27256777,1
2f9d27c4,1
2e2d811b,1
8154d4d2,1
509a7d77,1
873c9dc9,1
0cbc7f2f,1
69b46654,1
7c47134c,1
5cd8b0d7,1
a7cad6a1,1
69b46654,1
0f246165,1
ff0d95d1,1
ff0d95d1,1
3bf67d43,1
a2c63198,1
2c72a94f,1
84c8062f,1
f810e322,1
aa7bb552,1
4057c51e,1
0326cc01,1
0518ed7f,1
7c47134c,1
a803028b,1
f64475ce,1
a2c63198,1
82de79d5,1
20111f1c,1
8516fa57,1
ff0d95d1,1
dc5dad5c,1
7c47134c,1
068965e6,1
942fa984,1
f0ea891f,1
9e85a4c9,1
cb8d6faf,1
23d02b75,1
52c1d747,1
a9d0bc2d,1
dc5dad5c,1
5b1f4a83,1
870074b0,1
e44309ab,1
2c72a94f,1
d423ec3a,1
a5741678,1
a5741678,1
a5741678,1
201e7b63,1
a5741678,1
92087845,1
92087845,1
84b330e4,1
b699acbf,1
1745acfa,1
ececf559,1
a2bf52cd,1
791ac761,1
215c255f,1
b94c2e44,1
489d2659,1
84b330e4,1
84b330e4,1
6a9a78b9,1
28f56846,1
8fc879a2,1
86b62db1,1
8fc879a2,1
57398dbd,1
84b330e4,1
441c1d9c,1
48190a1c,1
48190a1c,1
3c2f701d,1
84b330e4,1
8f75906e,1
48190a1c,1
84b330e4,1
7fe37496,1
48190a1c,1
48190a1c,1
1f15c8c7,1
901d4536,1
0be2b0d9,1
48c8f836,1
34166952,1
a9875e33,1
89c92737,1
cbbbb2df,1
2cc1cb0a,1
a6987563,1
174972a2,1
0d166260,1
0fccfb02,1
84b330e4,1
750c0787,1
e3bc994f,1
8fc879a2,1
84b330e4,1
7b413277,1
cc3d3699,1
a7e854ae,1
27d145ce,1
26874659,1
f24462f3,1
3c2d559a,1
8b7e4bee,1
d68608e1,1
acd63f4c,1
6bdc8586,1
01e6c92a,1
27d145ce,1
27d145ce,1
6d2f52e8,1
477c8f87,1
786495f0,1
080a2c73,1
786495f0,1
1ba3e64d,1
27d145ce,1
fecadd08,1
43bdb1c8,1
43bdb1c8,1
7b04749b,1
27d145ce,1
e3975a38,1
43bdb1c8,1
62419b1b,1
27be6283,1
a6cd535c,1
976328b0,1
06248ffe,1
8956f910,1
a6cd535c,1
7d05e7fe,1
a6cd535c,1
a6cd535c,1
57b3bd1f,1
52c49b90,1
92fd80d1,1
1643fc58,1
a6cd535c,1
59d6fb1e,1
a6cd535c,1
35e82a62,1
a6cd535c,1
87406baf,1
b65691f8,1
02bea2af,1
fc520b51,1
8956f910,1
a6cd535c,1
4decb16c,1
a6cd535c,1
095e24d2,1
5c3daeaa,1
6f9e2364,1
a6cd535c,1
4decb16c,1
4decb16c,1
654e071f,1
f538f290,1
4c526875,1
7020d622,1
f9bbea83,1
66c44752,1
f901ec8e,1
f038ca22,1
d2957627,1
4decb16c,1
8956f910,1
86bd7249,1
8956f910,1
8956f910,1
20cb0186,1
ec08897e,1
dc610f60,1
e3d1aae1,1
65f96f7c,1
64e1263d,1
dc610f60,1
59d4f4c7,1
dc610f60,1
dc610f60,1
cdfeaabd,1
164b7ef0,1
60732a3e,1
56934c69,1
dc610f60,1
d400ac51,1
dc610f60,1
6d7ff978,1
dc610f60,1
6f805012,1
922215d5,1
e1c6a44d,1
9d29d178,1
64e1263d,1
dc610f60,1
e29de890,1
e29de890,1
71d8fbdd,1
08ae4328,1
927ac3a9,1
0c4eeed9,1
b613471c,1
d9103f4a,1
60fe6a80,1
1ad84261,1
45dd3102,1
9b076ad5,1
ab296cb7,1
1bc71d90,1
414ba1d0,1
1db289fd,1
0c4eeed9,1
4a0fece6,1
0d634d81,1
319d957c,1
a7f40a17,1
1acdcbbf,1
1ad84261,1
7750efd6,1
a0aec615,1
1db289fd,1
80703ee3,1
ab296cb7,1
35e569b5,1
08ae4328,1
222f6210,1
9859b35c,1
ab296cb7,1
32bcebeb,1
e29de890,1
1f732c28,1
ab296cb7,1
f7b765ac,1
e29de890,1
c1e7c617,1
18ad6efa,1
81530d34,1
91d6f427,1
4a0fece6,1
319d957c,1
c59d0f2e,1
8fc502dc,1
0c4eeed9,1
1ad84261,1
1db289fd,1
08ae4328,1
ab296cb7,1
52e0a342,1
dbf53c26,1
91d6f427,1
c8c22400,1
a0aec615,1
45e8bf9c,1
f3080e6c,1
ab296cb7,1
f9df0c88,1
eec99455,1
e47952b1,1
7cbd7444,1
91d6f427,1
08ae4328,1
91d6f427,1
a43cb807,1
08ae4328,1
0c4eeed9,1
0c4eeed9,1
608093a7,1
fe1b8081,1
1db289fd,1
08ae4328,1
89b84e17,1
608093a7,1
e29de890,1
48d4ecbe,1
890d7a99,1
608093a7,1
b9ed1982,1
68968433,1
c5095bfc,1
173d3475,1
1ad84261,1
1db289fd,1
91318d8b,1
b591b355,1
608093a7,1
0c4eeed9,1
865ea778,1
c217a386,1
91d6f427,1
1db289fd,1
b346c07f,1
32bcebeb,1
117ef9b4,1
ab296cb7,1
1db289fd,1
774f1b3f,1
e63464e3,1
4eb6df6c,1
4eb6df6c,1
c35f46b5,1
f76801f9,1
c6c72d31,1
1fe0892f,1
e2776371,1
6a388b85,1
c55a49d1,1
b7e8b96f,1
8802f939,1
4be8c3d3,1
b6831c81,1
aedb10ae,1
d9d1ef19,1
2d84efcf,1
1fe0892f,1
68ca4a1e,1
ec532317,1
22da93ac,1
71a53ed1,1
1dd8435f,1
b7e8b96f,1
6f474163,1
aab58555,1
2d84efcf,1
930abb8b,1
b6831c81,1
3d21f046,1
f76801f9,1
de1e1dd5,1
e39ddb4f,1
b6831c81,1
9837f6e8,1
4eb6df6c,1
359b7cdc,1
b6831c81,1
9171aa84,1
4eb6df6c,1
ecc97292,1
64961974,1
a05c9e35,1
246e3b25,1
68ca4a1e,1
22da93ac,1
d74c8bc8,1
143a3deb,1
1fe0892f,1
b7e8b96f,1
2d84efcf,1
f76801f9,1
c7144387,1
64e197c7,1
f5e437f2,1
21069912,1
e4e8750c,1
532d9252,1
51eb9a0f,1
38a6888b,1
6692b7a5,1
9312da11,1
cf6e430e,1
0e023007,1
8e861345,1
532d9252,1
04584e33,1
c0e48993,1
0753865b,1
04ea5368,1
850f5bbc,1
2448f009,1
df4ac9e0,1
f0e4597d,1
1e41bca8,1
e0265a5d,1
c39c87ce,1
d58f517d,1
babc9e4f,1
09d19be6,1
0a845b4c,1
48c5c7a6,1
bb3bc149,1
2ea3d66b,1
7773165c,1
fcdbe30e,1
f5e437f2,1
2c086144,1
3ea4f7af,1
53a85140,1
c1caf9d1,1
df53728f,1
ce07f1e3,1
7ce52e5c,1
4247be1a,1
4613ca2b,1
a8a42fb0,1
5a37fd19,1
fb814442,1
9312da11,1
5f935031,1
e11f7159,1
1c2b37a4,1
05b306f4,1
5f935031,1
89839406,1
ab06416d,1
f5e437f2,1
df53728f,1
9c16d87d,1
f0e4597d,1
f0e4597d,1
53a85140,1
03892d4d,1
f5e437f2,1
8dff15e3,1
771fbe8d,1
7648e696,1
f0e4597d,1
0b3f6a0f,1
cf6e430e,1
fcb64480,1
f5e437f2,1
e68d7fad,1
f0e4597d,1
2395cfea,1
6ef29f5d,1
f5e437f2,1
4247be1a,1
4d4ef46a,1
a8b5fc02,1
f0e4597d,1
53e553e1,1
ea66169a,1
0a845b4c,1
35178f93,1
9312da11,1
c90e8029,1
374074e0,1
1710b3ec,1
7648e696,1
162548f6,1
da3b862b,1
26c2457f,1
8e3e7090,1
a5296e29,1
1e80d305,1
63da6c57,1
d0410411,1
47ce66f4,1
d58310c2,1
df53728f,1
5f935031,1
09b13fac,1
8466d8a2,1
5ea16368,1
c5b79200,1
ab94ba6b,1
8bf94192,1
a5b13b66,1
5f749957,1
40fb22c9,1
ae668501,1
651cfb84,1
1b031296,1
edd24ff5,1
b59d0bc9,1
7648e696,1
c57ed3aa,1
a6306ddc,1
59e889f0,1
53a85140,1
84d3444e,1
338cf4e8,1
0a845b4c,1
db07c0d3,1
6b5121d8,1
ba02b98f,1
ddaf9e5c,1
1c408318,1
526c0eca,1
bc6706b1,1
726c9538,1
11bb411b,1
2cc6be37,1
3c268fe6,1
c0cdae36,1
cf6e430e,1
662253d3,1
7648e696,1
52a7b0ae,1
5faf79dd,1
38865481,1
8a1501a3,1
331a96c7,1
59e889f0,1
7fcd21c0,1
c7536607,1
804a849e,1
8e3e7090,1
f51b4bfa,1
0d7fa005,1
942035ad,1
c5c98907,1
27e16ccb,1
448ada05,1
f3974c46,1
b89a0822,1
a4e2b243,1
ea0f14f6,1
fb814442,1
ffde97db,1
3f2a1110,1
a028b157,1
a8152d0d,1
edd24ff5,1
cf6e430e,1
a6d43de4,1
bfafb974,1
94e0ccbd,1
c4b7db37,1
df53728f,1
7b60a4fe,1
36c16d0c,1
3bb163b0,1
dcabc5a5,1
28cd99f0,1
85f248bf,1
0e3d61ce,1
d98e2521,1
6e952a9c,1
0a845b4c,1
e0842f72,1
9af7b936,1
9312da11,1
2cc6be37,1
75a2eb3a,1
e5733b5d,1
322d777f,1
63bdc7e1,1
d23fa84b,1
becb2018,1
9a345287,1
0a845b4c,1
87165a4e,1
c58fcd13,1
39019225,1
b87236ce,1
fde8fecd,1
e56cd65e,1
dd557267,1
ddb23e83,1
77d2d2e5,1
85dfad36,1
9312da11,1
1e1c597e,1
6692b7a5,1
f5e437f2,1
f5a3d430,1
804a849e,1
b5cc7488,1
82d3f5c0,1
fb814442,1
1196f544,1
0a845b4c,1
fb814442,1
cf6e430e,1
f0e4597d,1
46e568d2,1
5f276b20,1
efbe4ddb,1
b01ce0d8,1
cf6e430e,1
9b705562,1
cfffc29b,1
fd25d367,1
26dd6d6f,1
aaa48f8b,1
5f935031,1
3484fe57,1
c4027ed0,1
f0e4597d,1
383ef272,1
b3a18597,1
f4a94534,1
8137c160,1
9e6b9a53,1
efab9f00,1
53a85140,1
466ad59c,1
ebab49cd,1
5f749957,1
ef2ce896,1
5f935031,1
c51a164c,1
68874dc3,1
2faf1a77,1
3e1d1963,1
383eab23,1
16257b4f,1
23a3bc1f,1
5c5bf307,1
804a849e,1
1c3e2223,1
1a793c9f,1
051bda16,1
8216c36f,1
c74ff863,1
d8122cfe,1
f59ee1cf,1
bed08271,1
f0988c0a,1
037cb7d3,1
e2ac742d,1
821078c6,1
9271e8f3,1
c50e6f8f,1
e9ebf53c,1
bed08271,1
73a185d1,1
d65cd329,1
56650bb2,1
94ab4b9b,1
173dd559,1
889fdd62,1
0c12e4a0,1
564c079d,1
5d19a5d1,1
02b32b7d,1
6c843481,1
be923f3c,1
50066352,1
47f7214d,1
7afd9eaf,1
6e74464b,1
136ccf6c,1
a3f11eed,1
658ad818,1
02c516bd,1
c74ff863,1
c65b3a89,1
28d038d1,1
3cc8ac08,1
457f9bb5,1
be84f038,1
c578012c,1
484c4c67,1
9d49f0ed,1
72a63a40,1
416e9cdb,1
8684989f,1
d3df941e,1
821078c6,1
3278c684,1
4e1de04b,1
087a128e,1
72246c57,1
3278c684,1
9e10fd44,1
ad300519,1
c74ff863,1
be84f038,1
a13a9396,1
564c079d,1
564c079d,1
3cc8ac08,1
9dbd8a77,1
c74ff863,1
98acc877,1
7bc5e728,1
90e5565d,1
564c079d,1
dd093c4a,1
9271e8f3,1
7f81f20d,1
c74ff863,1
a9714a45,1
564c079d,1
2641f03a,1
999f5b0d,1
c74ff863,1
9d49f0ed,1
05dadf6b,1
07c2b0b7,1
564c079d,1
6162c0ef,1
2e98d48a,1
7afd9eaf,1
2f11c5e4,1
821078c6,1
f3e8d239,1
e341cb6b,1
89f75309,1
90e5565d,1
61844a5b,1
9a030b41,1
1a277892,1
2abb6a9e,1
2477cbc4,1
ea17f894,1
44092f38,1
742e45fd,1
2509d2b2,1
0b7cd487,1
be84f038,1
3278c684,1
e152a10d,1
b4edde78,1
21edfe4e,1
1c901e60,1
212d7c78,1
dcebe75a,1
b8132fd6,1
69f185b9,1
c06d4ed4,1
f4ef0aaa,1
688509fb,1
f7fbfad3,1
f8cc6e39,1
bf1cb9ba,1
90e5565d,1
6e838614,1
62fa686c,1
e5b931b0,1
3cc8ac08,1
5bcf8125,1
68c4506e,1
4db8687f,1
13ab7203,1
aa717d16,1
0b72927c,1
ac61dfdf,1
c370d440,1
0b94f53a,1
2f2f8684,1
9ff9faf6,1
87b7349d,1
dd8af66b,1
5eb0890b,1
49f8ea5e,1
b4d8b95a,1
b4d8b95a,1
770e206c,1
93295418,1
c721960e,1
93295418,1
cf6622d1,1
2a60a6e8,1
ab2ee01c,1
ffb8232b,1
7795137a,1
6e2f3bf2,1
defb42af,1
982598ef,1
93295418,1
05fb05b3,1
b3fa2dc8,1
cc4301ce,1
87b7349d,1
b4d8b95a,1
93295418,1
5da0cfe6,1
54c9249c,1
31e25864,1
93a24915,1
27e9cc57,1
60a61576,1
b4d8b95a,1
12dcd02f,1
bebf1821,1
afe9f583,1
b11b2298,1
adf7c7b7,1
9c1d0e99,1
4aacae10,1
174c85b7,1
42f50b9f,1
87b7349d,1
b4d8b95a,1
5d58cdf8,1
38d2f0b6,1
94a3454b,1
69ee2c83,1
93295418,1
f5d277ce,1
af61a28c,1
96c213db,1
9a06084a,1
87b7349d,1
3a27a0f9,1
23f1d478,1
de68a441,1
58c9c96c,1
f5ab4b9d,1
87b7349d,1
546289ba,1
370bd9a2,1
93295418,1
b4d8b95a,1
d83eae9f,1
6ddc2a69,1
6c48274b,1
e0298cbd,1
5d58cdf8,1
4ccabce2,1
4ab10167,1
fe06f302,1
7e28b623,1
368bb5d9,1
b4d8b95a,1
d5ac8444,1
e3a4f826,1
b630ef41,1
9a41d1f3,1
4cddc437,1
aca79055,1
50e5b341,1
2125aeeb,1
2134d31c,1
e06aface,1
e59e09c8,1
f06fe933,1
f1076e5d,1
c0f77984,1
47e20e38,1
489d7e7f,1
a3859370,1
a3859370,1
a32dc9f4,1
ea69ee31,1
dc1c2787,1
ea69ee31,1
33e8b8f7,1
27194367,1
206492d8,1
a598b55e,1
7e4c58cf,1
9499d3f4,1
0d1f56d2,1
e8e801e0,1
ea69ee31,1
a7bceced,1
08448247,1
f6150e4c,1
f1076e5d,1
a3859370,1
ea69ee31,1
c9fb16c9,1
bf0f76a0,1
b6979637,1
459a89cb,1
d8ff573e,1
110afdb7,1
a3859370,1
6cdea392,1
d6521a89,1
0c239906,1
4b464d86,1
b8a5446b,1
598e4d9d,1
86203eaf,1
ce2ee874,1
199dffe0,1
f1076e5d,1
a3859370,1
d5e652a1,1
66289242,1
641296d6,1
7c1fdac3,1
1f5a17ef,1
1f5a17ef,1
611b2e00,1
1b0b8a37,1
1b0b8a37,1
b6291a4c,1
1b45aaf1,1
c0b21834,1
1eb4d3df,1
ae509183,1
b6291a4c,1
723198fe,1
611b2e00,1
f4fe2d26,1
611b2e00,1
723198fe,1
33badf1c,1
66e375f5,1
ae509183,1
ae509183,1
33badf1c,1
b6291a4c,1
f4fe2d26,1
6e4536f2,1
f9321f5e,1
1b0b8a37,1
723198fe,1
611b2e00,1
93fa2c90,1
ae509183,1
611b2e00,1
1b0b8a37,1
1f5a17ef,1
66e375f5,1
1b0b8a37,1
6e4536f2,1
b6291a4c,1
b6291a4c,1
723198fe,1
611b2e00,1
723198fe,1
66e375f5,1
dba294c4,1
1f5a17ef,1
1f5a17ef,1
5a814771,1
611b2e00,1
723198fe,1
6e4536f2,1
caaf7ef7,1
ae509183,1
66e375f5,1
1f5a17ef,1
1f5a17ef,1
723198fe,1
1f5a17ef,1
1f5a17ef,1
66e375f5,1
ae509183,1
1f5a17ef,1
a152a3b3,1
1b0b8a37,1
565ea2fa,1
9df2b04a,1
1b0b8a37,1
b6291a4c,1
d5857fa6,1
d5857fa6,1
898f9097,1
f6e0be7c,1
f6e0be7c,1
8bb61ad2,1
feff374e,1
fa8023e7,1
9ca95ece,1
85bc4ef9,1
8bb61ad2,1
c31cb506,1
898f9097,1
0cfb738e,1
898f9097,1
c31cb506,1
3d7ec572,1
bfe46c5e,1
85bc4ef9,1
85bc4ef9,1
3d7ec572,1
8bb61ad2,1
0cfb738e,1
a50ffb01,1
3f82e530,1
f6e0be7c,1
c31cb506,1
898f9097,1
b9020899,1
85bc4ef9,1
898f9097,1
f6e0be7c,1
d5857fa6,1
43ec18f4,1
3813ce41,1
77277c07,1
5095447b,1
75c4e88d,1
307571a9,1
b587c302,1
831563c6,1
fc9fc697,1
3d0e7532,1
abf1d9fa,1
e55521c6,1
fef23c22,1
8964fa0c,1
7951073a,1
b3711b0d,1
df029404,1
99ed8690,1
60b31202,1
20a63bbc,1
f4a8cb3f,1
beda43ec,1
5d22bcd5,1
9ff46bfd,1
89053932,1
cd4f8b73,1
21a9fa0a,1
cfa24c35,1
87fe5868,1
99ed8690,1
446e00c3,1
766afa39,1
66a0f82c,1
82adb10d,1
5095447b,1
6db62d72,1
351e0b63,1
0ba5cbfa,1
af322d0d,1
4b51dcf2,1
ae65be7c,1
33955fc7,1
e8d239b6,1
99ed8690,1
0fe52c92,1
0550d3e1,1
aa63ce3f,1
5095447b,1
b3711b0d,1
82adb10d,1
619b3392,1
d26bbbe7,1
cde0e50a,1
2a28fce4,1
20cefb2f,1
20a63bbc,1
090a0933,1
4af09e6e,1
9ff46bfd,1
3a197bf3,1
7f06b0ef,1
aa63ce3f,1
11aeeec0,1
058814ad,1
e032f222,1
3263bdaa,1
3407d97e,1
f25b2f6e,1
3407d97e,1
fc0eba07,1
87fe5868,1
479f53c4,1
128c132d,1
02f74442,1
89053932,1
3813ce41,1
89053932,1
b78cf352,1
24762816,1
5fb737e4,1
76736381,1
b0149c59,1
6f27178a,1
47c36339,1
e11b4a15,1
89053932,1
2a5b65fb,1
e0bc31fc,1
43c45b32,1
a176da2e,1
036b1123,1
7c05909c,1
9ff46bfd,1
43ec18f4,1
909058c5,1
df1a875c,1
0a4835b1,1
799ade1f,1
1ec2c77e,1
ecc947a8,1
52bc11d5,1
aa63ce3f,1
7a17964b,1
0b9347f0,1
82adb10d,1
aa63ce3f,1
3407d97e,1
89053932,1
c4d056ae,1
89053932,1
a16c329e,1
6dbc5631,1
b4c6ae4f,1
8cd2ba72,1
d2f06286,1
b3ee3003,1
99ed8690,1
43ec18f4,1
f8642249,1
88bdb896,1
611b2d82,1
0ba5cbfa,1
87c37bf9,1
5e914b15,1
3ecebf1b,1
9b7e2a32,1
82adb10d,1
0c65164d,1
7546a1a4,1
3813ce41,1
799ade1f,1
b50efef2,1
c821798f,1
5095447b,1
b50efef2,1
e8cbb73c,1
0c6224fc,1
58c9225a,1
4ac9d7db,1
99ed8690,1
9a3bccbc,1
ab3026c2,1
4e5fb6f4,1
061f7664,1
beda43ec,1
5b3dcd5d,1
66551351,1
89053932,1
8b465af6,1
6f228d32,1
ca8dc1b6,1
eaf5b7aa,1
307571a9,1
1e17af9f,1
9560a961,1
7f06b0ef,1
286bee78,1
5d22bcd5,1
b2313a2c,1
b2313a2c,1
91136870,1
92211c0a,1
799ade1f,1
7fde458f,1
82adb10d,1
4ac9d7db,1
f1f25d36,1
beda43ec,1
99ed8690,1
55db5a11,1
20a63bbc,1
d99ec7f0,1
f3888c2e,1
ecc947a8,1
779825ec,1
b3711b0d,1
5095447b,1
0c47e37d,1
43c45b32,1
60b31202,1
fb762e8b,1
d82513df,1
b0c899d9,1
3407d97e,1
3407d97e,1
99ed8690,1
6a7a58f5,1
89582187,1
286bee78,1
150c936f,1
8a710735,1
6a3e262e,1
6c159af2,1
26988e09,1
a862f915,1
14c09073,1
8610defa,1
87fe5868,1
89053932,1
9ff46bfd,1
82adb10d,1
cb4c904a,1
f3d29605,1
9ff46bfd,1
82adb10d,1
4ac9d7db,1
b50efef2,1
13b98ed1,1
f844949c,1
090a0933,1
a8d297c5,1
c83a2ad0,1
2ca4e384,1
a9fe7539,1
0c47e37d,1
9dad618f,1
8a9f5734,1
dc09f4ff,1
aa63ce3f,1
b25adb9c,1
4de4e02b,1
9aa4b206,1
20a63bbc,1
611a8909,1
30da9157,1
b50efef2,1
061da5ed,1
99ed8690,1
9f62a05a,1
b50efef2,1
799ade1f,1
6a520e36,1
bbbc003f,1
286bee78,1
799ade1f,1
5a10374c,1
97b94719,1
0546dad4,1
53e1a242,1
7524715b,1
99ed8690,1
aa63ce3f,1
791e67af,1
474202f0,1
b2313a2c,1
a5dc3854,1
fd4fbafa,1
1fd4d6a0,1
42d82cd3,1
b50efef2,1
34fcf2c5,1
8ad71012,1
3407d97e,1
2a00d4ef,1
06a089a6,1
a4ae2a7d,1
a9b1c75c,1
2300cff6,1
2fcee515,1
799ade1f,1
1577da40,1
46eb396a,1
df504404,1
52330663,1
c696da54,1
5d4df46a,1
89053932,1
8461a304,1
0f72c829,1
8d4c4cc7,1
7f06b0ef,1
3758352a,1
20a63bbc,1
1c736d12,1
99ed8690,1
412096c3,1
7f06b0ef,1
b608ca34,1
abfdee38,1
beda43ec,1
a3442eb5,1
31840a4a,1
dd5ec12e,1
ccb0e687,1
25a1b140,1
82c0ee2e,1
b847ffb2,1
aa63ce3f,1
97e38a1b,1
296ea3bd,1
d33fcddc,1
a5354ab5,1
502ef47f,1
8acaf3d4,1
f3888c2e,1
82adb10d,1
bb4a43d7,1
f51cbf52,1
beda43ec,1
99ed8690,1
42457e32,1
f0689aeb,1
3a24b5c9,1
c4b7e95d,1
3b5dceed,1
5bf146b8,1
6c06549d,1
c009f823,1
bf6b010b,1
09ce19b5,1
dafe597f,1
3e72788f,1
28a4c90f,1
2a06d1ad,1
a6308e20,1
58914acc,1
66dc9d43,1
f99ab2e2,1
d8d9d405,1
b8017616,1
23518698,1
bd7f041b,1
9f1de752,1
6a4c907a,1
eb0acd23,1
368d4ba0,1
84a29374,1
b6d0eb7b,1
103c6160,1
a5b5e76d,1
d8d9d405,1
f2a55892,1
6388e0da,1
821240d5,1
d7883f09,1
3b5dceed,1
4bb23a34,1
cf8819d7,1
b2768bbe,1
e77cff1f,1
8601d6f7,1
785f9dee,1
727e4c65,1
278342a0,1
d8d9d405,1
b8510f27,1
88ae136b,1
7e12d628,1
3b5dceed,1
66dc9d43,1
d7883f09,1
6703e1c6,1
1d9ae27a,1
ab6f8a1a,1
7653aa38,1
e17daa70,1
23518698,1
ae65f602,1
73701fe9,1
eb0acd23,1
1cb6936a,1
4f3258b7,1
7e12d628,1
267d9d28,1
3e79b42e,1
14889a07,1
29f7fb8e,1
1aa178a1,1
fdecd1cd,1
1aa178a1,1
76b3e39c,1
a5b5e76d,1
1f6928fa,1
39348b6c,1
3d049b17,1
368d4ba0,1
3a24b5c9,1
368d4ba0,1
bd2fef3d,1
7e7de5ce,1
22342758,0
21027f37,0
ad92d18b,0
3bf36905,0
7444cf7c,0
3a6bd9e4,0
cf3ea31e,0
7bdb09de,0
22342758,0
b4f453e5,0
170f904b,0
3bf36905,0
699f5662,0
a81663e6,0
802361f2,0
22342758,0
66cd7872,0
288f0c6e,0
3bf36905,0
39fb84c6,0
9fb3c635,0
d305baea,0
802361f2,0
22342758,0
20f1fd48,0
79aa696f,0
3bf36905,0
652ad513,0
adc05788,0
25af0793,0
802361f2,0
22342758,0
f9ea46d9,0
bf6ee450,0
3bf36905,0
357ca71f,0
802361f2,0
22342758,0
9759fa1e,0
3bf36905,0
d1e5d747,0
7622acea,0
802361f2,0
22342758,0
a4f188a5,0
1276ffb2,0
3bf36905,0
dc602ba9,0
646a9944,0
1698991b,0
802361f2,0
22342758,0
5988a900,0
163a5e17,0
3bf36905,0
ae67823a,0
d293af14,0
5204da74,0
7bdb09de,0
22342758,0
deb29821,0
3bbc3d48,0
3bf36905,0
370a077f,0
f25d0c7c,0
48f2958d,0
7bdb09de,0
22342758,0
b1fb327b,0
56f47f0d,0
3bf36905,0
9481dd0d,0
7a3e30b4,0
802361f2,0
22342758,0
3567f4b2,0
3bf36905,0
fd6e4330,0
fe480adc,0
dd761cae,0
802361f2,0
22342758,0
3bf36905,0
6a482ae1,0
2ac4ab59,0
17ac37b3,0
7bdb09de,0
22342758,0
3bf36905,0
2e3ea8fe,0
99d6d387,0
802361f2,0
22342758,0
93b257c0,0
3bf36905,0
ea50b40c,0
06e6d913,0
0f131a60,0
7bdb09de,0
22342758,0
4c5ff55a,0
0bbf565b,0
3bf36905,0
5038bb19,0
7f8ce4b9,0
bda46205,0
802361f2,0
22342758,0
d9754537,0
3bf36905,0
08f43836,0
a689945d,0
79f8b68d,0
802361f2,0
22342758,0
3bf36905,0
35d97ba2,0
00d84136,0
962bffde,0
802361f2,0
22342758,0
3bf36905,0
d2e00f3b,0
3e7cdf19,0
7bdb09de,0
22342758,0
64372a0d,0
3bf36905,0
6edf4a9b,0
c32b50ad,0
7bdb09de,0
22342758,0
47f12bc5,0
d4cf3e9c,0
3bf36905,0
4fbbb789,0
1ef9fa01,0
6e6cfae5,0
7bdb09de,0
22342758,0
cb38cb53,0
3bf36905,0
ced8d210,0
d72372c8,0
7bdb09de,0
22342758,0
c239f5c8,0
3bf36905,0
5cae5110,0
d2f732dc,0
db682b0c,0
802361f2,0
22342758,0
3bf36905,0
24022e29,0
7afc5d81,0
25c065ec,0
7bdb09de,0
22342758,0
85e98705,0
3bf36905,0
9e7b56f7,0
b6e1166d,0
802361f2,0
22342758,0
bd4897b3,0
4937b237,0
3bf36905,0
3ea87b93,0
ee26bf5f,0
0f6bffd2,0
802361f2,0
22342758,0
ea0a6643,0
cf90b278,0
3bf36905,0
e1eba358,0
bbcf2de8,0
7bdb09de,0
22342758,0
3bf36905,0
203f588a,0
38a9ef7d,0
7bdb09de,0
22342758,0
e1549f4b,0
3bf36905,0
40c8a517,0
45490ed7,0
30179c3b,0
802361f2,0
22342758,0
65b68633,0
ee8156b2,0
3bf36905,0
7368c3c1,0
8d0dd42b,0
b282a69e,0
7bdb09de,0
22342758,0
a951ddfe,0
3bf36905,0
a06334a2,0
fc3443a0,0
802361f2,0
22342758,0
3bf36905,0
5d494771,0
e2d3b036,0
802361f2,0
22342758,0
dc511293,0
bc5f22cc,0
3bf36905,0
c0bf0269,0
1c9dcc4e,0
802361f2,0
22342758,0
fe5ef6a6,0
3bf36905,0
a22c61e0,0
01dac061,0
7bdb09de,0
22342758,0
fde6db7c,0
3bf36905,0
0b6cb69a,0
d4c4db90,0
7bdb09de,0
22342758,0
3bf36905,0
2456671f,0
6f36c13f,0
6498966e,0
802361f2,0
22342758,0
3e9a9137,0
3bf36905,0
67ffe7e4,0
904dc6d0,0
8b5ac13b,0
7bdb09de,0
22342758,0
3bf36905,0
3639030d,0
59460f85,0
6fa5bbee,0
802361f2,0
22342758,0
d88c5a63,0
3bf36905,0
2c11f466,0
ceb7fb20,0
7bdb09de,0
22342758,0
368605a5,0
3bf36905,0
2839b1de,0
38fec641,0
a2b78607,0
802361f2,0
22342758,0
29ada0f3,0
3bf36905,0
d90f1c45,0
be61b7c9,0
5a064b28,0
7bdb09de,0
22342758,0
936c17d0,0
3bf36905,0
2e6eb7e6,0
db194679,0
143b94a3,0
802361f2,0
22342758,0
816ad2cb,0
4c02346e,0
3bf36905,0
0957f7a1,0
864b52ca,0
7bdb09de,0
22342758,0
d73680d6,0
d2a66c7d,0
3bf36905,0
4319ee99,0
5d8f59cd,0
19517923,0
7bdb09de,0
22342758,0
5563b469,0
3bf36905,0
c16e5321,0
80d48f96,0
b3c76e3f,0
802361f2,0
22342758,0
40a2aa57,0
3bf36905,0
eed1054f,0
badecec3,0
802361f2,0
22342758,0
3bf36905,0
e8f927c1,0
c4f39690,0
114c2d3e,0
802361f2,0
22342758,0
060dd7b5,0
3bf36905,0
9f1f29d8,0
c0398b4a,0
20012a45,0
7bdb09de,0
22342758,0
0712e15a,0
5f8ee3fa,0
3bf36905,0
b33eb9d1,0
69eb92cf,0
9b1db951,0
802361f2,0
22342758,0
69fafd95,0
3bf36905,0
9f015110,0
4647f58f,0
7bdb09de,0
22342758,0
c636dc3e,0
ffeba297,0
3bf36905,0
9be863f3,0
fe466609,0
ed2c7e97,0
7bdb09de,0
22342758,0
047ce933,0
3bf36905,0
454731e5,0
e2ca0be2,0
bfbb526d,0
7bdb09de,0
22342758,0
3bf36905,0
c6e68935,0
c9ba7cc2,0
d1d32c25,0
802361f2,0
22342758,0
55b35340,0
d3c10b46,0
3bf36905,0
113741d8,0
0c9581fe,0
f728b96f,0
802361f2,0
22342758,0
11330108,0
d935110e,0
3bf36905,0
f16f2bec,0
49fa2212,0
9b40eee8,0
7bdb09de,0
22342758,0
23ec5070,0
3bf36905,0
5475d6de,0
3e515782,0
802361f2,0
22342758,0
3bf36905,0
41a855a3,0
ea0f5812,0
802361f2,0
22342758,0
87d51f9a,0
19633072,0
3bf36905,0
37555340,0
d974350b,0
7bdb09de,0
22342758,0
a66f962e,0
3bf36905,0
125a7abf,0
1e183133,0
802361f2,0
22342758,0
0e8a504d,0
3bf36905,0
58d4bcb7,0
1c2a9b76,0
7bdb09de,0
22342758,0
3bf36905,0
27caac98,0
df859ac8,0
7bdb09de,0
22342758,0
3bf36905,0
d14afe86,0
89ade12b,0
2d6e6765,0
7bdb09de,0
22342758,0
3995d89a,0
3bf36905,0
0a930d11,0
9d655818,0
08e10715,0
802361f2,0
22342758,0
2ad2965c,0
3bf36905,0
a35e6606,0
71b5cd0f,0
e00869cf,0
802361f2,0
22342758,0
6d3859cf,0
3bf36905,0
18177ca7,0
1d8a0724,0
e16b5d1a,0
7bdb09de,0
22342758,0
dfa06c4a,0
3bf36905,0
10b7ff5b,0
d8bd00d0,0
802361f2,0
22342758,0
ab195d38,0
3bf36905,0
0a136334,0
8f5c6e2f,0
7bdb09de,0
22342758,0
e4f37f7b,0
3bf36905,0
0d5751f0,0
5ee210a8,0
802361f2,0
22342758,0
a32d6a93,0
3bf36905,0
b1561052,0
56e6b500,0
7bdb09de,0
22342758,0
cfaac05f,0
3bf36905,0
8cf6886a,0
16a7d037,0
7bdb09de,0
22342758,0
5c246f0b,0
3bf36905,0
fefebcdf,0
eb64af92,0
7bdb09de,0
22342758,0
2e202167,0
3bf36905,0
3a96c01c,0
d96e1713,0
79435c5e,0
802361f2,0
22342758,0
d681f3b8,0
3bf36905,0
575543ec,0
044b60d1,0
df155c10,0
7bdb09de,0
22342758,0
21854845,0
3bf36905,0
c1ac73d9,0
a18198f4,0
6dc450de,0
802361f2,0
22342758,0
05be5d06,0
bf3e5413,0
3bf36905,0
a8887239,0
dc687bca,0
e2759503,0
802361f2,0
22342758,0
28a1a831,0
6aba139a,0
3bf36905,0
84b0f74d,0
d34f7d33,0
802361f2,0
22342758,0
c94ba693,0
bb7e629a,0
3bf36905,0
767f9d6c,0
6808ea04,0
ad7f11fb,0
802361f2,0
22342758,0
c102ec0f,0
3bf36905,0
02f536f9,0
ad79828e,0
7bdb09de,0
22342758,0
2a5aa5ff,0
3bf36905,0
1288d231,0
c1b931ea,0
4d3eea73,0
802361f2,0
22342758,0
3bf36905,0
0ced2336,0
03b3c1f6,0
7bdb09de,0
22342758,0
3bf36905,0
1784386e,0
2c236ec6,0
7bdb09de,0
22342758,0
db241c91,0
3bf36905,0
bc32b491,0
4ae89c4c,0
7bdb09de,0
22342758,0
3bf36905,0
08e45b2f,0
ab47d929,0
87271752,0
7bdb09de,0
22342758,0
8fe271a6,0
b09d577e,0
3bf36905,0
cbc6f0d5,0
5f688e32,0
4d4b2dd2,0
7bdb09de,0
22342758,0
64c9504d,0
1edf5b98,0
3bf36905,0
e2ee2de2,0
938fe70b,0
7bdb09de,0
22342758,0
51365893,0
3bf36905,0
dbbf9ade,0
65281834,0
71c38fcd,0
802361f2,0
22342758,0
47402f41,0
3bf36905,0
3160cc9c,0
1a2c76a3,0
7bdb09de,0
22342758,0
3bf36905,0
6c2cb8a0,0
46358e48,0
9404da63,0
802361f2,0
22342758,0
e6c2ab06,0
3bf36905,0
fbdf1b7e,0
28767c3d,0
802361f2,0
22342758,0
baf44da8,0
9812e83e,0
3bf36905,0
2c538610,0
1a5c37f7,0
7bdb09de,0
22342758,0
f8043dea,0
f21ced80,0
3bf36905,0
e3808832,0
2dfd19d3,0
1dd43b55,0
7bdb09de,0
22342758,0
decbb09b,0
057c60d4,0
3bf36905,0
d1e68937,0
f2ad8df7,0
96725af8,0
802361f2,0
22342758,0
ed60d4ca,0
3bf36905,0
2514eb90,0
d7ad3fa0,0
9fd9619b,0
7bdb09de,0
22342758,0
5be18fa1,0
2595057b,0
3bf36905,0
14e565cd,0
a12105ca,0
8b941961,0
7bdb09de,0
22342758,0
cc0d817d,0
b3bf1722,0
3bf36905,0
fdbf3c42,0
9baf828b,0
802361f2,0
22342758,0
7072b4ae,1
c20f2883,1
14002477,1
d27b3367,1
4b9a30c8,1
b61eb773,1
368d4ba0,1
34b36958,1
5cf070d8,1
cce1df0d,1
2952bab0,1
8237a03d,1
7a584e17,1
eb0acd23,1
f0689aeb,1
350e1d25,1
812ce415,1
25d7df42,1
d8979580,1
02c69d1d,1
00413210,1
eb4ee6eb,1
7e12d628,1
ed97881c,1
28238921,1
d7883f09,1
7e12d628,1
1aa178a1,1
368d4ba0,1
f0554400,1
368d4ba0,1
ac8a1a0b,1
5853d675,1
d772ddf5,1
cc13301b,1
eb2cddbf,1
460c5656,1
d8d9d405,1
f0689aeb,1
811c6f40,1
70c8a3a7,1
d8b6d50c,1
b2768bbe,1
77e6b2a6,1
cdd60ea1,1
3c93b12d,1
eef1ac95,1
d7883f09,1
508548f3,1
0db570ae,1
3a24b5c9,1
d8979580,1
f9b1b0e2,1
e44260b5,1
3b5dceed,1
f9b1b0e2,1
9a0a1dda,1
abbd776c,1
204a89fb,1
361cc248,1
d8d9d405,1
71232397,1
fdcbd5e3,1
47a6d33d,1
e5fb1046,1
9f1de752,1
919c78b1,1
d7a96cdd,1
368d4ba0,1
5fad2bb2,1
9d11e278,1
620e4c2f,1
c5b5bff4,1
6c06549d,1
5960246b,1
a00cd21b,1
d351a599,1
e5a21898,1
1be20e27,1
8cc52cf5,1
1b138da4,1
7e8c5bda,1
ac4cf108,1
b5a26562,1
3988e798,1
7625633f,1
14e5b464,1
c38a3ef7,1
ea806e92,1
37dbd504,1
655a7c55,1
bad0666c,1
ea29494f,1
e6689bf7,1
30435be2,1
0fc0693b,1
f7de65d3,1
3620a092,1
23d2a25d,1
8f99d481,1
831e5e01,1
a6670c56,1
7e1054a1,1
dcbcf2fd,1
53943ea6,1
f8227157,1
bc17de06,1
8762112d,1
a8eae65e,1
a0cd7266,1
18493359,1
cf097cc5,1
fa6252a8,1
cd85374f,1
4ee25c9e,1
f323bbd6,1
1be20e27,1
4e4ce5de,1
51270a29,1
572f425f,1
11c28ef1,1
7ec97355,1
f323bbd6,1
780f40ea,1
264d317b,1
c366714c,1
129484de,1
4bb1b44d,1
1be20e27,1
e6fee1ac,1
1b138da4,1
19758d58,1
ca3c7f4b,1
91d93130,1
07aca018,1
e6b66357,1
8ea0c64d,1
b4546370,1
158b135f,1
0f0f4bc2,1
d9558057,1
7e3f5918,1
2b42d031,1
efab0aa7,1
91e1a7a7,1
bae7a765,1
c778e71a,1
129484de,1
5d9dea9e,1
3d06c30c,1
73986147,1
8ab16744,1
5cde6f03,1
1f16d095,1
a98f5363,1
d29736b1,1
e5a21898,1
a1908453,1
d9558057,1
268a3562,1
5cde6f03,1
129484de,1
a1908453,1
7b53854f,1
e9b17229,1
20e75b77,1
b60fccbc,1
de75373a,1
45649dd6,1
7d8006aa,1
7e1054a1,1
3e6c2f85,1
129484de,1
98ba4692,1
0d0e218a,1
26a00084,1
64a7c866,1
1e401627,1
fb2e20d3,1
fa9d03fd,1
bd84add9,1
49b0f62d,1
6872087d,1
dab2c39e,1
18493359,1
c7abfc09,1
dc300405,1
1be20e27,1
014cc20a,1
6088a87c,1
e50e1379,1
24d310c7,1
2b42d031,1
c172b034,1
9274db2d,1
fd3f4cfd,1
223fac97,1
db754f1c,1
310fb6be,1
1cab9cdc,1
ed13eeb8,1
5cde6f03,1
f8fd92c5,1
01492f5d,1
18493359,1
363524ff,1
dd579c55,1
5c6e3760,1
1be20e27,1
d8554989,1
b83fa143,1
ecfd9c18,1
23a323a0,1
ca2d56d3,1
56ed3c6d,1
2173641b,1
4d2459a7,1
8f99d481,1
5cde6f03,1
0acf741e,1
1a2aed4a,1
2b42d031,1
d2da813e,1
e584bd37,1
d97a2a75,1
dc885941,1
62b87e29,1
0061256d,1
40361374,1
888ff7e2,1
3d06c30c,1
7c0f6f50,1
7e1054a1,1
1b138da4,1
aea4ad9d,1
46036b01,1
bc073507,1
97c67929,1
a7f1a996,1
3b5dd0ac,1
74c91ed4,1
e5a21898,1
2796a422,1
3707a1a3,1
5a7c8b95,1
b4546370,1
1be20e27,1
2c5bc589,1
695d7909,1
7e1054a1,1
708b2229,1
34bcb1a2,1
7f70d4d0,1
23e100cb,1
95a042ab,1
b77203b7,1
96a0f6a7,1
fd366c40,1
d0bc8539,1
d443981c,1
36df908d,1
b732943f,1
0ebdd205,1
caf4d30d,1
5ac8b5d7,1
5c93fe09,1
ba84f1c7,1
1cab9cdc,1
f323bbd6,1
8ba01807,1
3d38247a,1
2ba33722,1
a1908453,1
f9fee2f1,1
8f99d481,1
ccb87016,1
df4111f4,1
f323bbd6,1
dc35f42b,1
5705ce6b,1
49fa9147,1
b705b937,1
129484de,1
3ed1ecb3,1
1aec0394,1
a670e454,1
50978a59,1
debfdab4,1
5fd53f97,1
e138a15e,1
54ef648c,1
4d1680d8,1
e6b6001b,1
b4546370,1
391e68c5,1
93ec4fd3,1
2b42d031,1
35cc5b1c,1
e15cdbe8,1
1cab9cdc,1
de959ada,1
fb426241,1
6c751976,1
f64765fe,1
8f99d481,1
7d7baced,1
d0d8aa8a,1
c0db651f,1
fffbb5dd,1
a3d3e8d0,1
826cfc50,1
14658a38,1
7b35217d,1
6690b42d,1
1a3eff44,1
07dab154,1
df0077c0,1
2ecaf602,1
80a30593,1
d72a3dd5,1
d3faf087,1
da849222,1
18493359,1
debfdab4,1
ac15e331,1
d5ea8aaa,1
8a80b549,1
e5a21898,1
245ca1cf,1
1cab9cdc,1
3dfa552c,1
243deb90,1
09dcfc0b,1
2b90a849,1
e23eac47,1
7af2e8c0,1
9ac259d3,1
059fcda5,1
f64765fe,1
ff3abe46,1
5cde6f03,1
f3195c82,1
fa9d03fd,1
f4d0a896,1
2c8181e3,1
c981904b,1
18493359,1
7a67c2e3,1
ff6e9289,1
66745dd9,1
05566d93,1
dac31d35,1
4ea329ca,1
f8e6d818,1
129484de,1
de235674,1
1cab9cdc,1
e04efad2,1
b4d80bce,1
96b2d2bc,1
b4546370,1
3a7a7a23,1
e461f04f,1
129484de,1
129484de,1
fffd3cd6,1
1ac593ae,1
dffe4806,1
24c86d76,1
319ab07a,1
1e4928aa,1
fa9d03fd,1
58d7f03e,1
08330301,1
e17dabc2,1
6870bb64,1
70856b9c,1
a06eb3dc,1
0ac8eb1c,1
8c37eabb,1
ecfd9c18,1
584aeb25,1
eb9e78e7,1
66b9c5d7,1
b25a4377,1
2913e389,1
02d16682,1
c7e9ba02,1
4af75265,1
03cce93b,1
e5214e45,1
cb8a560d,1
f323bbd6,1
1cab9cdc,1
ffabefc0,1
d4e0000a,1
8f99d481,1
5cde6f03,1
d9558057,1
60abba31,1
6ac586b5,1
cd0e2ea9,1
80d3f533,1
b9f2b380,1
d07454e5,1
d0a000d4,1
0e77dcc1,1
fa9d03fd,1
d38a1f8e,1
aa627fdf,1
ae132564,1
1bebebd0,1
04430b5b,1
057f2998,1
30a13bd5,1
f323bbd6,1
5d585464,1
6deb8604,1
0788f2db,1
a4862b76,1
8f99d481,1
8f99d481,1
36d4365f,1
2b42d031,1
3a1d0730,1
7a5428eb,1
b110159f,1
9c0959f3,1
5ae59bcf,1
8041295b,1
c32c5be2,1
0bbcdef6,1
e9a81afb,1
69b2038f,1
8541f207,1
380a77ae,1
c778e71a,1
fa9d03fd,1
d9800560,1
7e67021a,1
16d6ea0b,1
b4546370,1
533ab095,1
1cab9cdc,1
8f99d481,1
a1908453,1
9cb79b41,1
9e698630,1
48793939,1
a7c98e30,1
1cab9cdc,1
efa46a18,1
c067b64a,1
5cde6f03,1
c65f75f6,1
f7cbd7b2,1
5cde6f03,1
debfdab4,1
8ab16744,1
62095487,1
52b732c1,1
a1908453,1
567b71b1,1
4d983938,1
480591b6,1
85d84356,1
24541a1f,1
fa9d03fd,1
45fe4da1,1
1558fa50,1
276e17b6,1
6443f842,1
32fe2ec8,1
91833653,1
30c0a955,1
bfa9c72e,1
3aae13d1,1
7aa6c551,1
c7936b4b,1
822eab4c,1
9eb83c58,1
60494495,1
0b658010,1
f5a3306e,1
5b7ffffb,1
85000945,1
623929ab,1
a9130d52,1
59c72d61,1
45da96ee,1
d5f2287c,1
2a0a40fd,1
b272a342,1
063c2187,1
c7b9c9d2,1
3dcabe8f,1
7c3a3e29,1
7ac41b83,1
9c628424,1
f591ca57,1
c082f1ed,1
b202b918,1
24d564ca,1
81fa41a5,1
c5b75ec0,1
487d36e9,1
d1a9de8f,1
d3e5b822,1
a92b1fa4,1
d4b54b51,1
38b68a97,1
eee7db17,1
9c02295e,1
bfa9c72e,1
9140172c,1
80faf3bc,1
bef1bbeb,1
cf12071e,1
b0deee29,1
9c02295e,1
0d816fdb,1
9e2bc321,1
eff1fcd6,1
1b7230c4,1
9df0f237,1
bfa9c72e,1
4b762f35,1
7aa6c551,1
3df0d3bb,1
b3f55a9b,1
c3289a16,1
8e0322e3,1
316223ee,1
63e2aa36,1
f1095a54,1
e7d57be8,1
20d303db,1
21bd7021,1
7900e0fd,1
6a50f2b5,1
9b26af3a,1
07b49c2e,1
cb2e5b22,1
2f6cfc9b,1
1b7230c4,1
bc97c402,1
426003f4,1
415f1182,1
a768ec57,1
d63ec3dc,1
e827f88f,1
03efd047,1
3194bf42,1
30c0a955,1
9cdb983c,1
21bd7021,1
250b0139,1
d63ec3dc,1
1b7230c4,1
9cdb983c,1
626bd7de,1
be03e154,1
e9015d4b,1
9350c13f,1
8c65316e,1
6f4704fd,1
e44a37ce,1
f591ca57,1
a77ef895,1
1b7230c4,1
a65e8ab8,1
8da58b86,1
1af35a90,1
1f09f7f8,1
8b1082e0,1
9a33a654,1
ee8c7bb0,1
e1fcae2f,1
fb5fbc8d,1
f3de5256,1
f3543021,1
d3e5b822,1
296f5cf4,1
bb8902a8,1
bfa9c72e,1
7f8a7936,1
335fb9c5,1
f2f74465,1
0a0006cf,1
6a50f2b5,1
502af060,1
c08f4b1c,1
292c2773,1
d32885eb,1
812e29b2,1
dd76a1a7,1
ddbc73ab,1
592ce5e8,1
d63ec3dc,1
95374e42,1
884d78c9,1
d3e5b822,1
4ec85b0c,1
9fe8667c,1
49a4709f,1
bfa9c72e,1
fbb8fdf9,1
da3c6e26,1
b5a895a4,1
ed989f52,1
f128f726,1
14f9a25c,1
3fbc8a8a,1
20e63dcb,1
7c3a3e29,1
d63ec3dc,1
276cf609,1
6a93db6e,1
6a50f2b5,1
53bcfade,1
440eb8c1,1
5b169a6f,1
d6e9423d,1
4c868cf4,1
00d4b212,1
de8248f7,1
409c0bf7,1
426003f4,1
fb070ccd,1
f591ca57,1
7aa6c551,1
fd3b9548,1
84e75471,1
b55705f1,1
951b6df4,1
6c68b4b2,1
7e07173e,1
aefb416c,1
30c0a955,1
04844143,1
6d81e1d6,1
1c2fe874,1
f1095a54,1
bfa9c72e,1
ecf72820,1
6b7984f9,1
f591ca57,1
087d55a3,1
c68874e0,1
c27d7d0e,1
75931301,1
2aea31af,1
502b0c7c,1
e7a9b167,1
040e253e,1
4a1e526a,1
bfaa396e,1
25c5bad5,1
4aef11ff,1
e37d8f37,1
31871b86,1
a6969644,1
1439074b,1
ad4acff7,1
ddbc73ab,1
9c02295e,1
51a3e0f3,1
32558851,1
d3703eef,1
9cdb983c,1
7ac972e5,1
7c3a3e29,1
b411be29,1
22376306,1
9c02295e,1
abc54a61,1
a1add3de,1
0740d60a,1
33fd8c6f,1
1b7230c4,1
63318ecd,1
0984b587,1
0ce163a0,1
9e41336c,1
938ad131,1
c43c0809,1
95b86c51,1
eadf0fc4,1
eff4124f,1
eadf0fc4,1
eadf0fc4,1
0a31d978,1
8af6d872,1
e0d5c39e,1
1f765c85,1
11c6f89d,1
8205684d,1
aab43195,1
cd48d2f3,1
9a559205,1
2b5dba86,1
c286b705,1
8c548c36,1
f4d90ef8,1
a282bf22,1
6e42700d,1
66bd5231,1
3dcb3e75,1
cf713131,1
273d4409,1
a3988c38,1
6d82a9d1,1
22bbfb14,1
4d73de68,1
ac529106,1
89ccec5f,1
07bfe7cb,1
082c1eb3,1
511895a7,1
93b98983,1
70703822,1
22bbfb14,1
ab383bc8,1
2aba6c06,1
70fd90e9,1
d129e9a4,1
69d6c240,1
7878eb91,1
3a906cab,1
cc9347e4,1
abc3e4b5,1
70fd90e9,1
55a47e9f,1
93b98983,1
e0d5c39e,1
d6817a8a,1
6f0d5018,1
e0d5c39e,1
00bf7fcd,1
5575d5dd,1
93b98983,1
572893ee,1
7a144092,1
63ac755a,1
fd11975f,1
5c6c972c,1
2b18d090,1
a0b0d43e,1
2eee9fbe,1
6337f846,1
4eebf028,1
2b18d090,1
eb6a1919,1
69d6c240,1
7aebc11e,1
c8ba4462,1
55d90ff9,1
03555b40,1
3ef7e3c7,1
351e61ef,1
6fc97d0e,1
d2b72d2e,1
985c057a,1
6d41acac,1
699fb936,1
22bbfb14,1
98cd75eb,1
8ddcb059,1
2a132ccb,1
63ac755a,1
08692bf4,1
523b3849,1
aab43195,1
1e389eec,1
e178d89d,1
65335e45,1
3ef7e3c7,1
97f7b551,1
7422a7dc,1
a3988c38,1
37d31858,1
2b18d090,1
352adb3d,1
12433e7e,1
c9bbe87d,1
2aba6c06,1
a526b96e,1
7be4ced1,1
771a81ad,1
e0d5c39e,1
ccb9f355,1
11443a5b,1
a526b96e,1
ffede991,1
e1458d48,1
126ac2ff,1
1dcdfe81,1
55d90ff9,1
793c125a,1
d13b49a6,1
244c48a7,1
045cee6f,1
6d82a9d1,1
07bfe7cb,1
c841a994,1
22bbfb14,1
d6817a8a,1
c286b705,1
ea2ea072,1
85dd94ac,1
dd889d16,1
55bec5c9,1
98cd75eb,1
93b98983,1
cb07d26e,1
013d4018,1
7829e5ed,1
de02e6b5,1
117704d1,1
aa7744e5,1
3183d26c,1
7371c61a,1
094f6691,1
fe28b108,1
8c21d768,1
5519e95c,1
0abfade6,1
ed80500e,1
3ad0ef4b,1
70fd90e9,1
02140120,1
9bf0bd82,1
7655b759,1
8ddcb059,1
d89f0321,1
a22ab6db,1
a526b96e,1
f0698b3d,1
663d6300,1
98cd75eb,1
09ce1f17,1
f142beec,1
e4cf066a,1
e260eda2,1
6a4a0ddd,1
39530bb8,1
aa7744e5,1
8ddcb059,1
2b18d090,1
f80c6305,1
a5fef3be,1
6b4dc7e6,1
de02e6b5,1
84085d30,1
88e7edaa,1
e0d5c39e,1
b072c66e,1
a3988c38,1
8021f9c4,1
cc615719,1
f99b63c9,1
8a88d856,1
93b98983,1
b09495d0,1
063434b1,1
f658267f,1
9d0eeeef,1
ba95e16a,1
bef76902,1
fe71e6d7,1
2c11f820,1
875a4da6,1
248af03d,1
93b98983,1
832b6a6d,1
e2a1f38d,1
4f72f490,1
d6817a8a,1
b020523a,1
65335e45,1
7e9c772a,1
9ee08268,1
26f92fa9,1
1b4e4058,1
e0d5c39e,1
713b6034,1
7f7e6ffc,1
d89f0321,1
e208e2bf,1
22bbfb14,1
a648c98d,1
770316c3,1
d6817a8a,1
3fc21d51,1
19b90dff,1
832b6a6d,1
bc852195,1
dbf6e08a,1
626e2038,1
12433e7e,1
bb46a180,1
93b98983,1
1969c797,1
d1bd9951,1
beea2508,1
7ad165da,1
f8570ba9,1
19b90dff,1
e3859949,1
6595eea6,1
c5cc50a7,1
2aba6c06,1
06743128,1
9e187a2d,1
dc5f11ae,1
160a3a91,1
67ea029c,1
5ba27c72,1
9d50c4c6,1
dd889d16,1
a5954cb7,1
3a906cab,1
12433e7e,1
21f70bd1,1
d29b3e3e,1
9089436a,1
9ce7ff2e,1
6a786c70,1
a3702dfa,1
b67ca65e,1
a13ddfc2,1
939711c2,1
8ddcb059,1
cf8288bd,1
550e75a8,1
43b7be64,1
f03b4d4a,1
77f109b4,1
a5cd5675,1
92648c40,1
2aba6c06,1
76528c96,1
c286b705,1
eedab4c7,1
399ebc89,1
2b18d090,1
06362cca,1
94c470cf,1
b609ac11,1
ce476aba,1
55101f65,1
f1d7e4e0,1
9f14aca3,1
46bd2cf4,1
a9aa4fbf,1
2b18d090,1
70fd90e9,1
f72d4ef5,1
83e0dc42,1
75f6b7fa,1
03c98f99,1
19b90dff,1
7ba3eeba,1
832b6a6d,1
90b297f9,1
ccb9f355,1
63ac755a,1
f33d7fa2,1
69d6c240,1
384920c8,1
93b98983,1
28416af4,1
69210314,1
832b6a6d,1
019d36a8,1
285a783b,1
fd940839,1
75e72b9b,1
ff1b9f17,1
172ed948,1
51ba172b,1
64773ac1,1
2b18d090,1
fc8488be,1
65335e45,1
e48ece1b,1
0abfade6,1
04ad6324,1
17736b4f,1
3dcb3e75,1
48c95201,1
719e0091,1
7d71e280,1
e04f17ad,1
c286b705,1
dccef8c9,1
c21fe6f9,1
179964f4,1
8ddcb059,1
bbe53eb8,1
f1aa2048,1
ed7ff25b,1
645b0f0f,1
6f858c79,1
e27d3738,1
a3988c38,1
07bfe7cb,1
1f496f41,1
46d331c3,1
cc615719,1
9aa51a82,1
8e0392a4,1
a9bae94c,1
e1aaa74d,1
70fd90e9,1
c9f1c463,1
2b18d090,1
422c3504,1
ae83071c,1
cc615719,1
557f0ad7,1
39035618,1
a3f37dc8,1
75e72b9b,1
fd11975f,1
8ed4194c,1
41f75e36,1
2cae3f3b,1
de02e6b5,1
a526b96e,1
f77f7403,1
f8b6e1c5,1
cceab055,1
e1d2e730,1
aa7744e5,1
a523e6f9,1
c286b705,1
5db477c0,1
1f6aded2,1
c94b0452,1
63ac755a,1
ec7d2416,1
ffe775b3,1
9fa9efe9,1
b89c2d68,1
55d90ff9,1
fd11975f,1
113f3f57,1
3a906cab,1
90b297f9,1
c286b705,1
557f0ad7,1
05f296b5,1
0abfade6,1
490ea47a,1
24ebcca9,1
17736b4f,1
70fd90e9,1
adcd0b3f,1
832b6a6d,1
f256283a,1
d018b38b,1
ddc614fa,1
ca3b4aa1,1
9d201d87,1
f1aa2048,1
3e4fc521,1
c37e7182,1
ddb3cb5a,1
aab43195,1
1cc42d0a,1
38be4dcf,1
43b7be64,1
2b350335,1
3a906cab,1
8adb0ef4,1
6d82a9d1,1
04a2fc1d,1
2b18d090,1
c286b705,1
cc615719,1
832b6a6d,1
5fb1353b,1
ca4bd862,1
42c016e1,1
f7ffb1b5,1
adcd0b3f,1
9146601f,1
17736b4f,1
70fd90e9,1
cc615719,1
63a59014,1
e52d216d,1
fe14148f,1
e511eac2,1
2755109b,1
b3000880,1
ff1b9f17,1
0adfc91d,1
e4c0da6f,1
17736b4f,1
a9c6d826,1
cf065d32,1
5fdb1f26,1
fd11975f,1
55bd39b1,1
1f88dfe1,1
22c28d7e,1
6d82a9d1,1
63ac755a,1
66a9d922,1
d6817a8a,1
6bf4798f,1
6d1621cd,1
a526b96e,1
0b86d880,1
7ee29607,1
f1aa2048,1
fd11975f,1
fc250db1,1
d3098c77,1
f24f5876,1
f050a1b3,1
5a1aa1a1,1
3a906cab,1
58d7ecc1,1
003b9471,1
6f32d34f,1
19f89bd3,1
907acad8,1
e32d9af6,1
4e0686de,1
6d82a9d1,1
08e353c1,1
f594995a,1
fd11975f,1
1d28270c,1
a3988c38,1
e0d5c39e,1
2ada4f3c,1
98cd75eb,1
00066f06,1
17e61041,1
7574eb90,1
e5cc16c9,1
6945b80f,1
c270af47,1
c961e9fd,1
3a470492,1
2851a20d,1
36756830,1
def908ca,1
8ddcb059,1
b118c0ce,1
6a717476,1
3e344a08,1
40ca166f,1
10c34951,1
0847d572,1
f256283a,1
2aba6c06,1
eac39dae,1
48cbe882,1
93b98983,1
832b6a6d,1
ca869651,1
cbe3c380,1
3e317f02,1
d2e94384,1
68b67a96,1
d365da5d,1
b5404206,1
9e431375,1
d945baa7,1
db5d4efb,1
3cd78bd3,1
50c5756f,1
685bc73d,1
48300769,1
84a82e58,1
7455d70b,1
036ada9b,1
c6d1a7d5,1
a625d6ad,1
e19819dd,1
0d0f0856,1
c08436dd,1
8646d508,1
83425dbd,1
dbbc627f,1
0481c465,1
87f1a4fc,1
48b33384,1
03c48341,1
463ce34b,1
c08436dd,1
6ed622a3,1
9efee264,1
9d9e87fa,1
657940f1,1
c258b168,1
38e532bd,1
bccf6be8,1
b5a2feb4,1
c99534b3,1
9d9e87fa,1
af4b5f88,1
03c48341,1
3e317f02,1
d837b822,1
c27fe4a1,1
3e317f02,1
a0431c37,1
9c894ea5,1
03c48341,1
b1185d9e,1
8ed7dd10,1
d3d785e7,1
935133b4,1
83c619f1,1
738b55a6,1
808134bf,1
a244e9ae,1
f4cd26dc,1
26cfba58,1
738b55a6,1
423a40b2,1
c258b168,1
37d255a7,1
3b6be7ea,1
3dc86b6d,1
bccecaef,1
81ec454a,1
b4071aeb,1
6ca83460,1
3b7d506b,1
796bc742,1
7a4aafaf,1
f463a8ed,1
c08436dd,1
e0bb94b7,1
921e030a,1
9a75d1c8,1
d3d785e7,1
a9e4013b,1
41f8ef47,1
b5404206,1
934da322,1
e624fdba,1
5822fd49,1
81ec454a,1
442b2ad0,1
36bcb9ee,1
e19819dd,1
18c11c14,1
738b55a6,1
3a5b7de9,1
95be54ce,1
707cf455,1
9efee264,1
b49b5663,1
f90a037c,1
daa46516,1
3e317f02,1
fdc62065,1
f75d6dca,1
b49b5663,1
5e65f534,1
30354881,1
42f39a9e,1
066ae70d,1
3dc86b6d,1
d530263d,1
8a2db725,1
d1336336,1
ff59db55,1
0d0f0856,1
0481c465,1
b47323d4,1
c08436dd,1
d837b822,1
3cd78bd3,1
12add7f9,1
4c6fdba8,1
42fb1839,1
a8908931,1
e0bb94b7,1
03c48341,1
066b8730,1
2942b15f,1
7c8bec13,1
55288f60,1
f1be5b3c,1
095f988a,1
491a0ee0,1
c3adec6b,1
00ba7194,1
33ac668d,1
980e1b33,1
3bcb62ee,1
b74b6d45,1
e6c5a69c,1
91d1239e,1
9d9e87fa,1
58d0d8cb,1
aad36403,1
78a99fd7,1
921e030a,1
ae6766dc,1
e0a305d6,1
b49b5663,1
05334b1a,1
e5efadea,1
e0bb94b7,1
be3a6b3b,1
aaa5c540,1
44c540ad,1
5bb5c6a1,1
fcb7aaa8,1
dc29e671,1
095f988a,1
921e030a,1
738b55a6,1
b29f15f1,1
ebc46e3d,1
16709ad1,1
55288f60,1
e78ed3bb,1
822caaf4,1
3e317f02,1
2ac93d84,1
e19819dd,1
ad39eaf4,1
ac25389a,1
3853d57d,1
7b7fdce9,1
03c48341,1
efbdf066,1
dda8850a,1
055f1961,1
dde85919,1
a07e6603,1
ccca3475,1
68a277d8,1
f88a0418,1
190e231c,1
0f3fd38b,1
03c48341,1
bdc66e47,1
47461b5d,1
6a33c1c4,1
d837b822,1
8886fc06,1
5822fd49,1
0145540e,1
994c7c8b,1
d8198917,1
350fc755,1
3e317f02,1
56d34ab3,1
83c6bfb4,1
ae6766dc,1
9ddde171,1
c08436dd,1
5331ae01,1
91ee2259,1
d837b822,1
c963a76c,1
3553c810,1
bdc66e47,1
c654543d,1
a4986a98,1
885dde28,1
95be54ce,1
e94475fb,1
03c48341,1
4c816a24,1
cca172b0,1
eb9ea406,1
f24fb819,1
527617fa,1
3553c810,1
42d7177f,1
59859f06,1
e7c35c4d,1
9efee264,1
4103efd9,1
e9ca364e,1
d4038161,1
4549e7d8,1
3412bd45,1
d68139cf,1
80ac7208,1
0b8d423c,1
193649a7,1
747bb68b,1
563af025,1
a0222121,1
2dca98d8,1
a4946490,1
3d1dbe7c,1
6be936f3,1
342f404d,1
d00f2ea9,1
d5b29d25,1
ff1eeeb6,1
86b14955,1
7852d214,1
e73e51b1,1
59e11a36,1
5f147f7d,1
578c8d13,1
4132085b,1
10ea251e,1
8c31dacc,1
25173a30,1
7e7b5f1f,1
6e8bb50f,1
a270c49e,1
4ddfd417,1
69856db1,1
ad2201c0,1
1f8aa8b6,1
f0462536,1
8d4358bc,1
0257d070,1
2307b432,1
6da7508f,1
7be09a6e,1
d76861b0,1
15364fba,1
6220b667,1
7241a7b1,1
85efdc8f,1
a28277f4,1
27777a3a,1
0438729e,1
6fc236cb,1
ab077991,1
2ddaac90,1
fa94bcd1,1
fabaf3c7,1
afca0872,1
4a0495c5,1
82e5bbeb,1
6f28e946,1
024a5317,1
cadf2eac,1
ab077991,1
4958afa5,1
d2597595,1
0120b4a0,1
0988b69a,1
46e7f217,1
97c1a64f,1
964e6774,1
1169e2d2,1
9526d225,1
f059c415,1
ca567369,1
4e0faea7,1
143b1312,1
f68e126f,1
c5538759,1
e0aa3b9e,1
310523c9,1
fa7d58ac,1
f4163048,1
37045c29,1
85de4e02,1
cd6bd687,1
c4f69a3a,1
7307f20f,1
c2cd412d,1
155a2bbb,1
694448b1,1
9f80921f,1
6b9a0a10,1
6a5070d1,1
a1dc3cc0,1
b100e8ee,1
8c4a3281,1
8294695b,1
8626da57,1
4e6e9e4f,1
38ae2b6b,1
c1ddbfe0,1
fbee0533,1
276422dd,1
cd5f98d3,1
479743d1,1
992a0a65,1
07272ad3,1
f8e54846,1
8d2c457f,1
21798166,1
5e226ffd,1
916f4774,1
a969c44e,1
8a079817,1
bcebf4b0,1
62d453c6,1
cc07f994,1
ead1e279,1
78deea24,1
4549e7d8,1
4e267038,1
8b4f5cbe,1
a546ce93,1
80aac89d,1
fa308fb9,1
57231c4f,1
a0607797,1
185f92ef,1
8b245e70,1
6aebf5d2,1
dda1bc09,1
71933a37,1
0eab938e,1
89061f28,1
9b1fed55,1
33ef6d10,1
8859ee9c,1
6122c4d9,1
450f9b9a,1
5381fb5f,1
31951c98,1
45309662,1
7db16902,1
5e226ffd,1
49254c86,1
d0670e7d,1
fc867e68,1
bb2570ae,1
62a220a1,1
5bf7c779,1
71b84149,1
a2eccabd,1
c2864c81,1
40757cd7,1
b007f85b,1
d50edce3,1
744e1666,1
32978a9f,1
a0607797,1
9d4ac16a,1
c75ce47b,1
6f6e072e,1
992a0a65,1
10b27258,1
ee17c1ec,1
00c4c5ff,1
fa7d58ac,1
a5f811e6,1
03639723,1
71933a37,1
bdbd9fe2,1
49308ff8,1
3ddd4de9,1
a2ce28ba,1
3f3c8340,1
a2110e69,1
d4f4e722,1
2d4c520e,1
d4db27a3,1
a0141460,1
ed56c5a6,1
5de3288d,1
d5b29d25,1
3f3aebad,1
d40adbe6,1
0b4d3892,1
ce0cf87d,1
881c0438,1
d3ca840a,1
2ddaac90,1
60964710,1
a301727d,1
519a1a74,1
14ada5a6,1
8e33e6c7,1
5dce1a69,1
157456aa,1
ba30922c,1
816047cd,1
2e86772d,1
85074672,1
33ef6d10,1
3e58bcd0,1
8cd7b379,1
9f80921f,1
41a60030,1
992a0a65,1
4b3b26c4,1
24c0b3ac,1
274caca5,1
26965f12,1
9b42bc47,1
e8d98de4,1
ea55074b,1
66f4e0a6,1
121dacf5,1
5d19758c,1
6e3aab63,1
f20055d3,1
969eca41,1
1391c487,1
02e2983f,1
e0aa3b9e,1
b03cb896,1
3b1ff728,1
8d85ceca,1
a301727d,1
2a894cc8,1
831a7105,1
4bdc5cde,1
ef60687c,1
efe74bd5,1
030cbb33,1
f0588cd8,1
12d2977b,1
a0222121,1
3a8149b2,1
c18ade44,1
ce44ffc0,1
9daa3501,1
eabbac08,1
065064a2,1
445c8935,1
3d2ea8f0,1
91639944,1
b25205ee,1
6f9f1171,1
22e40a4a,1
bf1da5e3,1
90cc41f7,1
636a4b61,1
d9e563e4,1
d7260bd5,1
4334f408,1
444505e5,1
992a0a65,1
69e267b2,1
4e6e9e4f,1
736ea96f,1
964e6774,1
2dc4d7bf,1
c64885cc,1
fe76bb85,1
80dd7ea4,1
35d709c7,1
0dd59098,1
4ddb7c88,1
6c5be32d,1
b0a6a43a,1
a450ba85,1
11f9d0d6,1
c26a4852,1
285cdc36,1
159b3bb1,1
d0b61400,1
4f16df6a,1
cbd2434b,1
1ea4e59d,1
60499e13,1
19511f50,1
1eba1dec,1
c05b0393,1
2d470f75,1
a1dc3cc0,1
939cf560,1
12f893e8,1
bc1306b8,1
c83024f1,1
687ce212,1
6fc236cb,1
d5b29d25,1
a46cf6b2,1
ee6b5a3f,1
284557e5,1
0b541198,1
4549e7d8,1
2efb5f90,1
201ee5f0,1
a16249f6,1
5917a197,1
eed35474,1
1391c487,1
6b2e4cd6,1
e0f813fa,1
208c3ae8,1
cf34019b,1
40d0e97c,1
2661bd96,1
e0aa3b9e,1
3faa86e1,1
b7c09548,1
4217a621,1
09c3ccc3,1
7757250a,1
6cb114f2,1
979e2719,1
b4cdd736,1
41fce0ea,1
c756433f,1
592b550d,1
33ef6d10,1
48eceffc,1
59ef9a38,1
74ab7915,1
c43d742f,1
62d453c6,1
425090a9,1
2d470f75,1
62d453c6,1
b03cb896,1
eb769ebb,1
bdf21cb7,1
e03b68b8,1
992a0a65,1
d332a499,1
cf34019b,1
ad2201c0,1
7cb48e51,1
08b9fd77,1
1ecfd5d7,1
2fb96284,1
a969c44e,1
7808a43c,1
2155aa9a,1
a0222121,1
cf3d3092,1
43f765ab,1
a80f84fd,1
d4b2ab99,1
31951c98,1
0eed9559,1
73b12b59,1
ad2ef61d,1
41d3fbb9,1
695fa36b,1
4f71e030,1
ad2201c0,1
70e225a4,1
4f5fa6a8,1
a37dcb04,1
dcd92651,1
5529cda0,1
c56e102b,1
2d470f75,1
66170f44,1
9c1bcd3c,1
1bafdaa8,1
8d352f2f,1
16efe38c,1
d83e2b4f,1
dfcd3c91,1
c4fa4b72,1
21313d52,1
f7f32a8b,1
a00f7df5,1
a2eccabd,1
a4946490,1
101899a2,1
155a2bbb,1
bf8a9011,1
bed5a800,1
06de5217,1
a0607797,1
6cce8757,1
57e9bdae,1
cf6d867a,1
976c16c7,1
29c32a57,1
6be936f3,1
6628b5b9,1
adef4cd7,1
998050ea,1
9dd95eb2,1
82f3aef4,1
8fda1ec1,1
29444b64,1
d7a533b8,1
a98b2e59,1
1d07f772,1
3326d747,1
9354ef68,1
747bb68b,1
a716cd5d,1
84aa1f79,1
97f3db2c,1
548ba847,1
e74d5583,1
58f72b7c,1
dd1fac21,1
3a92b672,1
87a934ee,1
d49ec8a0,1
ab077991,1
416e16fd,1
fc09a7ad,1
75e9554b,1
3b8cbabe,1
bf87828c,1
d76861b0,1
e3a3c25d,1
55e59d8c,1
59270bdd,1
ef6818d1,1
67d88de9,1
749c6f18,1
640857fc,1
416c4826,1
ebd43b6d,1
3f07ea38,1
cf34019b,1
fa7d58ac,1
a657509b,1
a271d6a4,1
8eca0f72,1
14a4b154,1
bdf21cb7,1
0d69600d,1
8104187a,1
2efb5f90,1
17fa8b72,1
69326b51,1
d1335877,1
a894258a,1
c11e298b,1
b25205ee,1
72d33f0f,1
33ef6d10,1
e60ea616,1
d5460c29,1
128fabc4,1
a4667691,1
f45eeaba,1
028ca2e3,1
7719c6d5,1
4e6e9e4f,1
3a0f503b,1
992a0a65,1
c26d91c4,1
586816c8,1
b1a5ff29,1
5f52fca2,1
a2eccabd,1
5e226ffd,1
31951c98,1
feeefa55,1
2f141bf4,1
e19ede61,1
065d9e69,1
becbff53,1
6b61c66e,1
6e9a2898,1
6603d835,1
90cc41f7,1
a4946490,1
55443e60,1
3b3b741c,1
3ddd4de9,1
6d43ab87,1
8d3f0499,1
155a2bbb,1
56980a28,1
73be552e,1
6cb947fa,1
2ec495b3,1
2f6c8dbc,1
b3068409,1
35a67e59,1
610bfa56,1
06f4dac0,1
1391c487,1
48a48d64,1
c00d4595,1
a705130c,1
c9cd6187,1
21d428ef,1
87710448,1
3e58bcd0,1
c12c0bdf,1
a0b944b9,1
7057a1d4,1
22649cd2,1
3e58bcd0,1
1b9e2418,1
d95b45dc,1
3f6f7d93,1
71933a37,1
6f0b1302,1
35a2f88f,1
1731fd2f,1
65f4c666,1
52e2c912,1
2d0bbe6e,1
b61d4633,1
0554a6cb,1
bef9cfa9,1
b341bada,1
b3068409,1
beab14ec,1
4bd9b426,1
95159bc9,1
14beac8e,1
5ac2b061,1
d9e563e4,1
745ee483,1
0fd1c55d,1
5a496b0d,1
7b86c74e,1
556c18d5,1
49230227,1
27f1bda5,1
58ac04e7,1
14c0dfeb,1
9a111fc7,1
0feffb56,1
4a3369df,1
c4cd4c7d,1
b03cb896,1
9554e36a,1
9d635421,1
fa44b7db,0
3bf36905,0
964e6774,1
7d16b59c,1
b109aa91,1
b24c48ce,1
c531ee74,1
a44d7e7d,1
0f46e996,1
3e58bcd0,1
8246c8be,1
62d453c6,1
b7d2b89d,1
60499e13,1
0eda088a,1
e60ea616,1
1cce8c1e,1
3e88cd5e,1
2d470f75,1
1fa2fd7a,1
5e226ffd,1
2931155a,1
138193a6,1
c586adc2,1
84aa1f79,1
74c3cb44,1
fb75013e,1
51b58edd,1
33bbf95e,1
ccf3f669,1
72b408ea,1
b2a15cb4,1
01024898,1
06600711,1
ca7d3b42,1
4e6e9e4f,1
f5445f2f,1
2615bcfb,1
f9509b37,1
33ef6d10,1
08b9fd77,1
d76947d0,1
0e2005ba,1
0b96f3bc,1
5d042cd3,1
fe066f24,1
682361d8,1
08b9fd77,1
1e48ad54,1
e36a3483,1
fca8dc60,1
ca336900,1
daec2702,1
a7a07c7f,1
822ceac1,1
38ffb5f0,1
48812ea6,1
d5096b04,1
be72cf05,1
e5b781d3,1
3a8149b2,1
91b747d1,1
02256f2e,1
694dffe2,1
4d10e085,1
f58c7926,1
87c86da2,1
39b6e2d2,1
ca8641cf,1
e9e62f8d,1
51f1af76,1
4334f408,1
22ae20aa,1
d30a32b1,1
1705abed,1
76b27682,1
9d0c0fac,1
74b6cddd,1
71933a37,1
7e2c293a,1
65f995ee,1
ba6065cf,1
949dca8c,1
07780e22,1
873a559d,1
4e020e66,1
5bbea141,1
608616d3,1
ed2818e3,1
c41c2ec9,1
47b1bb45,1
6fc236cb,1
cb886dec,1
60499e13,1
875fc0d8,1
079232cb,1
a51c518c,1
610f5ec5,1
02f29785,1
b783b41e,1
bea6f977,1
fc58d9d0,1
dda1bc09,1
3d836633,1
7c12c5b7,1
fcb18f4b,1
e85f89f7,1
a969c44e,1
d88ce860,1
7e255cea,1
78607704,1
9e7854a9,1
8ef9e687,1
ad2201c0,1
a847f311,1
964e6774,1
07ae75df,1
b25205ee,1
6000014a,1
8d0904db,1
c3b25070,1
57ff6926,1
4d4a3314,1
850be50c,1
d4504053,1
6a17c9b4,1
3ddd4de9,1
b51ebde6,1
656f1d49,1
122aa781,1
cdedad57,1
155a2bbb,1
46eebf08,1
76a3fa0d,1
4fc8f124,1
b1bedaf0,1
6f1518d9,1
4c65b450,1
31951c98,1
e3af1e59,1
ae79d859,1
84aa1f79,1
5635333d,1
62e260ce,1
77ab894c,1
bb7baa97,1
90cc41f7,1
bcd7be5a,1
c613b738,1
6fc236cb,1
537fb920,1
706c0fdf,1
6be936f3,1
42d9812d,1
b70a6035,1
3b51bab0,1
8ceb10f8,1
ffd8123e,1
2d6ce5b5,1
c91ab0c1,1
972299dd,1
8f338e70,1
706c0fdf,1
df793adb,1
be3567b3,1
b4fb3166,1
2aa3b714,1
383aa953,1
d60fed83,1
b9635b46,1
f52ac3e6,1
112629b6,1
40666359,1
fff49461,1
a1dc3cc0,1
7a9b00a8,1
0436ce56,1
36271181,1
9e235e09,1
387f43c9,1
5387dbae,1
464b9507,1
2b7cd60f,1
ad2201c0,1
328ad06d,1
373a8c36,1
f0626641,1
55ed979a,1
3cbf7c52,1
5ac00573,1
041cdcd1,1
700414cc,1
bc4e3534,1
93749f8a,1
790b9964,1
b8e76dc6,1
15a90940,1
6fc236cb,1
1e2b8581,1
efe7739f,1
686c575a,1
e81e489e,1
d6e08e1a,1
ce8b0152,1
a0dbc59e,1
604ce8d4,1
4549e7d8,1
60499e13,1
62d453c6,1
7833c9a0,1
bb01ebea,1
77786d88,1
59159ab5,1
9c8da788,1
c8233b13,1
36ddbcee,1
f83d811b,1
779519bd,1
052366c6,1
acc8ef86,1
acdb0376,1
2efb5f90,1
335de43c,1
b2b0056b,1
bba263fe,1
a4946490,1
cf34019b,1
155a2bbb,1
d5b29d25,1
f0a2b00e,1
2a5b1eba,1
2bdd642e,1
276422dd,1
c6a855ac,1
b03cb896,1
0c057381,1
8183124c,1
9e09d184,1
4cfe20bc,1
03639723,1
1731fd2f,1
ff867944,1
73b1d690,1
4b88c86d,1
b0c804bf,1
10a1b305,1
e0c003d6,1
468bde5b,1
a0607797,1
b5b47d94,1
97d960e5,1
992a0a65,1
e69136ed,1
9f80921f,1
e7bb4179,1
3ea1915f,1
0bd83ced,1
3c5d981e,1
992a0a65,1
8715715f,1
e0aa3b9e,1
3636155d,1
20d7cf1d,1
95f412e8,1
92d20cd9,1
a9c6ed95,1
6ed11e3f,1
bee08bb7,1
4bf18c02,1
c7abc1dd,1
a061c8f9,1
f69ed3f0,1
6fa66342,1
3c3081c6,1
afe0110d,1
155a2bbb,1
a7877309,1
964e6774,1
fa7d58ac,1
a8ab49eb,1
44b004d8,1
e710c730,1
e15a779d,1
cb316213,1
998050ea,1
dde595b2,1
1fcd55b7,1
0f6508a6,1
98598d54,1
741602d6,1
3ddd4de9,1
f800ae3d,1
c494c082,1
717287fa,1
a2eccabd,1
13a23eaf,1
0fa4bfbe,1
5b1b3e43,1
8ada1095,1
ebb8fbbb,1
4334f408,1
a5d45978,1
e8bdb3c0,1
0c54a079,1
559d41c9,1
fbf6410b,1
fd18f0ca,1
61ac3778,1
0e287738,1
ab077991,1
04c2ec86,1
272b5e34,1
a0607797,1
a304cc7f,1
e51c1158,1
337ef414,1
ed0b88e9,1
dc8ace9c,1
6fc236cb,1
a89e8d25,1
d8ffd968,1
3e7dd0e9,1
5b33c6c9,1
86ad2d82,1
68dd97c9,1
84aa1f79,1
3d429f7e,1
e1bf3999,1
5bf698d5,1
5ac00573,1
e60ea616,1
6c6e4bea,1
90cc41f7,1
cb2aeb6f,1
1fafbde4,1
facc9e06,1
6fc236cb,1
b00fff73,1
b4dd4253,1
7d01c6f2,1
316abcdb,1
bb5c30bf,1
706c0fdf,1
08b9fd77,1
41acb7c1,1
5a888462,1
a7bfdaf8,1
e19ede61,1
90cc41f7,1
c0b572aa,1
ccf72316,1
98077c63,1
2713e037,1
4e6e9e4f,1
94f83f8d,1
964e6774,1
2efb5f90,1
9f80921f,1
4549e7d8,1
e5ae5cae,1
aa5e8fbd,1
4ede87d7,1
b03cb896,1
60499e13,1
4fabf219,1
07bf90fa,1
dd0c0668,1
ad99ac2c,1
c6a855ac,1
e60ea616,1
5f938924,1
3ddd4de9,1
9b5893d8,1
cb65f15e,1
4549e7d8,1
d0d9ebf1,1
0f8b4b36,1
4549e7d8,1
0b44930b,1
429f4030,1
d76861b0,1
50200fb6,1
d60dd17a,1
b03cb896,1
1391c487,1
c7656134,1
3ae63770,1
281e4930,1
3560cf61,1
d34cf0cc,1
d9d8b502,1
31951c98,1
f4180c2d,1
8b9cf539,1
bca87567,1
2e9f74d3,1
bc9e0423,1
abad6d39,1
2355123f,1
71933a37,1
e60ea616,1
ded044e5,1
2b7aaf9f,1
9f80921f,1
531de597,1
1ef21ae7,1
717e4ec9,1
ab00c2c7,1
2795a663,1
851aeb3c,1
edc0ecf1,1
8c5849fb,1
44dcf91b,1
9886519d,1
cfd475f7,1
bc0985c5,1
cf34019b,1
b612176d,1
d7a66552,1
1391c487,1
33ef6d10,1
3603c401,1
f3db82e1,1
71933a37,1
0db9c51c,1
b7f03285,1
6a647a17,1
89b5eef2,1
af6ea934,1
32099bf0,1
06e79f80,1
72b7ade9,1
8032e2fb,1
4e6e9e4f,1
a2eccabd,1
c3657b49,1
6fc236cb,1
e0aa3b9e,1
57e4cc41,1
751e68f7,1
3bd9e764,1
62d453c6,1
8280794f,1
469b57d4,1
b85eec9c,1
7d01c6f2,1
216df933,1
fad052c6,1
b03cb896,1
2c0c235c,1
5e226ffd,1
1731fd2f,1
4334f408,1
a105e052,1
7c61e759,1
6612df68,1
79da163f,1
14ab7416,1
efa6d57d,1
a969c44e,1
501b452d,1
ead1e279,1
5c9be1b9,1
e0d4aade,1
fc3b4875,1
b7eaee84,1
8ef363d8,1
33ef6d10,1
3a8149b2,1
db5ccef9,1
8a209c5a,1
b3068409,1
a4bf9177,1
25173a30,1
71933a37,1
1d260de5,1
5845fa69,1
31959cdd,1
b2fbe1a6,1
a7017630,1
64c3805b,1
9f80921f,1
f44abe2b,1
62d453c6,1
178a301e,1
992a0a65,1
44ad4c6c,1
a3d04014,1
856c211b,1
f4fb0172,1
dd8492e5,1
03639723,1
99ef83a5,1
56466ec6,1
cecab025,1
41f724f0,1
4529274f,1
9c48038d,1
001b357b,1
7be09a6e,1
5d4a4ec9,1
e0cab410,1
2486da0b,1
60499e13,1
e1281a75,1
3170b025,1
ae43678c,1
b634823b,1
4586e0c6,1
03639723,1
d9e563e4,1
9ad5b818,1
fa88411f,1
1ee500fc,1
2b0df89b,1
8d23736c,1
affb7b81,1
d025dc13,1
6973a713,1
1391c487,1
5d703642,1
1ed38e8b,1
e67524d3,1
b25205ee,1
b9f80183,1
9bceefb1,1
3b71152b,1
f5eca890,1
4af90734,1
b25205ee,1
b25205ee,1
f0800930,1
706c0fdf,1
dda1bc09,1
cfa69db9,1
6fc236cb,1
e7bf69cc,1
4716b1ff,1
c9849e2b,1
90cc41f7,1
2199d3c2,1
e60ea616,1
ad2201c0,1
288786a7,1
b45ea532,1
702689e8,1
0fcf5cdc,1
16685a6e,1
4bf28e37,1
747bb68b,1
013369b3,1
5b8e0ed2,1
3d4d6b50,1
92d20cd9,1
040492ac,1
200ed625,1
ab077991,1
22348cd9,1
80d7b8e9,1
7be09a6e,1
f3495abd,1
82ec2917,1
7f61f878,1
ed27a9bc,1
883829c0,1
6fac91aa,1
4334f408,1
d65d75b0,1
3ddd4de9,1
a5ff54d8,1
1e321b56,1
c56154c6,1
6b536e7c,1
97550368,1
46be32db,1
926c10f1,1
2accdd6d,1
3e58bcd0,1
4549e7d8,1
407c5718,1
4549e7d8,1
dd09cfe5,1
a2066d0f,1
934da019,1
58772afa,1
166346be,1
b1fbdc35,1
bf7df129,1
d03d8dec,1
3a8149b2,1
24d611cc,1
71933a37,1
50a8ff79,1
7f5c5b72,1
15d470d7,1
d33fc469,1
398f5793,1
e5e7207d,1
496da613,1
ee5d9744,1
54781473,1
e0aa3b9e,1
f3151fd9,1
8085d901,1
43121438,1
1391c487,1
08b9fd77,1
958b0558,1
65185ca9,1
c33f1b1c,1
03639723,1
c98d6ba7,1
187469e0,1
26e2f59c,1
93af91e0,1
5a5c3ded,1
1891399b,1
ef50934a,1
fd99c333,1
16efe38c,1
4b065994,1
d76861b0,1
1fc6fdd6,1
21291fc0,1
549ec820,1
f3a22ac7,1
478b0a52,1
a1dc3cc0,1
0fcde002,1
44a6c4ad,1
8d843b47,1
6b519afa,1
4334f408,1
964e6774,1
92d20ae1,1
443b940f,1
a9dac837,1
fccc0de2,1
37a12342,1
e3607402,1
e19ede61,1
36e21e51,1
3ae2fc17,1
11f06cc5,1
51e1bf04,1
706c0fdf,1
51b58edd,1
a4762dd4,1
706c0fdf,1
1eeb1ca5,1
69407cf1,1
91feb022,1
720048a0,1
15be2505,1
f02857be,1
90515b86,1
8efc6758,1
90a947dc,1
953e2276,1
4537b8ae,1
a092df95,1
6e5d1903,1
d41fae4d,1
141e734d,1
e6ece679,1
08b9fd77,1
7be09a6e,1
71933a37,1
dc073b09,1
99373521,1
46bd9925,1
e0aa3b9e,1
28c3521a,1
31951c98,1
3b19577a,1
eeca7dea,1
51b68670,1
b012a61a,1
525b7089,1
a438df45,1
cf34019b,1
f6aadb68,1
0b4ac24c,1
a0222121,1
2a6c1a0c,1
2d470f75,1
9b83fbed,1
178c0c80,1
95cd6348,1
e5476db4,1
544a86c2,1
81a107f3,1
a4946490,1
81f09c7e,1
a1dc3cc0,1
1c694d7e,1
e0aa3b9e,1
7f15056d,1
b1a0ec00,1
fba3556b,1
9d620946,1
7e92e6dc,1
b6e5bfec,1
372483f3,1
14e1dc62,1
b505d235,1
62f5ad35,1
ca65d3a1,1
747bb68b,1
3a33a2d3,1
8073d32f,1
987944ba,1
1b9d3262,1
6fc236cb,1
55e59d8c,1
54d5c6ab,1
964e6774,1
891088ff,1
ab077991,1
d2dee27c,1
f92db6e6,1
91bda2f9,1
706c0fdf,1
33f19ac8,1
b6f323c6,1
39ec8e66,1
4549e7d8,1
dce96d02,1
db1bada5,1
9d06cc14,1
489e1177,1
e38ebe1d,1
ca934cb8,1
806cf69a,1
b1f79e3b,1
1626d546,1
e19ede61,1
a1dc3cc0,1
9e0f37de,1
b6c51810,1
8de37f05,1
2d3e4508,1
ca91d604,1
624a15f6,1
8c3e7c41,1
973129e7,1
36fa87d5,1
23beb251,1
ffdd58e2,1
31ba76e8,1
9654491d,1
e3f76db5,1
4be92b09,1
0be682b3,1
7d0d7c8d,1
f0464824,1
652d894d,1
8b333d56,1
57130a84,1
b72c4d5c,1
91d10653,1
79d4fce4,1
cb9c2910,1
31bd2831,1
d3d4296f,1
bde94c3d,1
516c677d,1
28620da6,1
ef06cf25,1
2d2beb7b,1
9955319f,1
b3b0e5a1,1
e71349a7,1
3c8b743f,1
a9c385dc,1
c9aa62a4,1
8f286f30,1
8a4d15bf,1
f535202c,1
9bcc8847,1
a9d105b3,1
00e8d2e4,1
af589ad6,1
809a560f,1
43418792,1
1a1046e0,1
3a0a8f74,1
d329378b,1
c98fbfca,1
2ba1aeb2,1
23ab6db2,1
ed3e9295,1
39d98524,1
0841eac8,1
29d8e500,1
7385b90d,1
a6114eda,1
da5ebbfd,1
c98fbfca,1
9e996450,1
0173efe9,1
593e44d4,1
309a6fb7,1
d98d9cde,1
bad6077c,1
4fdf705a,1
be950388,1
93c228bb,1
1fcac602,1
ae06911e,1
9f0ec5ea,1
13e46a17,1
6b4822e2,1
1cb9beae,1
52732439,1
8d678791,1
e4e71852,1
cb8ddfb2,1
a89413c9,1
d1b47d68,1
060b6674,1
176271ad,1
ade654ce,1
e5a91e69,1
95bf6813,1
f1cadf8d,1
431f7d76,1
27b25971,1
44648c2c,1
8f007df0,1
a8b0f26f,1
63270e8f,1
e30b8b8f,1
a96bd9b4,1
d2edc71b,1
e4a02efc,1
2d8ea28c,1
6d3992ff,1
8458b2f3,1
1e566993,1
74d20f7a,1
5730a90f,1
dd7bd3a6,1
e2942f1c,1
7cf58a99,1
a337f03a,1
9088211c,1
fef7a4f6,1
461a8883,1
a889882d,1
d206c5ab,1
8a58cc2c,1
ffce71b1,1
07e8ca7d,1
deebc835,1
b6c51810,1
bf93bbd1,1
718f8854,1
273d0fed,1
948a5e5c,1
66df4802,1
5a801c2c,1
35369f9f,1
afae383b,1
542a8aa4,1
ee5e3fa6,1
6e359c1b,1
56eb7168,1
e18d2167,1
5e4b5049,1
4f61db55,1
6938af1c,1
cce6e5cb,1
2756519c,1
4783b792,1
47feceaa,1
147036e8,1
f29fae1f,1
73f6607c,1
9088211c,1
6e03acba,1
abf4904f,1
02d6ffe3,1
07ddd903,1
ccba4885,1
fc683dda,1
dfb0a37e,1
36f37cbc,1
d9acfd3c,1
608a637a,1
c9c93960,1
e46fb9c7,1
f7d33aa4,1
4108d8bb,1
35369f9f,1
02665a33,1
67af5e90,1
445b9120,1
5730a90f,1
4374f698,1
f715c976,1
3456830a,1
e4e71852,1
017b9c85,1
3baef95d,1
56eb7168,1
47785712,1
824870de,1
e3f2efd9,1
8923c304,1
f9df3184,1
fa23dd48,1
cb98f52f,1
2d367923,1
f9d1adba,1
06e30e6c,1
9d898a94,1
4c9a3e06,1
7d0d7c8d,1
e7ecd60c,1
ee97df11,1
52eb015c,1
59b3bd37,1
b9486cdf,1
91639525,1
2ba1aeb2,1
9317b3a1,1
680d9f27,1
199a2394,1
e0634bd8,1
1e82c632,1
35f5a8f1,1
85caa54f,1
00e905b8,1
02ab3fa7,1
284310f8,1
544cb502,1
6938af1c,1
796718c2,1
6a7354a1,1
431f7d76,1
bedde25e,1
5730a90f,1
43ba4821,1
0f13100b,1
7c952f9c,1
b6df4624,1
a6b458d4,1
5e5562eb,1
7463a404,1
18843793,1
13fb36e7,1
8087c62a,1
a155dd11,1
58215709,1
1fc2a8b3,1
27d78231,1
cc5e90c0,1
52732439,1
95d80c95,1
e48e702d,1
7f5be131,1
680d9f27,1
f3e060d8,1
fe539477,1
33e07105,1
cb446ac7,1
7dfec582,1
7e8c9a7a,1
7b6db342,1
bbf359c1,1
23beb251,1
36c4287b,1
aaa01312,1
07e7d7cf,1
15bbf2d3,1
54e33e1c,1
07358fef,1
478f02eb,1
7535cb25,1
a0a01bb5,1
29ac4215,1
a850a3b8,1
6e0868d3,1
03bfad53,1
71a06bff,1
b4017acd,1
85ad7a0f,1
d6b47a0a,1
02aec049,1
e2fb717a,1
5730a90f,1
a8e2d184,1
d2edc71b,1
8f05617e,1
4fdf705a,1
e1dc8907,1
b6ced52a,1
4dc283bf,1
68e60609,1
a1ddcf01,1
aaac509a,1
5c847e87,1
84677c53,1
11b3ab84,1
4c630943,1
d122e25a,1
5ade6e09,1
5282099e,1
2153fd2b,1
a6114de6,1
9ed22451,1
9646862b,1
730f8836,1
cb4377e9,1
dc096f1a,1
62f0eaa6,1
3fd3ae72,1
0170053f,1
8f007df0,1
8df9f002,1
a50e9b61,1
da263b19,1
a47bae62,1
af5b8cd1,1
d329378b,1
7d0d7c8d,1
7a815c98,1
b3af9e89,1
e9e64b67,1
f5b3ac32,1
b6c51810,1
62d7e270,1
f76cb7b6,1
bcffdb88,1
4a5b3ba9,1
7c30bd9c,1
27d78231,1
81e36f3c,1
84efdece,1
cf6d0308,1
588ae6ed,1
01da0d19,1
ca760afd,1
52732439,1
f390a2da,1
8d938c70,1
199cbc1b,1
2ef5c4ee,1
f5d70cbc,1
c084ea71,1
2b2c8147,1
9d64df0a,1
d3e5536c,1
2225a120,1
207dce01,1
6938af1c,1
de24ba3a,1
7a291f85,1
721b164c,1
4d990976,1
8a58cc2c,1
514ed879,1
0170053f,1
8a58cc2c,1
95d80c95,1
f8a4eb18,1
cd2a2e76,1
e438f093,1
5730a90f,1
4e27c298,1
588ae6ed,1
b3b0e5a1,1
098ee481,1
c0d5baff,1
0a390416,1
837053f4,1
461a8883,1
810f2238,1
b7bdf6b4,1
23beb251,1
a6979e2e,1
04a8795f,1
60fd79b0,1
cc39f365,1
147036e8,1
8c9f3ae9,1
b30d074e,1
69dee0c0,1
83fa47a4,1
1a167dce,1
d6c2e8e3,1
b3b0e5a1,1
a998fda6,1
99d133ec,1
a639f39c,1
72841c50,1
c3164e46,1
f23ad487,1
0170053f,1
43e485a6,1
91f1647d,1
047266fc,1
0285fe18,1
5e8ff52b,1
214d5471,1
549c1d8a,1
41151209,1
aad5547c,1
492e2abd,1
11a6a7f6,1
36f37cbc,1
31ba76e8,1
f3b1aad0,1
95bf6813,1
9e16486c,1
e0301469,1
41457b78,1
35369f9f,1
de89de61,1
c26ccda4,1
ab3060d8,1
52a7cb65,1
f0fcd544,1
e3f76db5,1
f6e23b02,1
7f370efa,1
f02d62c8,1
1370f838,1
a6de151e,1
0d9b301a,1
16e0d4c0,1
764e76e1,1
44324365,1
aa124f8b,1
730d6c31,1
c62f99ce,1
973129e7,1
0d7dd6a4,1
98cf5081,1
112db524,1
a552481c,1
5f0760a5,1
6d2fc842,1
ad2f1f0b,1
09c57f9c,1
67bd2148,1
eb0ceac6,1
c98fbfca,1
168c80db,1
152b08cb,1
affd6935,1
bf87d486,1
4dfbcdcc,1
9bcc8847,1
3332575d,1
5bc777df,1
57b222fb,1
550269ee,1
d9db6fac,1
4fc9e227,1
de8be8a1,1
92eec662,1
b9d4488f,1
4b40616d,1
588ae6ed,1
e4e71852,1
76dd7f37,1
52bf062d,1
8346ef9e,1
c04a8df0,1
cd2a2e76,1
617a3e3c,1
e9a2733a,1
62d7e270,1
bda55dd3,1
32b0361d,1
99c6fc07,1
b012a0cf,1
bd3548ca,1
29ac4215,1
8a06b2bb,1
6938af1c,1
b4e1f245,1
4c90100c,1
4e1aab7e,1
bd73bded,1
3060fbd7,1
0a3557a4,1
72637911,1
d2edc71b,1
d18302c9,1
5730a90f,1
9fb91936,1
03fe6ad2,1
d3abcd0d,1
f3f3323a,1
36f37cbc,1
9088211c,1
147036e8,1
36a1ecac,1
5f82888d,1
1552676b,1
8271587c,1
3f56112c,1
595b9ace,1
77f37d77,1
11fbe925,1
71a06bff,1
31ba76e8,1
86160987,1
1c2d9476,1
e3f2efd9,1
d25abc34,1
40c312ec,1
95bf6813,1
c429e71b,1
7322d965,1
115b3af0,1
8becaafd,1
228f3cdd,1
feb2b7d7,1
99fa56be,1
35621c2d,1
f8aceb89,1
27d78231,1
42e53941,1
e048d3c8,1
801e9cdf,1
154213e7,1
89869047,1
69042bec,1
796718c2,1
6eeb540f,1
8989d5e0,1
2f66ca47,1
03be007b,1
796718c2,1
d15e4a9a,1
c304e869,1
382d05df,1
56eb7168,1
06c86f1b,1
12b2c7ce,1
f3894887,1
3372af82,1
6d0c5abb,1
c7b92eac,1
aa0bed19,1
72279d9e,1
7e494391,1
f39e147d,1
feb2b7d7,1
e4d6c786,1
1fa78de1,1
179aa9d6,1
cc3cde8b,1
99f0fe16,1
85ad7a0f,1
6caab098,1
1b30bbef,1
08dc7f91,1
aff834a1,1
9103d364,1
3981301a,1
439236ef,1
c4d59282,1
77444183,1
56be4a99,1
0481e169,1
781d9f38,1
b7073d6d,1
95d80c95,1
8864a65b,1
92cbf3f1,1
4fdf705a,1
b31dccbc,1
348e0223,1
a0ad2c77,1
af9e2087,1
8404c810,1
673ba7bf,1
796718c2,1
c3af0092,1
8a58cc2c,1
60b5b73a,1
cb4377e9,1
d6ff03ba,1
b4e1f245,1
abd79081,1
ef75b14f,1
0170053f,1
1bcda488,1
9088211c,1
0ff95fd3,1
eea204f2,1
d0af5b27,1
98cf5081,1
4172ff61,1
e9ed8e44,1
d81db3f9,1
37b76105,1
61bab31b,1
5adba99a,1
a214c0fb,1
3c26e255,1
c9b91576,1
95b221a3,1
d2edc71b,1
afa0c6bf,1
8616ffff,1
81f6a41a,1
6938af1c,1
c0d5baff,1
17bef5cf,1
f26250bc,1
0e29b9bd,1
11b0f272,1
eb97a6fd,1
8455a2c6,1
c0d5baff,1
4db43f10,1
a7c77330,1
4a434cd2,1
23c066ff,1
36af92e3,1
ece9a0c2,1
478e9665,1
f75dd5df,1
89e5b06a,1
872e7bd2,1
b0c141f9,1
d03ba956,1
36c4287b,1
ef86c875,1
11ae7cd5,1
22de55d5,1
718a644f,1
6830664d,1
72112a9e,1
574b16a7,1
282da64d,1
bbe9bc78,1
70c5484e,1
02aec049,1
35bc121b,1
7c2aad1c,1
dbc55695,1
69203308,1
ca4be969,1
7af34538,1
56eb7168,1
3d62eb8b,1
3b2954fb,1
05f45553,1
9271fe5f,1
a4efd73d,1
fa361bee,1
d51245e8,1
d410a6e5,1
e1ad1670,1
8f71669a,1
c6a31b52,1
7070d87b,1
d329378b,1
ec7b7306,1
cb4377e9,1
50a8d3fa,1
2b11755b,1
2ce91c5d,1
d5f58fb7,1
5cf1c69e,1
f40107e4,1
fae571f8,1
c47fe513,1
6e359c1b,1
00fa3598,1
682b9bae,1
2f4c6683,1
b21e4101,1
461a8883,1
90c5f736,1
fea98638,1
29b8d3f1,1
30996570,1
59152d3d,1
b3b0e5a1,1
20ab0e84,1
4fdf705a,1
1d96a225,1
29ac4215,1
3dfad3a8,1
c2eee1dd,1
eaeaa548,1
ac1bd95d,1
7e343801,1
b2be6d3f,1
3440ffff,1
d2019b6d,1
abd50ed3,1
c35e69bc,1
4c9428ef,1
9b971d0d,1
2beb6d70,1
66836a2f,1
1b295855,1
b4934bbf,1
1a891625,1
874a1c82,1
34fd4de3,1
abd50ed3,1
ac1bd95d,1
191e6c22,1
fc62ab3c,1
d9a79905,1
7e35936f,1
485efbc0,1
07dc758a,1
29933815,1
e25cb68d,1
5df27323,1
e1ab0dbd,1
ac1bd95d,1
abef2471,1
36b6c581,1
48ee4537,1
881c904b,1
e499badf,1
c1929464,1
288fca8b,1
00ac920d,1
8f1e850f,1
bf082aab,1
f6f89eaf,1
983153ee,1
7884ae79,1
89dfb044,1
634361f6,1
ef7b738a,1
a339f19e,1
24dac2ea,1
d4cfc46f,1
abd50ed3,1
e499badf,1
e499badf,1
ca91c695,1
91802dda,1
01bf4cf6,1
34102b1e,1
8ab3f5be,1
89413318,1
b41b9702,1
ac1bd95d,1
9d49e05e,1
cae0c965,1
ddca7c81,1
9e1fcc49,1
8bac6041,1
191e6c22,1
25bc6c82,1
1f5b49f6,1
70ca504d,1
580caa7d,1
1cb21d02,1
7bbf1fca,1
088040d1,1
df5aa602,1
f859a7f9,1
55309ea8,1
ab779b63,1
f47fee9d,1
7a8bea50,1
b771d522,1
6daacc9d,1
a339f19e,1
2b73d328,1
7dcfde08,1
18daab8d,1
d0a9feb5,1
e66477b1,1
2610c0e6,1
7dcfde08,1
f4e2db6b,1
fa84a3ed,1
d594f838,1
29933815,1
c1929464,1
e499badf,1
5971870b,1
97a747e3,1
86785d93,1
b4934bbf,1
4e4a3b2b,1
dafdff96,1
59f8ca1e,1
ba2af3a2,1
46c5c906,1
36b6c581,1
cc0d1b6e,1
d5cd3c6d,1
4c6463d3,1
c5632330,1
b0651538,1
5b4a1b8f,1
d4912b49,1
9989aa81,1
7dcfde08,1
dbbefb22,1
c1cb5a02,1
e87712b9,1
5df27323,1
32157fcf,1
2c644d22,1
3440ffff,1
46c098c0,1
0c179446,1
d94e8974,1
e499badf,1
f8b118b5,1
191e6c22,1
7dcfde08,1
b771d522,1
7dcfde08,1
d316c6ba,1
569fbfbb,1
4f178912,1
1ba1fc35,1
0bc0aea7,1
7dab9429,1
4566367e,1
29933815,1
045e6195,1
090717f8,1
6ff29ebd,1
6cfddf7d,1
4f715dfd,1
3440ffff,1
2890bf08,1
509d4cdf,1
23d5eadb,1
8fa60414,1
6dc5d149,1
fa8991ae,1
e32ee0f9,1
7dcfde08,1
2271a1cc,1
21605ddc,1
7dcfde08,1
5df27323,1
dc68ee6b,1
05bb4533,1
01c6c1ac,1
52f058ba,1
3440ffff,1
c1ada37a,1
b4934bbf,1
e065e39c,1
0d05a7dd,1
e66ecd7e,1
b4934bbf,1
9a350223,1
1d6f652b,1
b9ee8e9c,1
c1168c52,1
97a747e3,1
191e6c22,1
b880b168,1
f7a5af29,1
c71b6e3a,1
7dcfde08,1
abc132b6,1
abd50ed3,1
eb783852,1
9248e082,1
640993f8,1
5df27323,1
a11e3afd,1
5afd714c,1
34f7bb1a,1
b4934bbf,1
b4934bbf,1
5df27323,1
4a331359,1
b771d522,1
29d73951,1
14125500,1
3d3d9ae7,1
a4900ba3,1
7e35936f,1
a6ee2af4,1
29b2abb0,1
07dc758a,1
95ee0856,1
2a9c524d,1
c1f15d73,1
6441e2a8,1
162a2d55,1
f67a8675,1
7dcfde08,1
f1bf7c5f,1
e499badf,1
0247d3f5,1
e499badf,1
ec38b983,1
885a66a8,1
4da74d35,1
a339f19e,1
36bcc67e,1
97a747e3,1
1770565a,1
3440ffff,1
227efdc6,1
81b38944,1
f1987982,1
d9a79905,1
191e6c22,1
e2ecd46f,1
29933815,1
da4549c2,1
86aab6e3,1
4c2f724e,1
529b2b2d,1
390bd035,1
8f6dd6e8,1
14dc4d37,1
ace63635,1
bc65b5e1,1
36e94ed5,1
5edd4096,1
4a184e0d,1
fc220132,1
75632b83,1
a0ca0833,1
b6ab2652,1
5dcc6f84,1
ca0149a9,1
7482fa6d,1
d4e44d20,1
36e94ed5,1
390bd035,1
6319294a,1
1d85676c,1
210d12da,1
e104c63f,1
16943738,1
22ef8d04,1
e35387a6,1
abfe85ef,1
64b7e7ed,1
7203f603,1
390bd035,1
4fb491d9,1
de703085,1
fab50e30,1
be2f9146,1
8bfec4f0,1
df83a179,1
11b87633,1
badfed36,1
5c50fc78,1
afa5cd58,1
6f445cc7,1
79082bcb,1
d276c74c,1
c08a7525,1
cd76c54c,1
a8cffbc3,1
f9ce9b5f,1
e3765af9,1
2b02ccde,1
36e94ed5,1
8bfec4f0,1
8bfec4f0,1
b3206284,1
8d6d73b4,1
379431a4,1
af2394a0,1
d9a5e412,1
e045f372,1
13d6f782,1
390bd035,1
52d53546,1
1bdac28b,1
0d2f71ee,1
12c5114a,1
a23a37e0,1
6319294a,1
5d11ab07,1
503813ba,1
070078ca,1
20a846a7,1
c571187c,1
a03c176f,1
b1582bf6,1
ceeb1d0d,1
f07eff7d,1
78e4f5ca,1
05b0d9cf,1
1e04790a,1
c655bb5c,1
71537064,1
4a021e40,1
f9ce9b5f,1
8266ec92,1
ad29dcb9,1
e84fcb1c,1
1d874875,1
2da1601c,1
dcaa2914,1
ad29dcb9,1
c01b2bed,1
846e3c2f,1
0698f6c8,1
e35387a6,1
df83a179,1
8bfec4f0,1
71eeb560,1
4673f951,1
58fdbf59,1
5dcc6f84,1
0a2e4ff6,1
af25dfe8,1
a4e380bc,1
bce00e13,1
b14ce2e6,1
de703085,1
d313f587,1
59381308,1
c86d9ded,1
06e5719a,1
5061d4c0,1
f7e2ec1e,1
548d04e0,1
050720a9,1
ad29dcb9,1
480ca7e4,1
480ca7e4,1
8cd0acec,1
6ae99d34,1
6ae99d34,1
95529b60,1
c3294801,1
6cf1719c,1
84941082,1
d386c169,1
f67fe6a4,1
670321a3,1
275dc547,1
7f8322e0,1
802b5fb6,1
adcf457b,1
dfa59342,1
149b8307,1
5050132f,1
ba5662d2,1
e4c2da52,1
9505beeb,1
99651757,1
1389501f,1
62743baa,1
86d39d2b,1
27ab0613,1
4d4f7b75,1
c69e9090,1
4a6e0754,1
14550500,1
b8f77c7e,1
98f13411,1
4471eeba,1
bfeae967,1
c3294801,1
44a0c023,1
3957f8e2,1
b39a2789,1
292b730b,1
7cd4145b,1
a67def12,1
368762bb,1
c550685d,1
c6ddbdde,1
8c50c895,1
c8af8cea,1
da85993a,1
7f9e37a0,1
59f68a1e,1
c3e5fd0d,1
177b1ae6,1
b4fb2027,1
3cdcc614,1
5e522322,1
c1f58383,1
7022a7dc,1
d99d9a47,1
b72596b6,1
c86470a9,1
3718bb87,1
600810a2,1
ebfaa5df,1
de031807,1
aa2469d3,1
f3220c94,1
f0edc9b0,1
853fa2a2,1
92e72503,1
dff6c0d1,1
4d87be6e,1
d0503beb,1
d8fe6d3e,1
ac12ef98,1
d95029de,1
4826dbff,1
c3cc4825,1
c3045994,1
8edb20cc,1
72c39fd0,1
4d4f7b75,1
70d3b77a,1
97017f77,1
b29bd48a,1
4eeb6077,1
5eb55662,1
f67fe6a4,1
b6d64ffa,1
8a47cec7,1
dd7eb829,1
7dfd654c,1
3d1a4048,1
564a0268,1
ecbeccfc,1
94c324ca,1
e506b5bb,1
50472809,1
65289caa,1
7b0c3b94,1
4f5dd716,1
e45ec6ab,1
8c50c895,1
bdda4d50,1
be82b74a,1
78e6011e,1
a721e45e,1
9cee124e,1
111903e4,1
800751df,1
4a5a89ea,1
72b559ec,1
cbad4411,1
c3294801,1
39613659,1
157698f2,1
c69e9090,1
6abdddf9,1
ae8c259b,1
26951e5c,1
81716991,1
2bfccbc4,1
e098a57d,1
ca98c2c8,1
e2439aec,1
6d5ba197,1
e8fcbfa2,1
9f0c7127,1
de031807,1
71264c3f,1
81aaf759,1
a7680274,1
01e62f4b,1
6bbca412,1
e4092c55,1
de4fdfe8,1
b23869f5,1
022b8416,1
c0e0c775,1
3e227c46,1
26951e5c,1
35802e7b,1
7a5e30b5,1
db9f6914,1
2cc2bba3,1
cf3acfc6,1
1a2bf4fa,1
f7dbac9d,1
8da4612c,1
370d6b90,1
91c224b0,1
0594a391,1
8127f257,1
78b6fa5f,1
7ffd191a,1
cb1b107d,1
d08be954,1
824809c3,1
cb20596c,1
daae18ff,1
735e993e,1
d89d4b0e,1
e8b178dc,1
58081618,1
6b58b030,1
2ca4971f,1
b23f79f4,1
29734ef6,1
26cd985b,1
e9ef7019,1
02db3053,1
5900ce8d,1
4d79812b,1
2e3256b3,1
8c50c895,1
a40fc8ff,1
0e420266,1
e3bc0beb,1
069611a1,1
93655ad6,1
b2374ffe,1
ae712991,1
de031807,1
dd3ee72c,1
2a8378ae,1
625611bd,1
5c1636c9,1
16b7b6d7,1
93deff57,1
8c05071b,1
dc27f577,1
21a8142b,1
01ebfbdb,1
798fdb33,1
83e87199,1
cee30939,1
5c1636c9,1
0eae2a1f,1
21b93738,1
d1d8d655,1
9a8c16ac,1
2585d551,1
0f76c6e3,1
789e3709,1
d1c7d3b5,1
29e9d920,1
5c1636c9,1
3cdcc614,1
4d4f7b75,1
e9242f97,1
d5190396,1
d0901adb,1
ff24d06e,1
b5caead0,1
148198e2,1
d33b7e42,1
c860e608,1
29b0b1b5,1
1319b3f4,1
8c964974,1
cc91dc1b,1
a58e13de,1
789e3709,1
cc91dc1b,1
0022ce19,1
10f8d52a,1
ae712991,1
46581ba4,1
2e44932d,1
e38d5d32,1
adb680d7,1
14e64303,1
f67a1a32,1
a1824967,1
713e045b,1
9b65a88c,1
65961b0c,1
45258f7a,1
a7680274,1
96ddb542,1
4d76a07a,1
8da44b26,1
b33b33f9,1
ec375d04,1
90e86db7,1
7377749e,1
037c065f,1
d5763ded,1
e6b90bd3,1
e8b7a128,1
78791c72,1
6d96c17b,1
a50ec2f8,1
62c4c7bd,1
cf8e9938,1
e3acf53b,1
d59a7545,1
cb1b107d,1
0fb801ae,1
e5b3e2c1,1
71264c3f,1
fea299bf,1
0f6e845e,1
735e993e,1
0063041e,1
991b4ced,1
7022a7dc,1
da9a9320,1
a075b7d8,1
7022a7dc,1
6b14edf0,1
132d22c9,1
0c44f59f,1
fc8ec7ec,1
d6b5ef06,1
81ca1962,1
66f85d4f,1
73bf0715,1
1ecc22ae,1
b0de60f6,1
c9e93b8f,1
1a23ce91,1
8d65b28c,1
96a0afe1,1
3df5f9f2,1
643bb06f,1
98f9399e,1
4c7682f0,1
bb885728,1
d62a98fc,1
43885eaf,1
8c1c90f5,1
b08cd14c,1
97de1a75,1
f1ee01e7,1
5380378f,1
5a678c75,1
6fed7003,1
3515c282,1
4feb1f1e,1
91090155,1
00fe5ec8,1
5c1636c9,1
2c152e81,1
1a70fbcd,1
aec25804,1
dc00b5bb,1
a2055cf3,1
0dce7153,1
2d6beb1a,1
727f1e30,1
735e993e,1
580fb5db,1
fe5dabfd,1
c6023e4f,1
789e3709,1
6b34e4a4,1
de031807,1
5978f113,1
7cdd694d,1
7f7cc9d2,1
045f988c,1
f7aea5ff,1
6b036a9d,1
ea2fb6f2,1
2ec316a2,1
2ccb2577,1
4f84b066,1
c69e9090,1
aa94a545,1
390f5e5d,1
c47d37b8,1
8c50c895,1
c163967b,1
50f4b5fb,1
f234a224,1
d0a172c5,1
26bc468b,1
abf04c3c,1
d6b65601,1
134b7d91,1
9b6ccc1f,1
a7680274,1
c69e9090,1
d1cb1acc,1
2e165a82,1
e8e500b7,1
ec8e5f65,1
448f605e,1
258c1c20,1
dd3830a1,1
f7aea5ff,1
85b7e10b,1
38f0d0af,1
be346b8b,1
46cdbe5f,1
735e993e,1
a7680274,1
b6bcfa80,1
02b9a37b,1
9cb9ed78,1
ad8d5b50,1
4383ac4c,1
d5763ded,1
839dda04,1
d47177a3,1
66c8df2d,1
601eac07,1
119872b5,1
6d079878,1
fb01807e,1
78f2c944,1
74c9f5ae,1
a327d467,1
fdae6af6,1
a10c339e,1
e4c2da52,1
49f4f30a,1
966c0511,1
3161531b,1
e4c2da52,1
8127f257,1
2c599c72,1
a7680274,1
f52f8987,1
857e777b,1
440f5929,1
39abf1ef,1
5882c848,1
0cdfefca,1
789e3709,1
5e3e425e,1
bd5db90c,1
36261925,1
77473679,1
173f76e7,1
0ad05e2a,1
735e993e,1
f00032ea,1
b55ec6b8,1
0587fa64,1
645c1949,1
8c6b412e,1
71af8963,1
8a846a98,1
ff0f8ae0,1
fbc4bd16,1
ed765913,1
2e75a84a,1
e4c2da52,1
ab03818d,1
dbac6472,1
f67fe6a4,1
4d4f7b75,1
c2436345,1
6812c189,1
7734b444,1
19e48ccc,1
cc91dc1b,1
bf33019c,1
ae241bfb,1
e4c2da52,1
69d3bef5,1
8d3d54c3,1
13660eaf,1
22f4a5e3,1
be0897f5,1
e662d1eb,1
68f4495d,1
15dcefc9,1
7b259d99,1
705cd8eb,1
59ff81e4,1
0133c947,1
bf114a43,1
f3df9b9f,1
aa8bb797,1
72a0ad1f,1
1d684795,1
527d0520,1
644ab069,1
9ea52455,1
279606ca,1
7f0a0f71,1
1e8a02bf,1
056794c6,1
35851e2a,1
4cd012c5,1
72fe66a4,1
f72120d6,1
36760128,1
4dfc188b,1
ba9ee08a,1
8b865d76,1
8659f40f,1
052bc41e,1
842e0eab,1
a5713e43,1
be017499,1
4fc38cf9,1
546b0dc4,1
1389501f,1
d4db1799,1
c40519c1,1
7ab4d760,1
7567e1a1,1
7f3301bc,1
4d4f7b75,1
a4fba897,1
133e2bdd,1
ca961b14,1
271548f4,1
e57ba188,1
14a544a0,1
57a515ca,1
1cd59b63,1
f8943f7f,1
8392b1d7,1
3aa1ec81,1
ad349d23,1
989b347c,1
f7aea5ff,1
186f16f5,1
ad062438,1
73419e02,1
a7680274,1
c6988a80,1
fb6e35a9,1
6a9d03ec,1
1046f6f5,1
a07bc348,1
05a7ede0,1
75e1e638,1
ee660705,1
26951e5c,1
f2a1d984,1
c26e2126,1
b1c169ae,1
bcdad3b2,1
fb33fb01,1
d65fefd3,1
98198a6d,1
6ec1d5ac,1
e4c2da52,1
c4f9b633,1
53834ddc,1
ec2c55a0,1
94dae28b,1
275dc547,1
f0c22a58,1
dbd42f4f,1
9dc28030,1
bca5f8b4,1
aed3e604,1
a85d89d3,1
4b7dbb01,1
9bf8bd1d,1
6b6defc8,1
9527ef1d,1
f7774022,1
1e265f4a,1
7600ee7e,1
2d6beb1a,1
fbc95676,1
ada379ff,1
facb96b5,1
5875cf16,1
baeb5174,1
96f287c1,1
b20937c6,1
3095389a,1
737654c5,1
3f992886,1
fdd56aef,1
da914495,1
2590660d,1
9829cec1,1
f02e3439,1
6a5a6265,1
8e12d0e4,1
44f3567e,1
6bdaf80f,1
d8ee359a,1
5477bc28,1
1727da6f,1
6272e31b,1
e4c2da52,1
c47d37b8,1
e6b90bd3,1
3fcde606,1
ae712991,1
1ee359bf,1
ec8919b1,1
e29c59b9,1
c3164406,1
93a04a5f,1
aceef91c,1
7f8dd6c2,1
43473012,1
ae2556d0,1
dde4d0a7,1
53945630,1
c31b3c4b,1
26951e5c,1
17d9f086,1
6d747304,1
a1b58fa2,1
473b9b33,1
ab1b4bd0,1
7022a7dc,1
8ea3f599,1
c72da3e5,1
d5763ded,1
31a106b3,1
3048b21f,1
789e3709,1
393b57b6,1
51fd8e18,1
0ff13935,1
7c7460b3,1
16a6cbcd,1
e39646df,1
e5a0bb8f,1
05ab36de,1
3bcf07f3,1
7e79533e,1
7d55c997,1
735e993e,1
c1e846fb,1
2d6beb1a,1
0662f5ca,1
b2527ba5,1
76d420bc,1
967d5ca5,1
08e3ecbc,1
fedf978c,1
bfa7e95b,1
e3af7e8f,1
f600e526,1
ca9dd74a,1
7ace003f,1
4e1bcfa0,1
a4173b60,1
e17dea94,1
66905a5a,1
f8468782,1
e3acf53b,1
cc6580e6,1
f21c6048,1
c9e93b8f,1
26c7eb79,1
870fa0ce,1
93e787a2,1
c866edc9,1
5c1636c9,1
8627eebb,1
138b4fab,1
564e1988,1
c9929cc6,1
50d1e259,1
e4e7a6ba,1
c29356b3,1
eaa471ce,1
1d88da50,1
240c3fb7,1
5da6ad4e,1
4b13640b,1
222f72be,1
a7cc0530,1
63ca5d29,1
091bf07a,1
ee36fbc0,1
52f19588,1
7f1330a6,1
2d6beb1a,1
b20a0769,1
c9e93b8f,1
f7aea5ff,1
4f2af15f,1
1e145ad6,1
db9423b5,1
362a6dbd,1
2fde4094,1
e4c2da52,1
fe034ed3,1
94849bf3,1
243a842a,1
cebc4f30,1
da61acde,1
3fc96ba1,1
0449ee80,1
aa0bd103,1
f1722311,1
68a518fc,1
015d28b8,1
0b9b4d83,1
708d7933,1
e4c2da52,1
83e48679,1
ed1f9ef8,1
c1fcd7e6,1
36079eb8,1
5bd649d2,1
10598db4,1
3e46d763,1
32e794a7,1
cd1950c6,1
f7aea5ff,1
c5ed0c8c,1
718c2624,1
5716e447,1
60396eb2,1
3eb4c5ca,1
6f159fac,1
6e0ac14d,1
30bcf28c,1
5d66828b,1
83aa2c7b,1
a7680274,1
0870b38a,1
3320f77b,1
7e00ec54,1
5fd53457,1
ccd50ce7,1
21da0a2c,1
15683207,1
e216e041,1
70ab0081,1
f1ec5bd2,1
4e157aee,1
fc20ab3b,1
789e3709,1
4dbae795,1
b68841f2,1
89cc47e1,1
0b8fb917,1
acfe9eb2,1
732da1d6,1
936cbb29,1
1d444e3e,1
b647f16f,1
7eb67f9d,1
e27243f9,1
d5763ded,1
148dd564,1
0b7eb051,1
67c810eb,1
db0e2969,1
91f32d54,1
11100884,1
14f027d0,1
331f1071,1
f7aea5ff,1
c3e8da3b,1
cc91dc1b,1
475547e0,1
f41cddc7,1
0264beb1,1
1da5e42b,1
19267880,1
523d726b,1
746af07c,1
3b677755,1
f13a14fa,1
539dcfd3,1
86d39d2b,1
a774d411,1
789e3709,1
5aca7cf3,1
e216e041,1
bb25394b,1
dbbf7774,1
e4c2da52,1
e72b72a6,1
43126917,1
d5763ded,1
c3a9b730,1
ae712991,1
82c1f034,1
0945938e,1
a8729105,1
d3ed57ac,1
dfdf4aa7,1
4826dbff,1
65301384,1
903f1e5f,1
37eeaac4,1
02dc0329,1
81c206e8,1
94a17a2d,1
69029098,1
c212f273,1
49484479,1
dde26e90,1
a5708953,1
f20d301d,1
6d2cf4fd,1
19220653,1
3044f86e,1
a774d411,1
3395fdab,1
bd3df649,1
e8724cd1,1
96281132,1
76315e59,1
458a60c6,1
435d0b6c,1
a448cae1,1
da9ba8bc,1
78e853f1,1
1a739909,1
8fe32bc3,1
7237eb4a,1
fa64df59,1
1c454383,1
a82ea0cc,1
33efa32e,1
cf4bf4f7,1
5c1708b8,1
8c50c895,1
1b477cff,1
da40f711,1
8c50c895,1
9315dd2a,1
0418288d,1
6077d2ba,1
f7aea5ff,1
159f9ae3,1
ef34bfd9,1
1e81cbd1,1
4dda3a53,1
2737c835,1
5cd4047d,1
f3167285,1
ce6ce833,1
833e6ee1,1
0a526edb,1
4e82d571,1
2015f9c3,1
cca67d1a,1
6c86df34,1
df908fc4,1
c69e9090,1
1bfe8896,1
042a4bfe,1
c4275369,1
729d2138,1
212aa3ee,1
8127f257,1
09abb0ab,1
857aea2c,1
3a365c4a,1
0f4f0063,1
60e5fea8,1
b1b57098,1
d3be5e8d,1
7bc73ad1,1
d0d75562,1
de031807,1
2cf19870,1
ef3507ac,1
20f1c4c7,1
d51196e1,1
94adb740,1
32e15424,1
0ca33524,1
c7b74d38,1
fac25674,1
8ce5fde1,1
daf6f0af,1
e14d32af,1
689017cd,1
2a6f1d10,1
2d6beb1a,1
0a721fdb,1
e9031fc3,1
1a9982a4,1
43200e22,1
89a0a114,1
0eba91ac,1
a27e53ac,1
59d9b65d,1
cfdec80d,1
de031807,1
3e8a2e51,1
1c52df48,1
cb7f34ee,1
4608bce6,1
3cdcc614,1
f7491172,1
4d4f7b75,1
cc91dc1b,1
76f420eb,1
4842a5b3,1
5b297538,1
6f7982fa,1
eaac78d9,1
1ab3c409,1
b0baa8f4,1
e216e041,1
fe46cf3d,1
14bb675a,1
8127f257,1
e3348290,1
a59619ed,1
c703b650,1
1453c046,1
3696b718,1
986cdebb,1
25d0dc18,1
c827b010,1
a719594b,1
17565ea2,1
455a9294,1
74a3151a,1
a23906cc,1
66da362e,1
b09d8c4e,1
64628e3d,1
c596abcb,1
40eab4a4,1
83fef704,1
57b38c9a,1
c259dc54,1
f7aea5ff,1
e4dd3435,1
64ba56a5,1
1af5b5b0,1
5ab9a19b,1
1ecfa234,1
5fd53457,1
53bd57a7,1
51b87464,1
1c454383,1
04d0fbfb,1
26083950,1
5faa97fb,1
51950175,1
c233ddbc,1
7cfaaffe,1
d6b6aa9c,1
cb2121ce,1
66e9140d,1
8bccd330,1
0b30eebe,1
e542932d,1
29727e88,1
789e3709,1
e91f27b6,1
e9973ced,1
a774d411,1
203f555a,1
e3221a06,1
17f8c2c1,1
ae8b2f55,1
6d38b79d,1
c6511cfc,1
e4c2da52,1
d5ec7fc3,1
9e9bc577,1
81872c4b,1
1a2f9cf0,1
c8e2439c,1
0496db6e,1
92d58ec7,1
d5763ded,1
a774d411,1
986dbedb,1
a39e0871,1
a826b1af,1
39dd9263,1
eec27b4f,1
4911bf26,1
86240e7c,1
6c345cf5,1
a027a38b,1
7c2c944a,1
c27bb24b,1
52d7ad55,1
1f5069ea,1
32e9b205,1
3e3c1f35,1
acbb640b,1
789e3709,1
c3294801,1
8a25f1b3,1
9af05cef,1
96d9f40c,1
582dad4a,1
d3ff8a6f,1
0b73dc3c,1
26951e5c,1
b8566830,1
88a8c16a,1
ff4dfd45,1
cc91dc1b,1
ae815d67,1
5ef3f6de,1
c430c6b5,1
7ff511ab,1
ca700d35,1
fd0b04c5,1
f0ba5122,1
4f1948a3,1
1750657f,1
217b6ad3,1
1b6b3804,1
1d849eb8,1
1389501f,1
f6b20855,1
02d6abd1,1
2ca4971f,1
645b4aae,1
4b3df074,1
729e32a8,1
e32ad282,1
68396825,1
e4959b51,1
f7aea5ff,1
ed2a9f22,1
608ef370,1
1af63ba8,1
199ecfac,1
abe4d8ec,1
5019aeb4,1
69a7238a,1
f400cbda,1
36fc6086,1
a84a4bd0,1
2a8b6368,1
9d315863,1
a7680274,1
9bb9710b,1
c3294801,1
8de74c0d,1
65589d46,1
9d73ea37,1
a7680274,1
7f954b6f,1
2ac2918d,1
5c1636c9,1
bb852970,1
cc91dc1b,1
2ee4560d,1
77060491,1
4f32d97d,1
54cf407a,1
dde8ff0f,1
0d184452,1
d3b91bc5,1
7a13ee44,1
3cc20488,1
b745a686,1
2091c549,1
9b2006ff,1
89399889,1
8c50c895,1
9309c737,1
a7680274,1
e7cbfa05,1
3ecc38c9,1
fca0a2ff,1
305c151f,1
1389501f,1
f942e23a,1
6f19237a,1
13458314,1
458e2ed1,1
d6dd5a21,1
8c964974,1
8aa0a9e4,1
93b7a98b,1
d35d10a5,1
25fe4ad4,1
993c7d21,1
d0111322,1
fd01fdb0,1
4f27b15f,1
1389501f,1
c5846af9,1
85c46f2d,1
86dd2dfd,1
b54fa77e,1
2dced7b5,1
07db2f26,1
13772dee,1
a94f8a3f,1
70e4791f,1
4f4d63ff,1
f62fedd9,1
39288354,1
cd292013,1
2d6beb1a,1
36261925,1
e7c9a3f8,1
053016bc,1
4be8ddd4,1
2b95d414,1
273b5755,1
7d259f40,1
39f692d8,1
644abb9b,1
afc8f76b,1
40dabb87,1
845e9c82,1
dff7168f,1
34763a15,1
35852f22,1
b1ca1d03,1
cc91dc1b,1
704dd919,1
d84ac750,1
c7c52019,1
80baeeff,1
f67fe6a4,1
cb5015f3,1
50eca61f,1
98953114,1
275dc547,1
e4c2da52,1
e17ed768,1
6d1935f5,1
a9d99b3e,1
d425e333,1
1451c0b8,1
c1100f03,1
8127f257,1
91aa1916,1
495bda27,1
b9ca5497,1
af1fa9ee,1
2fd0b5b8,1
16fb2f11,1
6801097e,1
4b6bc45f,1
f6864eaa,1
3b9d4c5d,1
34eb5873,1
3e8d18bf,1
e3acf53b,1
ae241bfb,1
cb7f675f,1
9bf29ddc,1
002bf77f,1
ea617a8f,1
29e002ef,1
dd8ee68a,1
534ae93c,1
a66424ff,1
07a30f98,1
18502e91,1
002372f1,1
02e28a2a,1
424c2d86,1
e48f48d6,1
894ca05b,1
2c7b54ed,1
49397fb9,1
db9423b5,1
cc91dc1b,1
ef6e93b0,1
ae712991,1
04b0c28b,1
8a3e0dcb,1
8eaa65b5,1
0d662184,1
47d9bcea,1
f7aea5ff,1
c180da7b,1
2d6beb1a,1
789e3709,1
a237b6db,1
6afe2669,1
04709060,1
5fd2604a,1
1a4bbfd1,1
85bf67f9,1
fa82bf47,1
1e413e31,1
0db83672,1
a690e92b,1
eb732c24,1
6d5d8d18,1
65ef86ec,1
6372fd80,1
cb1efbf7,1
61ed4788,1
bdb2fab7,1
efccb4f6,1
d09ada71,1
ddf19205,1
72218633,1
37008464,1
ac70067a,1
86d98123,1
395d1204,1
d67722f4,1
d1bd7ba3,1
619c7b42,1
de70ea24,1
0c8fa044,1
6afe2669,1
0b1bbef1,1
57229032,1
df359cc6,1
e6192df1,1
cac6c229,1
373ebc6b,1
fa2368e3,1
b8c30f92,1
69a43f3c,1
3b8ebb33,1
edface0c,1
70fcb6be,1
7c0da163,1
a253cefe,1
2a8d9bf5,1
a030476f,1
e40ce630,1
73156a94,1
743c0958,1
65ad743d,1
29eb4c79,1
11b0c84a,1
91cdf84e,1
f5dd8ba8,1
929b3237,1
d1a5d9e7,1
adcdbe65,1
2dd9ec88,1
99fd1c88,1
cc597456,1
8750c8e8,1
464b738f,1
e952bba2,1
32dcb8fe,1
8f128618,1
5eff1334,1
6b52cf9f,1
5f6e3388,1
0fa7b989,1
70e62af0,1
e0379149,1
dc7a901a,1
5eb65d6b,1
c566c0ac,1
ac70067a,1
dba6b938,1
4ff1ea55,1
e6a54e1b,1
33cd330b,1
86cf0c78,1
85bf67f9,1
9360d8dd,1
f984f9da,1
66b853d7,1
741fe4a6,1
68654d78,1
f111fd9b,1
2f6bbc24,1
3be30c2d,1
b859917d,1
1b989ac8,1
b1c880cc,1
6db8d081,1
c3fc3416,1
c21eaf74,1
3b8ebb33,1
7f0d5be1,1
3f61c093,1
3aed8c64,1
7ebec662,1
8b430720,1
6af23889,1
157fbe46,1
aa6f3825,1
a5a27952,1
3c552f2f,1
6afe2669,1
62be1afa,1
e06167b3,1
86d98123,1
20926e2c,1
5f813e2b,1
a4914487,1
6187f520,1
b0df96fb,1
9fe4fbc3,1
686edd22,1
642a857c,1
823961da,1
91e8c8ea,1
5d904407,1
2dd9ec88,1
42f9ffb3,1
254aa6bc,1
34057241,1
dc333c4c,1
875f6c3d,1
2bf12927,1
a04614ae,1
b23a44f6,1
9516db5b,1
60521839,1
ab92566e,1
a4914487,1
b2ae3e20,1
a6aa133a,1
a02ddfae,1
0a861554,1
c6399faa,1
20ead7af,1
7547bbef,1
de7bcad3,1
3fde8300,1
81b4fd40,1
80881770,1
3bfd49f4,1
7bbc62a2,1
026227c8,1
e0d72b30,1
9a80d347,1
34df6ba1,1
914ca936,1
66b18592,1
1d6c0014,1
6a47252f,1
84887b16,1
d92cd2d0,1
0e438e5d,1
7b2fa45d,1
b7209a39,1
d8d2a584,1
eba065f8,1
2cc2645e,1
635ce994,1
9c4a3068,1
0c05c4bb,1
09ca79f7,1
3b8ebb33,1
193075e3,1
2eb35108,1
7740f9d1,1
33fd68b6,1
817e1d2d,1
8c6d9c3d,1
a9742c31,1
2dd9ec88,1
983d40de,1
facd3c03,1
fa38cab2,1
b16a0319,1
b8053eac,1
c0352daa,1
9def99a1,1
14fd4135,1
03350757,1
02c01a7d,1
b9fab00b,1
fe7df7a5,1
38063710,1
b16a0319,1
540d85f7,1
52f8a3f0,1
ddf8ab4a,1
4fc722d4,1
711bbbc0,1
ab2675e9,1
42842258,1
5d7212bf,1
4d718cc1,1
b16a0319,1
73156a94,1
ac70067a,1
3ae12d7e,1
39b0ee7a,1
4b1a89da,1
874752c5,1
132e01da,1
ab06a8b1,1
6831b328,1
dec65577,1
feed0ff6,1
00231e9c,1
1050f7b7,1
0c483796,1
a5efaaa6,1
42842258,1
0c483796,1
45f7b8ac,1
bdfedff6,1
a9742c31,1
cc619973,1
640f9af6,1
bc26d8c5,1
622f2303,1
b51330b2,1
71a69c3d,1
71add1ce,1
2104fa6e,1
91e9647c,1
1f3e0e19,1
a4fcb909,1
34057241,1
479cb706,1
572e5b03,1
86ba8a00,1
c5752fda,1
9644be60,1
08bdb1cf,1
7beb3725,1
47fdd024,1
9cf3b480,1
9a91272a,1
1074e5b1,1
c323d88b,1
17765116,1
25d9c9f0,1
dfa04578,1
ac39b7b7,1
652f823e,1
8987bcfa,1
e0d72b30,1
9a90869c,1
bfb470f6,1
42f9ffb3,1
0e6c1072,1
dac104a4,1
1d6c0014,1
73bca5c8,1
ac564e23,1
29eb4c79,1
506e806e,1
cab7f81a,1
29eb4c79,1
7d36110a,1
20fe2287,1
f88ba182,1
d9708d64,1
3e8d460a,1
924c920a,1
e7c23c26,1
2a5b4fac,1
3c41bb9c,1
90d19845,1
63dcb857,1
14ba3592,1
73b01987,1
a854a2b3,1
5d327b14,1
f71ceeaa,1
f2d66b43,1
68c21b6c,1
280afac7,1
c349fd37,1
0ff01c6d,1
021347ba,1
5f96e551,1
79aea61b,1
9bfa75a4,1
73a0044f,1
8c5b814e,1
753ca9b5,1
bb68d7bc,1
93564c7d,1
7ac07a29,1
9f6dfa0c,1
b16a0319,1
db261b3d,1
fc9ca2d9,1
f4280816,1
1998fc0f,1
bf8bc294,1
6eac901f,1
3f405cd9,1
e7eae90b,1
1d6c0014,1
8b192fba,1
17d977cd,1
458c5e42,1
42842258,1
ae5c2214,1
2dd9ec88,1
19ea2814,1
7f113714,1
df1713a3,1
eac2c0f8,1
7aebf42c,1
c91c99d3,1
3abb8eed,1
87b5edbb,1
938d1f70,1
86d98123,1
3ddcad54,1
530d9e52,1
318ae311,1
3b8ebb33,1
d9b192fb,1
c7ef1a25,1
e06f065c,1
3bcea213,1
1ba47b29,1
51f21ead,1
89eb9d9f,1
dbe5b4d2,1
c325f21e,1
34057241,1
86d98123,1
b2aee705,1
3368e5d6,1
09b3a278,1
1b92eebe,1
36d6cf50,1
f64dfddc,1
33dd733e,1
aaee737e,1
31cc846f,1
07864b85,1
6781578f,1
1d6c0014,1
34057241,1
800b32bb,1
1a4b0d70,1
54eedfe4,1
3c05c826,1
0ae1d0a0,1
9cf3b480,1
dc0db64f,1
21bd8c13,1
95400738,1
95e16cec,1
1d81d34a,1
dc53f67a,1
47482297,1
bf9710b6,1
62ba5824,1
cb7878ce,1
1e6eb8d2,1
25502d3a,1
61ed4788,1
96cd9c52,1
65a9792c,1
aba3849b,1
61ed4788,1
3bfd49f4,1
deb628ca,1
34057241,1
236dc948,1
5266cf5f,1
1a3d7292,1
77766acd,1
da7515be,1
1e9e3451,1
42842258,1
6c9e33ed,1
b1496693,1
8a8b03a3,1
0fdfb6e3,1
c7ca8fb1,1
1d6c0014,1
0cb6156e,1
ce99cd2a,1
244df51b,1
3a42ee8f,1
b86d080f,1
78de10b2,1
40075423,1
8b814e11,1
61c1dd30,1
40333598,1
c350aeba,1
61ed4788,1
81d8eaf2,1
06c88ac9,1
85bf67f9,1
ac70067a,1
b708f888,1
f3d652d8,1
5262df1d,1
de6bbdaa,1
0c483796,1
3e79f9e6,1
3e045720,1
61ed4788,1
2528a0a3,1
46842058,1
59c057f4,1
eda48c96,1
342e07a4,1
f611b034,1
f096a1f6,1
79ab9900,1
dee9a452,1
b51da048,1
aeb384a0,1
94ed6dae,1
8373d470,1
91f8a3ba,1
2fab6ac1,1
ff95a789,1
742d8e2a,1
f892d57d,1
f7adb9f1,1
4532146a,1
8efb77b6,1
ebffb814,1
4faafc59,1
5767d49a,1
520e6f97,1
7a6b0da6,1
7b80de3a,1
61b9bbbc,1
7005a602,1
beaf519d,1
2e65ed18,1
7613e1f6,1
004c52f9,1
23600608,1
13d5b213,1
546ab221,1
30593853,1
7513a758,1
bb0add9c,1
d09ada71,1
998cf679,1
35c7ceb0,1
1c2a39d6,1
f0fcd3f9,1
7fcc6081,1
ac70067a,1
28aae391,1
79e5dffc,1
92260bf8,1
81355eaa,1
5ec20bb4,1
f4f1a25a,1
c86e6317,1
c2a0549b,1
8bbbd0a4,1
a473c2ae,1
086cb0b6,1
88acb639,1
b720d604,1
0b42d0ac,1
f5df6906,1
f32d5934,1
34057241,1
1f2761e7,1
a8e1a314,1
79a62494,1
ba2b5c60,1
4fdaa05f,1
77873d29,1
1ca7032d,1
2c7e40e0,1
a4914487,1
54cd3110,1
10edab17,1
2e917d59,1
57147c3c,1
a1e3c995,1
21f907d3,1
12bfee28,1
234fa8c2,1
61ed4788,1
d517f789,1
cd458e26,1
bc006266,1
cf60c581,1
1e413e31,1
bb26fbca,1
ba83562e,1
b3a56912,1
25b9e821,1
057367bf,1
a0caac91,1
e41e595b,1
ac5797cf,1
54b43682,1
1330e9b2,1
10032cd1,1
c1dd3664,1
081ff792,1
3f405cd9,1
cdefb5d4,1
91138023,1
a603f475,1
a5f42129,1
c2297c87,1
eecb46d2,1
1bca4be9,1
16eef669,1
f5c462a5,1
b74016b0,1
9601c61e,1
1980987a,1
8532f888,1
d1ea0f36,1
5c816001,1
88741b25,1
61443ebe,1
b982576f,1
8048feb3,1
50fe5aa7,1
b860a6f3,1
4a261b11,1
923248a1,1
61ed4788,1
318ae311,1
9a91272a,1
c809495c,1
a9742c31,1
5d04baca,1
eae9fe52,1
6ac6c8ee,1
30568d26,1
8bc3e3c6,1
79469fbc,1
906c8e13,1
d2f1d630,1
6a5d8b87,1
5ec4dcac,1
c55b2785,1
78bced79,1
a4914487,1
d67acee2,1
1ba8c122,1
214c5c51,1
60c3ed3b,1
5c118314,1
29eb4c79,1
ce59b94b,1
0ff15dec,1
9cf3b480,1
4dd845a4,1
4512fd35,1
42842258,1
7297b16d,1
2af2f837,1
2e72f1df,1
936d302f,1
3f88c80d,1
b0783ebb,1
722776be,1
dd239d88,1
00abf6c5,1
fa6a16fa,1
fe4b8275,1
1d6c0014,1
da30dfc2,1
3f405cd9,1
6a806eeb,1
28af9a14,1
917027a4,1
f97d7db3,1
41214e6b,1
5ec6a7ca,1
4182b806,1
dcef638c,1
c026c892,1
e984cff9,1
021c2083,1
8d20d8f2,1
895a5e4e,1
06d0bedd,1
e18b2775,1
